gate	Gate	﻿2026-10-03T05:32:51.0881893Z ##[group]Run npm run gate
gate	Gate	2026-10-03T05:32:51.0882323Z ^[[36;1mnpm run gate^[[0m
gate	Gate	2026-10-03T05:32:51.0954316Z shell: /usr/bin/bash -e {0}
gate	Gate	2026-10-03T05:32:51.0954615Z ##[endgroup]
gate	Gate	2026-10-03T05:32:51.2036526Z 
gate	Gate	2026-10-03T05:32:51.2037509Z > starship-simulator-v2@0.1.0 gate
gate	Gate	2026-10-03T05:32:51.2039387Z > npm run lint && npm run build && npm run test && npm run coverage && E2E_SKIP_BUILD=1 npm run test:e2e && E2E_SKIP_BUILD=1 npm run test:deploy
gate	Gate	2026-10-03T05:32:51.2040474Z 
gate	Gate	2026-10-03T05:32:51.3130371Z 
gate	Gate	2026-10-03T05:32:51.3131390Z > starship-simulator-v2@0.1.0 lint
gate	Gate	2026-10-03T05:32:51.3132189Z > eslint .
gate	Gate	2026-10-03T05:32:51.3132527Z 
gate	Gate	2026-10-03T05:33:01.0800932Z 
gate	Gate	2026-10-03T05:33:01.0801648Z > starship-simulator-v2@0.1.0 build
gate	Gate	2026-10-03T05:33:01.0803109Z > tsc -b tsconfig.kit.json && tsc --noEmit -p tsconfig.json && node scripts/check-design-contract.mjs && node scripts/check-ui-contract.mjs && vite build && node scripts/build-sw.mjs dist && node scripts/check-budget.mjs && node scripts/check-entry-graph.mjs dist
gate	Gate	2026-10-03T05:33:01.0804122Z 
gate	Gate	2026-10-03T05:33:10.2966953Z design contract: ok (11 rules, self-test passed)
gate	Gate	2026-10-03T05:33:10.3352497Z copy contract: ok (9 rules, self-test passed)
gate	Gate	2026-10-03T05:33:10.6795544Z ^[[36mvite v8.2.2 ^[[32mbuilding client environment for production...^[[36m^[[39m
gate	Gate	2026-10-03T05:33:10.6911122Z transforming...
gate	Gate	2026-10-03T05:33:11.4229293Z ✓ 2502 modules transformed.
gate	Gate	2026-10-03T05:33:11.4949796Z rendering chunks...
gate	Gate	2026-10-03T05:33:11.9974423Z computing gzip size...
gate	Gate	2026-10-03T05:33:12.0130179Z dist/index.html                                     2.35 kB │ gzip:   0.95 kB
gate	Gate	2026-10-03T05:33:12.0131096Z dist/assets/InterTight-SemiBold-DJfiTN08.woff2     11.10 kB
gate	Gate	2026-10-03T05:33:12.0131892Z dist/assets/Inter-Regular-BVdEcXjD.woff2           12.00 kB
gate	Gate	2026-10-03T05:33:12.0132396Z dist/assets/Inter-SemiBold-DlULF7c_.woff2          12.46 kB
gate	Gate	2026-10-03T05:33:12.0132878Z dist/assets/JetBrainsMono-Medium-CMl9fZ9Q.woff2    16.54 kB
gate	Gate	2026-10-03T05:33:12.0133875Z dist/assets/charts-BBZhrHKM.css                     0.69 kB │ gzip:   0.35 kB
gate	Gate	2026-10-03T05:33:12.0134556Z dist/assets/plots-D2GbP0iN.css                      1.17 kB │ gzip:   0.46 kB
gate	Gate	2026-10-03T05:33:12.0135168Z dist/assets/uPlot-CnsZ1jie.css                      1.64 kB │ gzip:   0.69 kB
gate	Gate	2026-10-03T05:33:12.0135765Z dist/assets/index-BfLkgzKJ.css                     63.26 kB │ gzip:  11.59 kB
gate	Gate	2026-10-03T05:33:12.0136376Z dist/assets/webworkerAll-DuFHqkfr.js                0.05 kB │ gzip:   0.06 kB
gate	Gate	2026-10-03T05:33:12.0137131Z dist/assets/getTextureBatchBindGroup-Bt6AC8uX.js    0.40 kB │ gzip:   0.31 kB │ map:     1.78 kB
gate	Gate	2026-10-03T05:33:12.0137933Z dist/assets/CanvasPool-ccaPBm8-.js                  0.80 kB │ gzip:   0.45 kB │ map:     3.51 kB
gate	Gate	2026-10-03T05:33:12.0138995Z dist/assets/Cache-DGqfkvRQ.js                       1.14 kB │ gzip:   0.59 kB │ map:     4.85 kB
gate	Gate	2026-10-03T05:33:12.0139873Z dist/assets/constants-B7VGlLR-.js                   1.59 kB │ gzip:   0.90 kB │ map:    35.45 kB
gate	Gate	2026-10-03T05:33:12.0140591Z dist/assets/plots-B2EMtNQT.js                       4.63 kB │ gzip:   2.28 kB │ map:    24.91 kB
gate	Gate	2026-10-03T05:33:12.0141357Z dist/assets/canvasUtils-BVPkC6ub.js                 6.06 kB │ gzip:   2.06 kB │ map:    21.91 kB
gate	Gate	2026-10-03T05:33:12.0142076Z dist/assets/Debrief-CxlIye4r.js                     6.60 kB │ gzip:   2.52 kB │ map:    20.76 kB
gate	Gate	2026-10-03T05:33:12.0142777Z dist/assets/BlackBox-Cbr7uE0i.js                    9.89 kB │ gzip:   4.16 kB │ map:    37.30 kB
gate	Gate	2026-10-03T05:33:12.0143496Z dist/assets/BufferResource-CZg6dyUf.js             11.13 kB │ gzip:   2.89 kB │ map:    26.53 kB
gate	Gate	2026-10-03T05:33:12.0144218Z dist/assets/init-DnH_wx8r.js                       15.66 kB │ gzip:   4.92 kB │ map:    54.96 kB
gate	Gate	2026-10-03T05:33:12.0145119Z dist/assets/state-BYVXyu2u.js                      17.39 kB │ gzip:   6.72 kB │ map:   142.73 kB
gate	Gate	2026-10-03T05:33:12.0146333Z dist/assets/GCManagedHash-DqPcw2Gj.js              19.37 kB │ gzip:   6.32 kB │ map:    67.25 kB
gate	Gate	2026-10-03T05:33:12.0147582Z dist/assets/Menu-CCYD4te1.js                       23.36 kB │ gzip:   7.77 kB │ map:    73.85 kB
gate	Gate	2026-10-03T05:33:12.0149334Z dist/assets/Button-s_Cybpy_.js                     36.83 kB │ gzip:  12.30 kB │ map:   175.21 kB
gate	Gate	2026-10-03T05:33:12.0150553Z dist/assets/Filter-C-jCSOcL.js                     38.97 kB │ gzip:  11.18 kB │ map:   182.95 kB
gate	Gate	2026-10-03T05:33:12.0151747Z dist/assets/Dialog-LjisohX-.js                     39.90 kB │ gzip:  13.65 kB │ map:   184.47 kB
gate	Gate	2026-10-03T05:33:12.0152538Z dist/assets/browserAll-D5WAIhpx.js                 42.72 kB │ gzip:  11.20 kB │ map:   156.94 kB
gate	Gate	2026-10-03T05:33:12.0153506Z dist/assets/uPlot.esm-C4ecZUO0.js                  51.04 kB │ gzip:  22.28 kB │ map:   252.56 kB
gate	Gate	2026-10-03T05:33:12.0154396Z dist/assets/RenderTargetSystem-CGVbkJQT.js         57.47 kB │ gzip:  16.21 kB │ map:   213.58 kB
gate	Gate	2026-10-03T05:33:12.0155185Z dist/assets/GraphicsContext-DLmAmwc0.js            61.32 kB │ gzip:  20.55 kB │ map:   346.25 kB
gate	Gate	2026-10-03T05:33:12.0156141Z dist/assets/Geometry-coEMng49.js                   65.52 kB │ gzip:  21.50 kB │ map:   326.26 kB
gate	Gate	2026-10-03T05:33:12.0156859Z dist/assets/index-BuY9JnVB.js                     631.90 kB │ gzip: 196.39 kB │ map: 2,945.37 kB
gate	Gate	2026-10-03T05:33:12.0157160Z 
gate	Gate	2026-10-03T05:33:12.0157502Z ^[[33m[plugin builtin:vite-reporter] 
gate	Gate	2026-10-03T05:33:12.0158162Z (!) Some chunks are larger than 500 kB after minification. Consider:
gate	Gate	2026-10-03T05:33:12.0159018Z - Using dynamic import() to code-split the application
gate	Gate	2026-10-03T05:33:12.0160188Z - Use build.rolldownOptions.output.codeSplitting to improve chunking: https://rolldown.rs/reference/OutputOptions.codeSplitting
gate	Gate	2026-10-03T05:33:12.0161683Z - Adjust chunk size limit for this warning via build.chunkSizeWarningLimit.^[[39m
gate	Gate	2026-10-03T05:33:12.0162985Z ^[[32m✓ built in 1.33s^[[39m
gate	Gate	2026-10-03T05:33:12.1126008Z service worker: 44 assets precached, version ff9a8d20d4b3
gate	Gate	2026-10-03T05:33:12.1852433Z   assets/index-BuY9JnVB.js                           190.1 kB gzip
gate	Gate	2026-10-03T05:33:12.1853929Z   assets/Geometry-coEMng49.js                         20.8 kB gzip
gate	Gate	2026-10-03T05:33:12.1854709Z   assets/Button-s_Cybpy_.js                           11.9 kB gzip
gate	Gate	2026-10-03T05:33:12.1855449Z   assets/constants-B7VGlLR-.js                         0.9 kB gzip
gate	Gate	2026-10-03T05:33:12.1856182Z   assets/state-BYVXyu2u.js                             6.6 kB gzip
gate	Gate	2026-10-03T05:33:12.1856889Z   assets/Filter-C-jCSOcL.js                           10.9 kB gzip
gate	Gate	2026-10-03T05:33:12.1857519Z   assets/canvasUtils-BVPkC6ub.js                       2.0 kB gzip
gate	Gate	2026-10-03T05:33:12.1857956Z   assets/Cache-DGqfkvRQ.js                             0.6 kB gzip
gate	Gate	2026-10-03T05:33:12.1858719Z   assets/GCManagedHash-DqPcw2Gj.js                     6.2 kB gzip
gate	Gate	2026-10-03T05:33:12.1859491Z   assets/RenderTargetSystem-CGVbkJQT.js               15.7 kB gzip
gate	Gate	2026-10-03T05:33:12.1860265Z   assets/getTextureBatchBindGroup-Bt6AC8uX.js          0.3 kB gzip
gate	Gate	2026-10-03T05:33:12.1861039Z   assets/GraphicsContext-DLmAmwc0.js                  19.9 kB gzip
gate	Gate	2026-10-03T05:33:12.1861789Z   assets/CanvasPool-ccaPBm8-.js                        0.4 kB gzip
gate	Gate	2026-10-03T05:33:12.1862543Z   assets/BufferResource-CZg6dyUf.js                    2.8 kB gzip
gate	Gate	2026-10-03T05:33:12.1863090Z   TOTAL first-load JS                                289.1 kB gzip
gate	Gate	2026-10-03T05:33:12.1863495Z   BUDGET                                             300.0 kB gzip
gate	Gate	2026-10-03T05:33:12.1864507Z   (lazy chunks, not counted: BlackBox-Cbr7uE0i.js, Debrief-CxlIye4r.js, Dialog-LjisohX-.js, Menu-CCYD4te1.js, browserAll-D5WAIhpx.js, init-DnH_wx8r.js, plots-B2EMtNQT.js, uPlot.esm-C4ecZUO0.js, webworkerAll-DuFHqkfr.js)
gate	Gate	2026-10-03T05:33:12.1865580Z   assets/index-BfLkgzKJ.css                           11.2 kB gzip (css)
gate	Gate	2026-10-03T05:33:12.1866140Z   Inter-Regular-BVdEcXjD.woff2                        11.7 kB raw
gate	Gate	2026-10-03T05:33:12.1866666Z   Inter-SemiBold-DlULF7c_.woff2                       12.2 kB raw
gate	Gate	2026-10-03T05:33:12.1867179Z   InterTight-SemiBold-DJfiTN08.woff2                  10.8 kB raw
gate	Gate	2026-10-03T05:33:12.1867687Z   JetBrainsMono-Medium-CMl9fZ9Q.woff2                 16.2 kB raw
gate	Gate	2026-10-03T05:33:12.1868380Z   TOTAL fonts                                         50.9 kB raw
gate	Gate	2026-10-03T05:33:12.1869122Z   FONT BUDGET                                         80.0 kB raw
gate	Gate	2026-10-03T05:33:12.1869557Z   TOTAL audio                                          0.0 kB raw
gate	Gate	2026-10-03T05:33:12.1870076Z   AUDIO BUDGET                                       250.0 kB raw
gate	Gate	2026-10-03T05:33:12.1870476Z 
gate	Gate	2026-10-03T05:33:12.1870963Z budget: OK — 289.1 kB of 300.0 kB JS
gate	Gate	2026-10-03T05:33:12.1871387Z budget: OK — 50.9 kB of 80.0 kB fonts
gate	Gate	2026-10-03T05:33:12.1871772Z budget: OK — 0.0 kB of 250.0 kB audio
gate	Gate	2026-10-03T05:33:12.2320024Z entry graph: ok (14 first-load files, no uPlot or GSAP)
gate	Gate	2026-10-03T05:33:12.3321103Z 
gate	Gate	2026-10-03T05:33:12.3321657Z > starship-simulator-v2@0.1.0 test
gate	Gate	2026-10-03T05:33:12.3322032Z > vitest run
gate	Gate	2026-10-03T05:33:12.3322174Z 
gate	Gate	2026-10-03T05:33:12.6603605Z 
gate	Gate	2026-10-03T05:33:12.6607727Z ^[[1m^[[30m^[[46m RUN ^[[49m^[[39m^[[22m ^[[36mv4.1.11 ^[[39m^[[90m/home/runner/work/StarShipSimulator/StarShipSimulator^[[39m
gate	Gate	2026-10-03T05:33:12.6608725Z 
gate	Gate	2026-10-03T05:33:14.7212163Z Not implemented: HTMLCanvasElement's getContext() method: without installing the canvas npm package
gate	Gate	2026-10-03T05:33:14.7510325Z Not implemented: HTMLCanvasElement's getContext() method: without installing the canvas npm package
gate	Gate	2026-10-03T05:33:14.8068242Z Not implemented: HTMLCanvasElement's getContext() method: without installing the canvas npm package
gate	Gate	2026-10-03T05:33:14.8238668Z Not implemented: HTMLCanvasElement's getContext() method: without installing the canvas npm package
gate	Gate	2026-10-03T05:33:14.8385744Z Not implemented: HTMLCanvasElement's getContext() method: without installing the canvas npm package
gate	Gate	2026-10-03T05:33:14.8603510Z Not implemented: HTMLCanvasElement's getContext() method: without installing the canvas npm package
gate	Gate	2026-10-03T05:33:14.8781013Z Not implemented: HTMLCanvasElement's getContext() method: without installing the canvas npm package
gate	Gate	2026-10-03T05:33:14.8924427Z Not implemented: HTMLCanvasElement's getContext() method: without installing the canvas npm package
gate	Gate	2026-10-03T05:33:14.9071386Z Not implemented: HTMLCanvasElement's getContext() method: without installing the canvas npm package
gate	Gate	2026-10-03T05:33:14.9112714Z Not implemented: HTMLCanvasElement's getContext() method: without installing the canvas npm package
gate	Gate	2026-10-03T05:33:14.9206384Z Not implemented: HTMLCanvasElement's getContext() method: without installing the canvas npm package
gate	Gate	2026-10-03T05:33:14.9252518Z Not implemented: HTMLCanvasElement's getContext() method: without installing the canvas npm package
gate	Gate	2026-10-03T05:33:14.9395104Z Not implemented: HTMLCanvasElement's getContext() method: without installing the canvas npm package
gate	Gate	2026-10-03T05:33:14.9427373Z  ^[[32m✓^[[39m ^[[30m^[[45m kit ^[[49m^[[39m src/ui/kit/BrickField/BrickField.test.tsx ^[[2m(^[[22m^[[2m15 tests^[[22m^[[2m)^[[22m^[[33m 430^[[2mms^[[22m^[[39m
gate	Gate	2026-10-03T05:33:15.2848376Z  ^[[32m✓^[[39m ^[[30m^[[45m kit ^[[49m^[[39m src/ui/kit/ConfirmDialog/ConfirmDialog.test.tsx ^[[2m(^[[22m^[[2m7 tests^[[22m^[[2m)^[[22m^[[33m 674^[[2mms^[[22m^[[39m
gate	Gate	2026-10-03T05:33:15.2850349Z    ^[[33m^[[2m✓^[[22m^[[39m queues requests, resolves each once, and preserves alert semantics ^[[33m 366^[[2mms^[[22m^[[39m
gate	Gate	2026-10-03T05:33:16.6219186Z  ^[[32m✓^[[39m ^[[30m^[[45m kit ^[[49m^[[39m src/ui/kit/BrickField/brickMotion.test.ts ^[[2m(^[[22m^[[2m8 tests^[[22m^[[2m)^[[22m^[[32m 281^[[2mms^[[22m^[[39m
gate	Gate	2026-10-03T05:33:16.7095117Z  ^[[32m✓^[[39m ^[[30m^[[45m kit ^[[49m^[[39m src/ui/kit/input/GamepadNavProvider.test.tsx ^[[2m(^[[22m^[[2m7 tests^[[22m^[[2m)^[[22m^[[33m 531^[[2mms^[[22m^[[39m
gate	Gate	2026-10-03T05:33:16.8531037Z  ^[[32m✓^[[39m ^[[30m^[[45m kit ^[[49m^[[39m src/ui/kit/motion/useChipPanelMorph.test.tsx ^[[2m(^[[22m^[[2m7 tests^[[22m^[[2m)^[[22m^[[33m 2346^[[2mms^[[22m^[[39m
gate	Gate	2026-10-03T05:33:16.8560258Z    ^[[33m^[[2m✓^[[22m^[[39m mounts at once, hands the frame to the shell and settles after the expansion ^[[33m 519^[[2mms^[[22m^[[39m
gate	Gate	2026-10-03T05:33:16.8589908Z    ^[[33m^[[2m✓^[[22m^[[39m ends open and consistent after a rapid open, close, open ^[[33m 486^[[2mms^[[22m^[[39m
gate	Gate	2026-10-03T05:33:16.8690883Z    ^[[33m^[[2m✓^[[22m^[[39m ends closed and unmounted after a rapid close, open, close ^[[33m 699^[[2mms^[[22m^[[39m
gate	Gate	2026-10-03T05:33:16.8700486Z    ^[[33m^[[2m✓^[[22m^[[39m kills the motion when unmounted mid-flight ^[[33m 318^[[2mms^[[22m^[[39m
gate	Gate	2026-10-03T05:33:18.1558661Z  ^[[32m✓^[[39m ^[[30m^[[45m kit ^[[49m^[[39m src/ui/kit/TransitionView/TransitionView.test.tsx ^[[2m(^[[22m^[[2m4 tests^[[22m^[[2m)^[[22m^[[32m 111^[[2mms^[[22m^[[39m
gate	Gate	2026-10-03T05:33:18.4994576Z  ^[[32m✓^[[39m ^[[30m^[[45m kit ^[[49m^[[39m src/ui/kit/motion/effects.test.ts ^[[2m(^[[22m^[[2m7 tests^[[22m^[[2m)^[[22m^[[32m 276^[[2mms^[[22m^[[39m
gate	Gate	2026-10-03T05:33:18.8579509Z  ^[[32m✓^[[39m ^[[30m^[[45m kit ^[[49m^[[39m src/ui/kit/NumberField/NumberField.test.tsx ^[[2m(^[[22m^[[2m6 tests^[[22m^[[2m)^[[22m^[[33m 427^[[2mms^[[22m^[[39m
gate	Gate	2026-10-03T05:33:18.8630674Z      ^[[33m^[[2m✓^[[22m^[[39m keeps empty optional overrides distinct from zero without changing required-field behavior ^[[33m 303^[[2mms^[[22m^[[39m
gate	Gate	2026-10-03T05:33:20.2165440Z  ^[[32m✓^[[39m ^[[30m^[[45m kit ^[[49m^[[39m src/ui/kit/LoadingState/LoadingState.test.tsx ^[[2m(^[[22m^[[2m4 tests^[[22m^[[2m)^[[22m^[[33m 410^[[2mms^[[22m^[[39m
gate	Gate	2026-10-03T05:33:20.2720750Z  ^[[32m✓^[[39m ^[[30m^[[45m kit ^[[49m^[[39m src/ui/kit/input/ownership.test.ts ^[[2m(^[[22m^[[2m16 tests^[[22m^[[2m)^[[22m^[[32m 19^[[2mms^[[22m^[[39m
gate	Gate	2026-10-03T05:33:20.2855183Z  ^[[32m✓^[[39m ^[[30m^[[45m kit ^[[49m^[[39m src/ui/kit/input/InputOwnershipProvider.test.tsx ^[[2m(^[[22m^[[2m3 tests^[[22m^[[2m)^[[22m^[[32m 242^[[2mms^[[22m^[[39m
gate	Gate	2026-10-03T05:33:21.7701011Z  ^[[32m✓^[[39m ^[[30m^[[45m kit ^[[49m^[[39m src/ui/kit/BrickField/renderer.test.ts ^[[2m(^[[22m^[[2m3 tests^[[22m^[[2m)^[[22m^[[32m 10^[[2mms^[[22m^[[39m
gate	Gate	2026-10-03T05:33:21.7930547Z  ^[[32m✓^[[39m ^[[30m^[[45m kit ^[[49m^[[39m src/ui/kit/motion/useMotionTimeline.test.tsx ^[[2m(^[[22m^[[2m3 tests^[[22m^[[2m)^[[22m^[[32m 32^[[2mms^[[22m^[[39m
gate	Gate	2026-10-03T05:33:22.2320350Z  ^[[32m✓^[[39m ^[[30m^[[45m kit ^[[49m^[[39m src/ui/kit/Dialog/Dialog.test.tsx ^[[2m(^[[22m^[[2m2 tests^[[22m^[[2m)^[[22m^[[33m 352^[[2mms^[[22m^[[39m
gate	Gate	2026-10-03T05:33:23.0891267Z  ^[[32m✓^[[39m ^[[30m^[[45m kit ^[[49m^[[39m src/ui/kit/BrickField/gpuTimer.test.ts ^[[2m(^[[22m^[[2m3 tests^[[22m^[[2m)^[[22m^[[32m 11^[[2mms^[[22m^[[39m
gate	Gate	2026-10-03T05:33:23.6882866Z  ^[[32m✓^[[39m ^[[30m^[[45m kit ^[[49m^[[39m src/ui/kit/ConnectedMedia/ConnectedMedia.test.tsx ^[[2m(^[[22m^[[2m3 tests^[[22m^[[2m)^[[22m^[[33m 328^[[2mms^[[22m^[[39m
gate	Gate	2026-10-03T05:33:23.9930795Z  ^[[32m✓^[[39m ^[[30m^[[45m kit ^[[49m^[[39m src/ui/kit/FieldStatus/FieldStatus.test.tsx ^[[2m(^[[22m^[[2m2 tests^[[22m^[[2m)^[[22m^[[32m 252^[[2mms^[[22m^[[39m
gate	Gate	2026-10-03T05:33:25.0331142Z  ^[[32m✓^[[39m ^[[30m^[[45m kit ^[[49m^[[39m src/ui/kit/LoadingState/LoadingState.accessibility.test.tsx ^[[2m(^[[22m^[[2m1 test^[[22m^[[2m)^[[22m^[[33m 310^[[2mms^[[22m^[[39m
gate	Gate	2026-10-03T05:33:25.0369942Z    ^[[33m^[[2m✓^[[22m^[[39m updates one stable live region immediately outside the keyed inert animation ^[[33m 307^[[2mms^[[22m^[[39m
gate	Gate	2026-10-03T05:33:25.3670990Z  ^[[32m✓^[[39m ^[[30m^[[45m kit ^[[49m^[[39m src/ui/kit/InputLegend/InputLegend.test.tsx ^[[2m(^[[22m^[[2m2 tests^[[22m^[[2m)^[[22m^[[32m 111^[[2mms^[[22m^[[39m
gate	Gate	2026-10-03T05:33:25.6613651Z  ^[[32m✓^[[39m ^[[30m^[[45m kit ^[[49m^[[39m src/ui/kit/SliderRow/SliderRow.test.tsx ^[[2m(^[[22m^[[2m2 tests^[[22m^[[2m)^[[22m^[[32m 224^[[2mms^[[22m^[[39m
gate	Gate	2026-10-03T05:33:26.3553421Z  ^[[32m✓^[[39m ^[[30m^[[45m kit ^[[49m^[[39m src/ui/kit/styles/motion.test.ts ^[[2m(^[[22m^[[2m1 test^[[22m^[[2m)^[[22m^[[32m 5^[[2mms^[[22m^[[39m
gate	Gate	2026-10-03T05:33:27.1177488Z  ^[[32m✓^[[39m ^[[30m^[[45m kit ^[[49m^[[39m src/ui/kit/Tile/Tile.test.tsx ^[[2m(^[[22m^[[2m1 test^[[22m^[[2m)^[[22m^[[32m 286^[[2mms^[[22m^[[39m
gate	Gate	2026-10-03T05:33:27.2800931Z  ^[[32m✓^[[39m ^[[30m^[[45m kit ^[[49m^[[39m src/ui/kit/motion/useReducedMotion.test.tsx ^[[2m(^[[22m^[[2m1 test^[[22m^[[2m)^[[22m^[[32m 17^[[2mms^[[22m^[[39m
gate	Gate	2026-10-03T05:33:28.0990817Z  ^[[32m✓^[[39m ^[[30m^[[45m kit ^[[49m^[[39m src/ui/kit/Button/Button.test.tsx ^[[2m(^[[22m^[[2m1 test^[[22m^[[2m)^[[22m^[[32m 251^[[2mms^[[22m^[[39m
gate	Gate	2026-10-03T05:33:28.9261489Z  ^[[32m✓^[[39m ^[[30m^[[45m kit ^[[49m^[[39m src/ui/kit/Toggle/Toggle.test.tsx ^[[2m(^[[22m^[[2m1 test^[[22m^[[2m)^[[22m^[[32m 231^[[2mms^[[22m^[[39m
gate	Gate	2026-10-03T05:33:28.9520993Z  ^[[32m✓^[[39m ^[[30m^[[45m kit ^[[49m^[[39m src/ui/kit/FormRow/FormRow.test.tsx ^[[2m(^[[22m^[[2m2 tests^[[22m^[[2m)^[[22m^[[32m 272^[[2mms^[[22m^[[39m
gate	Gate	2026-10-03T05:33:29.8099941Z  ^[[32m✓^[[39m ^[[30m^[[45m kit ^[[49m^[[39m src/ui/kit/TabStrip/TabStrip.test.tsx ^[[2m(^[[22m^[[2m1 test^[[22m^[[2m)^[[22m^[[32m 223^[[2mms^[[22m^[[39m
gate	Gate	2026-10-03T05:33:30.3810555Z  ^[[32m✓^[[39m ^[[30m^[[45m kit ^[[49m^[[39m src/ui/kit/internal/utils.test.ts ^[[2m(^[[22m^[[2m1 test^[[22m^[[2m)^[[22m^[[32m 9^[[2mms^[[22m^[[39m
gate	Gate	2026-10-03T05:33:30.7179286Z  ^[[32m✓^[[39m ^[[30m^[[42m unit ^[[49m^[[39m tests/core/autopilot-stages.test.ts ^[[2m(^[[22m^[[2m40 tests^[[22m^[[2m)^[[22m^[[32m 68^[[2mms^[[22m^[[39m
gate	Gate	2026-10-03T05:33:30.8593682Z  ^[[32m✓^[[39m ^[[30m^[[45m kit ^[[49m^[[39m src/ui/kit/public-api.test.ts ^[[2m(^[[22m^[[2m1 test^[[22m^[[2m)^[[22m^[[32m 6^[[2mms^[[22m^[[39m
gate	Gate	2026-10-03T05:33:30.9910429Z  ^[[32m✓^[[39m ^[[30m^[[42m unit ^[[49m^[[39m tests/golden/unification.test.ts ^[[2m(^[[22m^[[2m10 tests^[[22m^[[2m)^[[22m^[[32m 19^[[2mms^[[22m^[[39m
gate	Gate	2026-10-03T05:33:34.4661924Z  ^[[32m✓^[[39m ^[[30m^[[42m unit ^[[49m^[[39m tests/view/particles.test.ts ^[[2m(^[[22m^[[2m50 tests^[[22m^[[2m)^[[22m^[[33m 2879^[[2mms^[[22m^[[39m
gate	Gate	2026-10-03T05:33:34.4668289Z      ^[[33m^[[2m✓^[[22m^[[39m THE LEAK: ten thousand engine shutdowns add nothing ^[[33m 2146^[[2mms^[[22m^[[39m
gate	Gate	2026-10-03T05:33:34.9062148Z  ^[[32m✓^[[39m ^[[30m^[[42m unit ^[[49m^[[39m tests/core/control-contracts.test.ts ^[[2m(^[[22m^[[2m38 tests^[[22m^[[2m)^[[22m^[[32m 168^[[2mms^[[22m^[[39m
gate	Gate	2026-10-03T05:33:45.4056701Z  ^[[32m✓^[[39m ^[[30m^[[42m unit ^[[49m^[[39m tests/core/camera.test.ts ^[[2m(^[[22m^[[2m105 tests^[[22m^[[2m)^[[22m^[[33m 14894^[[2mms^[[22m^[[39m
gate	Gate	2026-10-03T05:33:45.4058751Z      ^[[33m^[[2m✓^[[22m^[[39m reentry-autoland ^[[33m 2568^[[2mms^[[22m^[[39m
gate	Gate	2026-10-03T05:33:45.4060047Z      ^[[33m^[[2m✓^[[22m^[[39m before-flip-autoland ^[[33m 623^[[2mms^[[22m^[[39m
gate	Gate	2026-10-03T05:33:45.4061324Z      ^[[33m^[[2m✓^[[22m^[[39m reentry-autoland in pad ^[[33m 2440^[[2mms^[[22m^[[39m
gate	Gate	2026-10-03T05:33:45.4062548Z      ^[[33m^[[2m✓^[[22m^[[39m reentry-autoland in chase ^[[33m 2652^[[2mms^[[22m^[[39m
gate	Gate	2026-10-03T05:33:45.4064537Z      ^[[33m^[[2m✓^[[22m^[[39m reentry-autoland in onboard ^[[33m 1986^[[2mms^[[22m^[[39m
gate	Gate	2026-10-03T05:33:45.4065758Z      ^[[33m^[[2m✓^[[22m^[[39m before-flip-autoland in pad ^[[33m 405^[[2mms^[[22m^[[39m
gate	Gate	2026-10-03T05:33:45.4066904Z      ^[[33m^[[2m✓^[[22m^[[39m before-flip-autoland in chase ^[[33m 399^[[2mms^[[22m^[[39m
gate	Gate	2026-10-03T05:33:45.4068020Z      ^[[33m^[[2m✓^[[22m^[[39m before-flip-autoland in onboard ^[[33m 394^[[2mms^[[22m^[[39m
gate	Gate	2026-10-03T05:33:54.8740071Z  ^[[32m✓^[[39m ^[[30m^[[42m unit ^[[49m^[[39m tests/core/booster-forecast.test.ts ^[[2m(^[[22m^[[2m25 tests^[[22m^[[2m)^[[22m^[[33m 19689^[[2mms^[[22m^[[39m
gate	Gate	2026-10-03T05:33:54.8810700Z      ^[[33m^[[2m✓^[[22m^[[39m reuses only the identical alignment prefix for booster-sep, with bit-exact paid forecasts ^[[33m 5982^[[2mms^[[22m^[[39m
gate	Gate	2026-10-03T05:33:54.8815080Z      ^[[33m^[[2m✓^[[22m^[[39m reuses only the identical alignment prefix for rtls, with bit-exact paid forecasts ^[[33m 3880^[[2mms^[[22m^[[39m
gate	Gate	2026-10-03T05:33:54.8817103Z      ^[[33m^[[2m✓^[[22m^[[39m reuses exact paid startup for booster-sep without lending its impulse to shorter burns ^[[33m 5667^[[2mms^[[22m^[[39m
gate	Gate	2026-10-03T05:33:54.8821464Z      ^[[33m^[[2m✓^[[22m^[[39m reuses exact paid startup for rtls without lending its impulse to shorter burns ^[[33m 2754^[[2mms^[[22m^[[39m
gate	Gate	2026-10-03T05:33:54.8823551Z      ^[[33m^[[2m✓^[[22m^[[39m rejects alignment reuse after changing source, mechanics, policy, model, coast or timestep ^[[33m 522^[[2mms^[[22m^[[39m
gate	Gate	2026-10-03T05:33:54.9746095Z  ^[[32m✓^[[39m ^[[30m^[[42m unit ^[[49m^[[39m tests/hud/trajectory.test.ts ^[[2m(^[[22m^[[2m39 tests^[[22m^[[2m)^[[22m^[[33m 9349^[[2mms^[[22m^[[39m
gate	Gate	2026-10-03T05:33:54.9749590Z      ^[[33m^[[2m✓^[[22m^[[39m launch-pad-takeoff ^[[33m 590^[[2mms^[[22m^[[39m
gate	Gate	2026-10-03T05:33:54.9750896Z      ^[[33m^[[2m✓^[[22m^[[39m booster-sep-boostback ^[[33m 781^[[2mms^[[22m^[[39m
gate	Gate	2026-10-03T05:33:54.9752015Z      ^[[33m^[[2m✓^[[22m^[[39m rtls-boostback ^[[33m 874^[[2mms^[[22m^[[39m
gate	Gate	2026-10-03T05:33:54.9753068Z      ^[[33m^[[2m✓^[[22m^[[39m reentry-autoland ^[[33m 5529^[[2mms^[[22m^[[39m
gate	Gate	2026-10-03T05:33:54.9754072Z      ^[[33m^[[2m✓^[[22m^[[39m before-flip-autoland ^[[33m 825^[[2mms^[[22m^[[39m
gate	Gate	2026-10-03T05:33:55.2657778Z  ^[[32m✓^[[39m ^[[30m^[[42m unit ^[[49m^[[39m tests/core/named-branches.test.ts ^[[2m(^[[22m^[[2m17 tests^[[22m^[[2m)^[[22m^[[32m 46^[[2mms^[[22m^[[39m
gate	Gate	2026-10-03T05:33:55.9401738Z  ^[[32m✓^[[39m ^[[30m^[[42m unit ^[[49m^[[39m tests/audio/engine.test.ts ^[[2m(^[[22m^[[2m31 tests^[[22m^[[2m)^[[22m^[[33m 315^[[2mms^[[22m^[[39m
gate	Gate	2026-10-03T05:33:56.1393923Z  ^[[32m✓^[[39m ^[[30m^[[42m unit ^[[49m^[[39m tests/core/domain-edges.test.ts ^[[2m(^[[22m^[[2m28 tests^[[22m^[[2m)^[[22m^[[33m 928^[[2mms^[[22m^[[39m
gate	Gate	2026-10-03T05:33:56.1432571Z      ^[[33m^[[2m✓^[[22m^[[39m and getAttackAngles really does wrap into [-pi, pi] ^[[33m 545^[[2mms^[[22m^[[39m
gate	Gate	2026-10-03T05:34:16.7145133Z  ^[[32m✓^[[39m ^[[30m^[[42m unit ^[[49m^[[39m tests/hud/debrief.test.ts ^[[2m(^[[22m^[[2m52 tests^[[22m^[[2m)^[[22m^[[33m 20245^[[2mms^[[22m^[[39m
gate	Gate	2026-10-03T05:34:16.7146644Z      ^[[33m^[[2m✓^[[22m^[[39m reentry-autoland ^[[33m 2301^[[2mms^[[22m^[[39m
gate	Gate	2026-10-03T05:34:16.7147759Z      ^[[33m^[[2m✓^[[22m^[[39m before-flip-autoland ^[[33m 388^[[2mms^[[22m^[[39m
gate	Gate	2026-10-03T05:34:16.7149180Z      ^[[33m^[[2m✓^[[22m^[[39m reentry-autoland ^[[33m 1417^[[2mms^[[22m^[[39m
gate	Gate	2026-10-03T05:34:16.7150301Z      ^[[33m^[[2m✓^[[22m^[[39m before-flip-autoland ^[[33m 361^[[2mms^[[22m^[[39m
gate	Gate	2026-10-03T05:34:16.7151296Z      ^[[33m^[[2m✓^[[22m^[[39m reentry-autoland ^[[33m 4049^[[2mms^[[22m^[[39m
gate	Gate	2026-10-03T05:34:16.7152286Z      ^[[33m^[[2m✓^[[22m^[[39m before-flip-autoland ^[[33m 683^[[2mms^[[22m^[[39m
gate	Gate	2026-10-03T05:34:16.7153269Z      ^[[33m^[[2m✓^[[22m^[[39m reentry-autoland ^[[33m 3997^[[2mms^[[22m^[[39m
gate	Gate	2026-10-03T05:34:16.7154263Z      ^[[33m^[[2m✓^[[22m^[[39m before-flip-autoland ^[[33m 906^[[2mms^[[22m^[[39m
gate	Gate	2026-10-03T05:34:16.7155226Z      ^[[33m^[[2m✓^[[22m^[[39m reentry-autoland ^[[33m 2351^[[2mms^[[22m^[[39m
gate	Gate	2026-10-03T05:34:16.7156204Z      ^[[33m^[[2m✓^[[22m^[[39m before-flip-autoland ^[[33m 595^[[2mms^[[22m^[[39m
gate	Gate	2026-10-03T05:34:17.0583523Z  ^[[32m✓^[[39m ^[[30m^[[42m unit ^[[49m^[[39m tests/core/isa.test.ts ^[[2m(^[[22m^[[2m30 tests^[[22m^[[2m)^[[22m^[[32m 95^[[2mms^[[22m^[[39m
gate	Gate	2026-10-03T05:34:20.4056588Z  ^[[32m✓^[[39m ^[[30m^[[42m unit ^[[49m^[[39m tests/view/dynamic-pressure.test.ts ^[[2m(^[[22m^[[2m20 tests^[[22m^[[2m)^[[22m^[[32m 35^[[2mms^[[22m^[[39m
gate	Gate	2026-10-03T05:34:20.6871187Z  ^[[32m✓^[[39m ^[[30m^[[42m unit ^[[49m^[[39m tests/view/stars.test.ts ^[[2m(^[[22m^[[2m24 tests^[[22m^[[2m)^[[22m^[[32m 31^[[2mms^[[22m^[[39m
gate	Gate	2026-10-03T05:34:20.9680633Z  ^[[32m✓^[[39m ^[[30m^[[42m unit ^[[49m^[[39m tests/view/sun.test.ts ^[[2m(^[[22m^[[2m33 tests^[[22m^[[2m)^[[22m^[[32m 37^[[2mms^[[22m^[[39m
gate	Gate	2026-10-03T05:34:21.2671199Z  ^[[32m✓^[[39m ^[[30m^[[42m unit ^[[49m^[[39m tests/core/orbit-demo.test.ts ^[[2m(^[[22m^[[2m31 tests^[[22m^[[2m)^[[22m^[[33m 39219^[[2mms^[[22m^[[39m
gate	Gate	2026-10-03T05:34:21.2690568Z      ^[[33m^[[2m✓^[[22m^[[39m a 150 km orbit holds for a full 88-minute lap ^[[33m 4015^[[2mms^[[22m^[[39m
gate	Gate	2026-10-03T05:34:21.2692378Z      ^[[33m^[[2m✓^[[22m^[[39m and 100 km still does not — which is why the presets are at 150 ^[[33m 1843^[[2mms^[[22m^[[39m
gate	Gate	2026-10-03T05:34:21.2693801Z      ^[[33m^[[2m✓^[[22m^[[39m is deterministic — the same flight twice ^[[33m 4758^[[2mms^[[22m^[[39m
gate	Gate	2026-10-03T05:34:21.2695268Z      ^[[33m^[[2m✓^[[22m^[[39m from a different starting longitude — half a lap further round ^[[33m 6961^[[2mms^[[22m^[[39m
gate	Gate	2026-10-03T05:34:21.2696601Z      ^[[33m^[[2m✓^[[22m^[[39m 100 tonnes lighter at ignition ^[[33m 4030^[[2mms^[[22m^[[39m
gate	Gate	2026-10-03T05:34:21.2697948Z      ^[[33m^[[2m✓^[[22m^[[39m with an engine already failed, so the burn is a third longer ^[[33m 4642^[[2mms^[[22m^[[39m
gate	Gate	2026-10-03T05:34:21.2699398Z      ^[[33m^[[2m✓^[[22m^[[39m from 120 km, below the presets ^[[33m 4816^[[2mms^[[22m^[[39m
gate	Gate	2026-10-03T05:34:21.2700787Z      ^[[33m^[[2m✓^[[22m^[[39m from 300 km it still lands, but the envelope is showing ^[[33m 4175^[[2mms^[[22m^[[39m
gate	Gate	2026-10-03T05:34:21.2702295Z      ^[[33m^[[2m✓^[[22m^[[39m spends the coast turning around, because RCS is slow ^[[33m 1872^[[2mms^[[22m^[[39m
gate	Gate	2026-10-03T05:34:21.2703668Z      ^[[33m^[[2m✓^[[22m^[[39m does not fire until the ground track is right ^[[33m 2047^[[2mms^[[22m^[[39m
gate	Gate	2026-10-03T05:34:21.4514406Z  ^[[32m✓^[[39m ^[[30m^[[42m unit ^[[49m^[[39m tests/core/booster-prediction.test.ts ^[[2m(^[[22m^[[2m18 tests^[[22m^[[2m)^[[22m^[[32m 228^[[2mms^[[22m^[[39m
gate	Gate	2026-10-03T05:34:23.6221078Z  ^[[32m✓^[[39m ^[[30m^[[42m unit ^[[49m^[[39m tests/proofs/trig-collapse.test.ts ^[[2m(^[[22m^[[2m23 tests^[[22m^[[2m)^[[22m^[[33m 1964^[[2mms^[[22m^[[39m
gate	Gate	2026-10-03T05:34:23.6250112Z      ^[[33m^[[2m✓^[[22m^[[39m 'horizontalLift = -cos(x)' ^[[33m 312^[[2mms^[[22m^[[39m
gate	Gate	2026-10-03T05:34:23.6251139Z      ^[[33m^[[2m✓^[[22m^[[39m 'verticalLift = sin(x)' ^[[33m 317^[[2mms^[[22m^[[39m
gate	Gate	2026-10-03T05:34:23.6279989Z Not implemented: HTMLCanvasElement's getContext() method: without installing the canvas npm package
gate	Gate	2026-10-03T05:34:24.0188888Z  ^[[32m✓^[[39m ^[[30m^[[42m unit ^[[49m^[[39m tests/core/booster-command.test.ts ^[[2m(^[[22m^[[2m15 tests^[[22m^[[2m)^[[22m^[[32m 80^[[2mms^[[22m^[[39m
gate	Gate	2026-10-03T05:34:26.1790886Z  ^[[32m✓^[[39m ^[[30m^[[42m unit ^[[49m^[[39m tests/ui/shell/Menu.test.tsx ^[[2m(^[[22m^[[2m22 tests^[[22m^[[2m)^[[22m^[[33m 2160^[[2mms^[[22m^[[39m
gate	Gate	2026-10-03T05:34:26.1811450Z      ^[[33m^[[2m✓^[[22m^[[39m opens on the menu layer only ^[[33m 334^[[2mms^[[22m^[[39m
gate	Gate	2026-10-03T05:34:27.5811013Z  ^[[32m✓^[[39m ^[[30m^[[42m unit ^[[49m^[[39m tests/core/guidance-physics.test.ts ^[[2m(^[[22m^[[2m26 tests^[[22m^[[2m)^[[22m^[[33m 1174^[[2mms^[[22m^[[39m
gate	Gate	2026-10-03T05:34:27.5830771Z      ^[[33m^[[2m✓^[[22m^[[39m rises with descent speed and with mass on one engine, the ladder's usual plan (property) ^[[33m 310^[[2mms^[[22m^[[39m
gate	Gate	2026-10-03T05:34:28.9466900Z ^[[90mstdout^[[2m | tests/hud/prediction.test.ts^[[2m > ^[[22m^[[2mthe claim, tested against itself^[[2m > ^[[22m^[[2ma genuinely unpowered fall lands near where it was predicted to
gate	Gate	2026-10-03T05:34:28.9480178Z ^[[22m^[[39munpowered drop · fell 0.2 km · predicted -0.00 km in 3.4 s · actual 0.00 km in 3.4 s · error 0.00 km
gate	Gate	2026-10-03T05:34:28.9509080Z 
gate	Gate	2026-10-03T05:34:29.0571572Z ^[[90mstdout^[[2m | tests/hud/prediction.test.ts^[[2m > ^[[22m^[[2mthe claim, tested against itself^[[2m > ^[[22m^[[2mreports how wrong it is from high altitude, where the model is weakest
gate	Gate	2026-10-03T05:34:29.0579826Z ^[[22m^[[39mfrom 40 km unpowered · predicted 11.9 km in 95 s · actual 20.2 km in 101 s · error 8.3 km
gate	Gate	2026-10-03T05:34:29.0608985Z 
gate	Gate	2026-10-03T05:34:29.4193849Z ^[[90mstdout^[[2m | tests/hud/prediction.test.ts^[[2m > ^[[22m^[[2mthe error against seven real flights^[[2m > ^[[22m^[[2mbefore-flip-autoland converges as the ground approaches
gate	Gate	2026-10-03T05:34:29.4240315Z ^[[22m^[[39mbefore-flip-autoland: touchdown at 0.00 km · at 1.0 km up, error 0.10 km · at 28 m up, error 0 m
gate	Gate	2026-10-03T05:34:29.4251174Z 
gate	Gate	2026-10-03T05:34:29.4420868Z ^[[90mstdout^[[2m | tests/hud/prediction.test.ts^[[2m > ^[[22m^[[2mthe error against seven real flights^[[2m > ^[[22m^[[2mlanding-burn-autoland converges as the ground approaches
gate	Gate	2026-10-03T05:34:29.4422817Z ^[[22m^[[39mlanding-burn-autoland: touchdown at 0.00 km · at 0.2 km up, error 0.00 km · at 26 m up, error 0 m
gate	Gate	2026-10-03T05:34:29.4423484Z 
gate	Gate	2026-10-03T05:34:29.4632925Z ^[[90mstdout^[[2m | tests/hud/prediction.test.ts^[[2m > ^[[22m^[[2mthe error against seven real flights^[[2m > ^[[22m^[[2mintro-demo converges as the ground approaches
gate	Gate	2026-10-03T05:34:29.4659816Z ^[[22m^[[39mintro-demo: touchdown at 0.00 km · at 0.2 km up, error 0.00 km · at 25 m up, error 0 m
gate	Gate	2026-10-03T05:34:29.4660490Z 
gate	Gate	2026-10-03T05:34:29.4670190Z  ^[[32m✓^[[39m ^[[30m^[[42m unit ^[[49m^[[39m tests/hud/prediction.test.ts ^[[2m(^[[22m^[[2m13 tests^[[22m^[[2m)^[[22m^[[33m 5239^[[2mms^[[22m^[[39m
gate	Gate	2026-10-03T05:34:29.4671798Z      ^[[33m^[[2m✓^[[22m^[[39m never returns a non-finite number to a caller ^[[33m 4676^[[2mms^[[22m^[[39m
gate	Gate	2026-10-03T05:34:29.4673224Z      ^[[33m^[[2m✓^[[22m^[[39m before-flip-autoland converges as the ground approaches ^[[33m 361^[[2mms^[[22m^[[39m
gate	Gate	2026-10-03T05:34:29.6154799Z  ^[[32m✓^[[39m ^[[30m^[[42m unit ^[[49m^[[39m tests/view/clouds.test.ts ^[[2m(^[[22m^[[2m18 tests^[[22m^[[2m)^[[22m^[[33m 1362^[[2mms^[[22m^[[39m
gate	Gate	2026-10-03T05:34:29.6190226Z      ^[[33m^[[2m✓^[[22m^[[39m is continuous and monotonic through the crossing ^[[33m 972^[[2mms^[[22m^[[39m
gate	Gate	2026-10-03T05:34:31.2110385Z Not implemented: HTMLCanvasElement's getContext() method: without installing the canvas npm package
gate	Gate	2026-10-03T05:34:32.4825059Z  ^[[32m✓^[[39m ^[[30m^[[42m unit ^[[49m^[[39m tests/ui/shell/Controls.test.tsx ^[[2m(^[[22m^[[2m17 tests^[[22m^[[2m)^[[22m^[[33m 1040^[[2mms^[[22m^[[39m
gate	Gate	2026-10-03T05:34:32.4826806Z      ^[[33m^[[2m✓^[[22m^[[39m renders every control this surface owns ^[[33m 333^[[2mms^[[22m^[[39m
gate	Gate	2026-10-03T05:34:34.5023384Z  ^[[32m✓^[[39m ^[[30m^[[42m unit ^[[49m^[[39m tests/app/view-clock.test.ts ^[[2m(^[[22m^[[2m56 tests^[[22m^[[2m)^[[22m^[[33m 38329^[[2mms^[[22m^[[39m
gate	Gate	2026-10-03T05:34:34.5041007Z      ^[[33m^[[2m✓^[[22m^[[39m reentry-autoland, with frames dropping ^[[33m 1823^[[2mms^[[22m^[[39m
gate	Gate	2026-10-03T05:34:34.5042230Z      ^[[33m^[[2m✓^[[22m^[[39m before-flip-autoland, with frames dropping ^[[33m 396^[[2mms^[[22m^[[39m
gate	Gate	2026-10-03T05:34:34.5043256Z      ^[[33m^[[2m✓^[[22m^[[39m reentry-autoland, at 9x warp ^[[33m 2283^[[2mms^[[22m^[[39m
gate	Gate	2026-10-03T05:34:34.5044223Z      ^[[33m^[[2m✓^[[22m^[[39m before-flip-autoland, at 9x warp ^[[33m 595^[[2mms^[[22m^[[39m
gate	Gate	2026-10-03T05:34:34.5045094Z      ^[[33m^[[2m✓^[[22m^[[39m reentry-autoland, at 1/9 speed ^[[33m 1624^[[2mms^[[22m^[[39m
gate	Gate	2026-10-03T05:34:34.5045737Z      ^[[33m^[[2m✓^[[22m^[[39m before-flip-autoland, at 1/9 speed ^[[33m 359^[[2mms^[[22m^[[39m
gate	Gate	2026-10-03T05:34:34.5046647Z      ^[[33m^[[2m✓^[[22m^[[39m reentry-autoland lands the camera on the same metre with a 400 ms stall every two seconds ^[[33m 3280^[[2mms^[[22m^[[39m
gate	Gate	2026-10-03T05:34:34.5047587Z      ^[[33m^[[2m✓^[[22m^[[39m reentry-autoland lands the camera on the same metre with 9x time warp ^[[33m 3035^[[2mms^[[22m^[[39m
gate	Gate	2026-10-03T05:34:34.5048596Z      ^[[33m^[[2m✓^[[22m^[[39m reentry-autoland lands the camera on the same metre with 1/9 slow motion ^[[33m 3086^[[2mms^[[22m^[[39m
gate	Gate	2026-10-03T05:34:34.5050122Z      ^[[33m^[[2m✓^[[22m^[[39m before-flip-autoland lands the camera on the same metre with a 400 ms stall every two seconds ^[[33m 839^[[2mms^[[22m^[[39m
gate	Gate	2026-10-03T05:34:34.5052283Z      ^[[33m^[[2m✓^[[22m^[[39m before-flip-autoland lands the camera on the same metre with 9x time warp ^[[33m 937^[[2mms^[[22m^[[39m
gate	Gate	2026-10-03T05:34:34.5053840Z      ^[[33m^[[2m✓^[[22m^[[39m before-flip-autoland lands the camera on the same metre with 1/9 slow motion ^[[33m 1119^[[2mms^[[22m^[[39m
gate	Gate	2026-10-03T05:34:34.5055189Z      ^[[33m^[[2m✓^[[22m^[[39m the wall clock loses the vehicle when frames drop ^[[33m 2873^[[2mms^[[22m^[[39m
gate	Gate	2026-10-03T05:34:34.5057044Z      ^[[33m^[[2m✓^[[22m^[[39m the wall clock loses it at 9x warp, failing the other way round ^[[33m 2802^[[2mms^[[22m^[[39m
gate	Gate	2026-10-03T05:34:34.5058422Z      ^[[33m^[[2m✓^[[22m^[[39m and simulated time once per FRAME is better, but still not enough ^[[33m 2776^[[2mms^[[22m^[[39m
gate	Gate	2026-10-03T05:34:34.5060095Z      ^[[33m^[[2m✓^[[22m^[[39m all three agree when nothing goes wrong, which is why this survived ^[[33m 5770^[[2mms^[[22m^[[39m
gate	Gate	2026-10-03T05:34:34.9240615Z  ^[[32m✓^[[39m ^[[30m^[[42m unit ^[[49m^[[39m tests/ui/menu.test.ts ^[[2m(^[[22m^[[2m25 tests^[[22m^[[2m)^[[22m^[[32m 164^[[2mms^[[22m^[[39m
gate	Gate	2026-10-03T05:34:35.3060302Z  ^[[32m✓^[[39m ^[[30m^[[42m unit ^[[49m^[[39m tests/core/mass.test.ts ^[[2m(^[[22m^[[2m20 tests^[[22m^[[2m)^[[22m^[[32m 149^[[2mms^[[22m^[[39m
gate	Gate	2026-10-03T05:34:36.2317363Z  ^[[32m✓^[[39m ^[[30m^[[42m unit ^[[49m^[[39m tests/view/distant-earth.test.ts ^[[2m(^[[22m^[[2m23 tests^[[22m^[[2m)^[[22m^[[33m 3072^[[2mms^[[22m^[[39m
gate	Gate	2026-10-03T05:34:36.2340548Z      ^[[33m^[[2m✓^[[22m^[[39m reentry-autoland stays readable ^[[33m 1633^[[2mms^[[22m^[[39m
gate	Gate	2026-10-03T05:34:36.2341980Z      ^[[33m^[[2m✓^[[22m^[[39m before-flip-autoland stays readable ^[[33m 505^[[2mms^[[22m^[[39m
gate	Gate	2026-10-03T05:34:37.3134975Z  ^[[32m✓^[[39m ^[[30m^[[42m unit ^[[49m^[[39m tests/ui/blackbox.test.ts ^[[2m(^[[22m^[[2m22 tests^[[22m^[[2m)^[[22m^[[33m 533^[[2mms^[[22m^[[39m
gate	Gate	2026-10-03T05:34:37.3136987Z      ^[[33m^[[2m✓^[[22m^[[39m round-trips every sample of a real flight, bit for bit ^[[33m 499^[[2mms^[[22m^[[39m
gate	Gate	2026-10-03T05:34:37.3897214Z  ^[[32m✓^[[39m ^[[30m^[[42m unit ^[[49m^[[39m tests/hud/timeline.test.ts ^[[2m(^[[22m^[[2m29 tests^[[22m^[[2m)^[[22m^[[33m 7538^[[2mms^[[22m^[[39m
gate	Gate	2026-10-03T05:34:37.3898944Z      ^[[33m^[[2m✓^[[22m^[[39m 'reentry-autoland' fires its events in order, flown live ^[[33m 2499^[[2mms^[[22m^[[39m
gate	Gate	2026-10-03T05:34:37.3905010Z      ^[[33m^[[2m✓^[[22m^[[39m 'before-flip-autoland' fires its events in order, flown live ^[[33m 582^[[2mms^[[22m^[[39m
gate	Gate	2026-10-03T05:34:37.3906934Z      ^[[33m^[[2m✓^[[22m^[[39m 'reentry-autoland' derives the same events from the fixture bytes ^[[33m 484^[[2mms^[[22m^[[39m
gate	Gate	2026-10-03T05:34:37.3909524Z      ^[[33m^[[2m✓^[[22m^[[39m a state exactly at the entry interface counts as crossing it ^[[33m 2300^[[2mms^[[22m^[[39m
gate	Gate	2026-10-03T05:34:37.6242691Z  ^[[32m✓^[[39m ^[[30m^[[42m unit ^[[49m^[[39m tests/core/physical-scale.test.ts ^[[2m(^[[22m^[[2m20 tests^[[22m^[[2m)^[[22m^[[32m 16^[[2mms^[[22m^[[39m
gate	Gate	2026-10-03T05:34:38.7269629Z  ^[[32m✓^[[39m ^[[30m^[[42m unit ^[[49m^[[39m tests/core/loop.test.ts ^[[2m(^[[22m^[[2m24 tests^[[22m^[[2m)^[[22m^[[33m 836^[[2mms^[[22m^[[39m
gate	Gate	2026-10-03T05:34:38.7271524Z      ^[[33m^[[2m✓^[[22m^[[39m 60 fps and 30 fps reach the identical state after the same simulated time ^[[33m 563^[[2mms^[[22m^[[39m
gate	Gate	2026-10-03T05:34:38.9165872Z  ^[[32m✓^[[39m ^[[30m^[[42m unit ^[[49m^[[39m tests/core/analytic-laws.test.ts ^[[2m(^[[22m^[[2m14 tests^[[22m^[[2m)^[[22m^[[32m 8^[[2mms^[[22m^[[39m
gate	Gate	2026-10-03T05:34:39.4005904Z  ^[[32m✓^[[39m ^[[30m^[[42m unit ^[[49m^[[39m tests/hud/metrics.test.ts ^[[2m(^[[22m^[[2m22 tests^[[22m^[[2m)^[[22m^[[32m 241^[[2mms^[[22m^[[39m
gate	Gate	2026-10-03T05:34:42.7596135Z  ^[[32m✓^[[39m ^[[30m^[[42m unit ^[[49m^[[39m tests/view/plume.test.ts ^[[2m(^[[22m^[[2m13 tests^[[22m^[[2m)^[[22m^[[33m 2676^[[2mms^[[22m^[[39m
gate	Gate	2026-10-03T05:34:42.7630457Z      ^[[33m^[[2m✓^[[22m^[[39m reports the range each flight puts the plume through ^[[33m 2603^[[2mms^[[22m^[[39m
gate	Gate	2026-10-03T05:34:43.9325741Z ^[[90mstdout^[[2m | tests/audio/vacuum.test.ts^[[2m > ^[[22m^[[2mthe two fades differ, and that IS the milestone^[[2m > ^[[22m^[[2mreaches the floor by 50 km, over the real atmosphere model
gate	Gate	2026-10-03T05:34:43.9342580Z ^[[22m^[[39mabove 50 km · at 70 km: aero 2.21e-3, engine air 0.2490
gate	Gate	2026-10-03T05:34:43.9349355Z 
gate	Gate	2026-10-03T05:34:44.0814562Z ^[[90mstdout^[[2m | tests/audio/vacuum.test.ts^[[2m > ^[[22m^[[2mthe two fades differ, and that IS the milestone^[[2m > ^[[22m^[[2mthe airflow is loud where the flight is fast and low
gate	Gate	2026-10-03T05:34:44.0816387Z ^[[22m^[[39mlaunch: peak airflow 0.689 at 5.5 km
gate	Gate	2026-10-03T05:34:44.0817045Z 
gate	Gate	2026-10-03T05:34:44.2249106Z ^[[90mstdout^[[2m | tests/audio/vacuum.test.ts^[[2m > ^[[22m^[[2mthe re-entry golden, rendered as it climbs out^[[2m > ^[[22m^[[2mthe level falls as the air does
gate	Gate	2026-10-03T05:34:44.2251785Z ^[[22m^[[39m70 km -> RMS 0.00023 · 109 km -> RMS 0.02862 · 134 km -> RMS 0.02841
gate	Gate	2026-10-03T05:34:44.2253203Z 
gate	Gate	2026-10-03T05:34:44.2441815Z ^[[90mstdout^[[2m | tests/audio/vacuum.test.ts^[[2m > ^[[22m^[[2mthe re-entry golden, rendered as it climbs out^[[2m > ^[[22m^[[2mthe same vehicle is measurably louder in air than in vacuum
gate	Gate	2026-10-03T05:34:44.2443677Z ^[[22m^[[39msame vehicle · in air RMS 0.13151 · in vacuum RMS 0.02820
gate	Gate	2026-10-03T05:34:44.2444408Z 
gate	Gate	2026-10-03T05:34:44.2453330Z  ^[[32m✓^[[39m ^[[30m^[[42m unit ^[[49m^[[39m tests/audio/vacuum.test.ts ^[[2m(^[[22m^[[2m11 tests^[[22m^[[2m)^[[22m^[[33m 1181^[[2mms^[[22m^[[39m
gate	Gate	2026-10-03T05:34:44.2455036Z      ^[[33m^[[2m✓^[[22m^[[39m reaches the floor by 50 km, over the real atmosphere model ^[[33m 862^[[2mms^[[22m^[[39m
gate	Gate	2026-10-03T05:34:44.6450782Z  ^[[32m✓^[[39m ^[[30m^[[42m unit ^[[49m^[[39m tests/core/fin-fraction.test.ts ^[[2m(^[[22m^[[2m11 tests^[[22m^[[2m)^[[22m^[[32m 121^[[2mms^[[22m^[[39m
gate	Gate	2026-10-03T05:34:45.9489619Z  ^[[32m✓^[[39m ^[[30m^[[42m unit ^[[49m^[[39m tests/core/scenarios.test.ts ^[[2m(^[[22m^[[2m51 tests^[[22m^[[2m)^[[22m^[[33m 1004^[[2mms^[[22m^[[39m
gate	Gate	2026-10-03T05:34:46.2396646Z  ^[[32m✓^[[39m ^[[30m^[[42m unit ^[[49m^[[39m tests/core/ignition.test.ts ^[[2m(^[[22m^[[2m14 tests^[[22m^[[2m)^[[22m^[[32m 63^[[2mms^[[22m^[[39m
gate	Gate	2026-10-03T05:34:54.8462569Z  ^[[32m✓^[[39m ^[[30m^[[42m unit ^[[49m^[[39m tests/core/orbit.test.ts ^[[2m(^[[22m^[[2m18 tests^[[22m^[[2m)^[[22m^[[33m 19291^[[2mms^[[22m^[[39m
gate	Gate	2026-10-03T05:34:54.8464540Z      ^[[33m^[[2m✓^[[22m^[[39m altitude holds within a kilometre over a full lap ^[[33m 3845^[[2mms^[[22m^[[39m
gate	Gate	2026-10-03T05:34:54.8466259Z      ^[[33m^[[2m✓^[[22m^[[39m speed holds within a metre per second over a full lap ^[[33m 3890^[[2mms^[[22m^[[39m
gate	Gate	2026-10-03T05:34:54.8467767Z      ^[[33m^[[2m✓^[[22m^[[39m never dips into the atmosphere or climbs away ^[[33m 3189^[[2mms^[[22m^[[39m
gate	Gate	2026-10-03T05:34:54.8469417Z      ^[[33m^[[2m✓^[[22m^[[39m completes a full revolution of downrange distance ^[[33m 3436^[[2mms^[[22m^[[39m
gate	Gate	2026-10-03T05:34:54.8470829Z      ^[[33m^[[2m✓^[[22m^[[39m an elliptical orbit comes back down again ^[[33m 4372^[[2mms^[[22m^[[39m
gate	Gate	2026-10-03T05:34:57.0445574Z  ^[[32m✓^[[39m ^[[30m^[[42m unit ^[[49m^[[39m tests/core/verlet.test.ts ^[[2m(^[[22m^[[2m8 tests^[[22m^[[2m)^[[22m^[[33m 10552^[[2mms^[[22m^[[39m
gate	Gate	2026-10-03T05:34:57.0447611Z      ^[[33m^[[2m✓^[[22m^[[39m halving dt quarters the error — the ratio is 4, where Euler gave 2 ^[[33m 1665^[[2mms^[[22m^[[39m
gate	Gate	2026-10-03T05:34:57.0449473Z      ^[[33m^[[2m✓^[[22m^[[39m and is millimetres at 15 Hz, where Euler was 796 metres ^[[33m 1651^[[2mms^[[22m^[[39m
gate	Gate	2026-10-03T05:34:57.0450988Z      ^[[33m^[[2m✓^[[22m^[[39m to a part in 10^10 or better at every rate the simulation runs at ^[[33m 3238^[[2mms^[[22m^[[39m
gate	Gate	2026-10-03T05:34:57.0452545Z      ^[[33m^[[2m✓^[[22m^[[39m altitude drift is a centimetre, and does not depend on dt ^[[33m 3358^[[2mms^[[22m^[[39m
gate	Gate	2026-10-03T05:34:57.0454115Z      ^[[33m^[[2m✓^[[22m^[[39m and in true vacuum, at 800 km, energy and altitude do not move at all ^[[33m 621^[[2mms^[[22m^[[39m
gate	Gate	2026-10-03T05:34:58.5550643Z ^[[90mstdout^[[2m | tests/audio/params.test.ts^[[2m > ^[[22m^[[2mat the throttles and engine counts the seven scenarios reach^[[2m > ^[[22m^[[2mreports the range each flight actually visits
gate	Gate	2026-10-03T05:34:58.5555813Z ^[[22m^[[39mlaunch-pad-takeoff: engine level 0.00–1.00, up to 3 lit
gate	Gate	2026-10-03T05:34:58.5557625Z booster-sep-boostback: engine level 0.00–1.00, up to 3 lit
gate	Gate	2026-10-03T05:34:58.5565772Z rtls-boostback: engine level 0.00–1.00, up to 3 lit
gate	Gate	2026-10-03T05:34:58.5566967Z reentry-autoland: engine level 0.00–0.73, up to 3 lit
gate	Gate	2026-10-03T05:34:58.5568057Z before-flip-autoland: engine level 0.00–0.73, up to 3 lit
gate	Gate	2026-10-03T05:34:58.5569405Z landing-burn-autoland: engine level 0.00–0.74, up to 3 lit
gate	Gate	2026-10-03T05:34:58.5570417Z landing-burn-headwind: engine level 0.00–0.73, up to 3 lit
gate	Gate	2026-10-03T05:34:58.5571282Z intro-demo: engine level 0.00–0.86, up to 3 lit
gate	Gate	2026-10-03T05:34:58.5571738Z 
gate	Gate	2026-10-03T05:34:58.5600016Z  ^[[32m✓^[[39m ^[[30m^[[42m unit ^[[49m^[[39m tests/audio/params.test.ts ^[[2m(^[[22m^[[2m19 tests^[[22m^[[2m)^[[22m^[[33m 3516^[[2mms^[[22m^[[39m
gate	Gate	2026-10-03T05:34:58.5601916Z      ^[[33m^[[2m✓^[[22m^[[39m reports the range each flight actually visits ^[[33m 3499^[[2mms^[[22m^[[39m
gate	Gate	2026-10-03T05:34:58.7492349Z ^[[90mstdout^[[2m | tests/view/perf.test.ts^[[2m > ^[[22m^[[2mparticle pool headroom, with the velocity streaks added^[[2m > ^[[22m^[[2mreports peak usage across all seven scenarios against the 576 baseline
gate	Gate	2026-10-03T05:34:58.7513539Z ^[[22m^[[39mlaunch-pad-takeoff: peak 750 · booster-sep-boostback: peak 492 · rtls-boostback: peak 536 · reentry-autoland: peak 631 · before-flip-autoland: peak 639 · landing-burn-autoland: peak 644 · landing-burn-headwind: peak 648 · intro-demo: peak 651
gate	Gate	2026-10-03T05:34:58.7514902Z    worst 750 of 4000 (81% free), at launch-pad-takeoff; baseline before M7.5 was 576
gate	Gate	2026-10-03T05:34:58.7523926Z 
gate	Gate	2026-10-03T05:35:01.1860684Z  ^[[32m✓^[[39m ^[[30m^[[42m unit ^[[49m^[[39m tests/view/perf.test.ts ^[[2m(^[[22m^[[2m8 tests^[[22m^[[2m)^[[22m^[[33m 23227^[[2mms^[[22m^[[39m
gate	Gate	2026-10-03T05:35:01.1862265Z      ^[[33m^[[2m✓^[[22m^[[39m the particle pool is fixed for the life of the system ^[[33m 1542^[[2mms^[[22m^[[39m
gate	Gate	2026-10-03T05:35:01.1863700Z      ^[[33m^[[2m✓^[[22m^[[39m the M6.7 and M7.5 effects do not grow it either ^[[33m 4926^[[2mms^[[22m^[[39m
gate	Gate	2026-10-03T05:35:01.1865145Z      ^[[33m^[[2m✓^[[22m^[[39m reports peak usage across all seven scenarios against the 576 baseline ^[[33m 13914^[[2mms^[[22m^[[39m
gate	Gate	2026-10-03T05:35:01.1866565Z      ^[[33m^[[2m✓^[[22m^[[39m the shock-banded core does not grow the pool either ^[[33m 2434^[[2mms^[[22m^[[39m
gate	Gate	2026-10-03T05:35:02.8771894Z Not implemented: HTMLCanvasElement's getContext() method: without installing the canvas npm package
gate	Gate	2026-10-03T05:35:03.6620677Z  ^[[32m✓^[[39m ^[[30m^[[42m unit ^[[49m^[[39m tests/ui/shell/BlackBox.test.tsx ^[[2m(^[[22m^[[2m12 tests^[[22m^[[2m)^[[22m^[[33m 616^[[2mms^[[22m^[[39m
gate	Gate	2026-10-03T05:35:03.9661614Z  ^[[32m✓^[[39m ^[[30m^[[42m unit ^[[49m^[[39m tests/offline.test.ts ^[[2m(^[[22m^[[2m14 tests^[[22m^[[2m)^[[22m^[[32m 78^[[2mms^[[22m^[[39m
gate	Gate	2026-10-03T05:35:04.2352905Z  ^[[32m✓^[[39m ^[[30m^[[42m unit ^[[49m^[[39m tests/core/thrust-altitude.test.ts ^[[2m(^[[22m^[[2m15 tests^[[22m^[[2m)^[[22m^[[32m 15^[[2mms^[[22m^[[39m
gate	Gate	2026-10-03T05:35:04.9489827Z  ^[[32m✓^[[39m ^[[30m^[[42m unit ^[[49m^[[39m tests/view/particle-textures.test.ts ^[[2m(^[[22m^[[2m11 tests^[[22m^[[2m)^[[22m^[[32m 170^[[2mms^[[22m^[[39m
gate	Gate	2026-10-03T05:35:05.5020747Z  ^[[32m✓^[[39m ^[[30m^[[42m unit ^[[49m^[[39m tests/view/horizon.test.ts ^[[2m(^[[22m^[[2m12 tests^[[22m^[[2m)^[[22m^[[32m 19^[[2mms^[[22m^[[39m
gate	Gate	2026-10-03T05:35:09.0489036Z  ^[[32m✓^[[39m ^[[30m^[[42m unit ^[[49m^[[39m tests/core/angular-momentum.test.ts ^[[2m(^[[22m^[[2m8 tests^[[22m^[[2m)^[[22m^[[33m 11713^[[2mms^[[22m^[[39m
gate	Gate	2026-10-03T05:35:09.0490309Z      ^[[33m^[[2m✓^[[22m^[[39m to better than a part in ten thousand over a hundred minutes ^[[33m 3983^[[2mms^[[22m^[[39m
gate	Gate	2026-10-03T05:35:09.0491120Z      ^[[33m^[[2m✓^[[22m^[[39m and the orbit reaches the apogee the energy says it should ^[[33m 4477^[[2mms^[[22m^[[39m
gate	Gate	2026-10-03T05:35:09.0491908Z      ^[[33m^[[2m✓^[[22m^[[39m the simulation agrees to within a kilometre in five thousand ^[[33m 505^[[2mms^[[22m^[[39m
gate	Gate	2026-10-03T05:35:09.0493223Z      ^[[33m^[[2m✓^[[22m^[[39m and the guidance's conic predicts the ground arc the simulation flies ^[[33m 482^[[2mms^[[22m^[[39m
gate	Gate	2026-10-03T05:35:09.0494181Z      ^[[33m^[[2m✓^[[22m^[[39m and CONVERGES — which is how a model error tells itself from an integrator one ^[[33m 2258^[[2mms^[[22m^[[39m
gate	Gate	2026-10-03T05:35:09.3561237Z ^[[90mstdout^[[2m | tests/audio/warnings.test.ts^[[2m > ^[[22m^[[2mear and eye read the same thresholds^[[2m > ^[[22m^[[2mstays quiet through all seven, and reports how much margin they had
gate	Gate	2026-10-03T05:35:09.3562844Z ^[[22m^[[39mlaunch-pad-takeoff: nominal (heat 0.02, Q 0.53 of limit)
gate	Gate	2026-10-03T05:35:09.3563640Z booster-sep-boostback: nominal (heat 0.01, Q 0.00 of limit)
gate	Gate	2026-10-03T05:35:09.3564352Z rtls-boostback: nominal (heat 0.02, Q 0.57 of limit)
gate	Gate	2026-10-03T05:35:09.3565009Z reentry-autoland: nominal (heat 0.64, Q 0.17 of limit)
gate	Gate	2026-10-03T05:35:09.3565699Z before-flip-autoland: nominal (heat 0.00, Q 0.06 of limit)
gate	Gate	2026-10-03T05:35:09.3566421Z landing-burn-autoland: nominal (heat 0.00, Q 0.02 of limit)
gate	Gate	2026-10-03T05:35:09.3567178Z landing-burn-headwind: nominal (heat 0.00, Q 0.02 of limit)
gate	Gate	2026-10-03T05:35:09.3567837Z intro-demo: nominal (heat 0.00, Q 0.03 of limit)
gate	Gate	2026-10-03T05:35:09.3568169Z 
gate	Gate	2026-10-03T05:35:09.3707110Z  ^[[32m✓^[[39m ^[[30m^[[42m unit ^[[49m^[[39m tests/core/wind.test.ts ^[[2m(^[[22m^[[2m10 tests^[[22m^[[2m)^[[22m^[[32m 18^[[2mms^[[22m^[[39m
gate	Gate	2026-10-03T05:35:09.3779994Z  ^[[32m✓^[[39m ^[[30m^[[42m unit ^[[49m^[[39m tests/audio/warnings.test.ts ^[[2m(^[[22m^[[2m11 tests^[[22m^[[2m)^[[22m^[[33m 3602^[[2mms^[[22m^[[39m
gate	Gate	2026-10-03T05:35:09.3810562Z      ^[[33m^[[2m✓^[[22m^[[39m stays quiet through all seven, and reports how much margin they had ^[[33m 3579^[[2mms^[[22m^[[39m
gate	Gate	2026-10-03T05:35:09.6534271Z  ^[[32m✓^[[39m ^[[30m^[[42m unit ^[[49m^[[39m tests/core/atmosphere-strato.test.ts ^[[2m(^[[22m^[[2m12 tests^[[22m^[[2m)^[[22m^[[32m 103^[[2mms^[[22m^[[39m
gate	Gate	2026-10-03T05:35:11.5275269Z  ^[[32m✓^[[39m ^[[30m^[[42m unit ^[[49m^[[39m tests/core/autopilot.test.ts ^[[2m(^[[22m^[[2m13 tests^[[22m^[[2m)^[[22m^[[33m 1928^[[2mms^[[22m^[[39m
gate	Gate	2026-10-03T05:35:11.5277408Z      ^[[33m^[[2m✓^[[22m^[[39m computes a belly-flop trigger altitude and ends the aero descent below it ^[[33m 1519^[[2mms^[[22m^[[39m
gate	Gate	2026-10-03T05:35:12.2633269Z ^[[90mstdout^[[2m | tests/core/booster-terminal-envelope.test.ts^[[2m > ^[[22m^[[2mphysical terminal catch envelope^[[2m > ^[[22m^[[2mcatches a nearby descending lug on its first crossing with paid fuel and no failures
gate	Gate	2026-10-03T05:35:12.2636387Z ^[[22m^[[39m{"seconds":9.983333333333407,"fuel":89340.2378404918,"previousHeight":90.50393921694004,"previousVX":-1.0404516640914383e-11,"previousVY":-1.70221081138702,"pitch":4.752267522091505e-14}
gate	Gate	2026-10-03T05:35:12.2637731Z 
gate	Gate	2026-10-03T05:35:12.2657712Z  ^[[32m✓^[[39m ^[[30m^[[42m unit ^[[49m^[[39m tests/core/booster-terminal-envelope.test.ts ^[[2m(^[[22m^[[2m9 tests^[[22m^[[2m)^[[22m^[[33m 475^[[2mms^[[22m^[[39m
gate	Gate	2026-10-03T05:35:13.3925833Z  ^[[32m✓^[[39m ^[[30m^[[42m unit ^[[49m^[[39m tests/core/wind-profile.test.ts ^[[2m(^[[22m^[[2m20 tests^[[22m^[[2m)^[[22m^[[33m 379^[[2mms^[[22m^[[39m
gate	Gate	2026-10-03T05:35:13.4791454Z ^[[90mstdout^[[2m | tests/view/motion-cues.test.ts^[[2m > ^[[22m^[[2mat the speeds the seven scenarios actually reach^[[2m > ^[[22m^[[2mreports where the streaks are silent and where they blow
gate	Gate	2026-10-03T05:35:13.4793877Z ^[[22m^[[39mlaunch-pad-takeoff: peak 646 m/s -> streak 0.18, silent 33% of the flight
gate	Gate	2026-10-03T05:35:13.4794949Z booster-sep-boostback: peak 1599 m/s -> streak 0.88, silent 0% of the flight
gate	Gate	2026-10-03T05:35:13.4795911Z rtls-boostback: peak 542 m/s -> streak 0.12, silent 45% of the flight
gate	Gate	2026-10-03T05:35:13.4796817Z reentry-autoland: peak 7300 m/s -> streak 1.00, silent 52% of the flight
gate	Gate	2026-10-03T05:35:13.4797758Z before-flip-autoland: peak 70 m/s -> streak 0.00, silent 100% of the flight
gate	Gate	2026-10-03T05:35:13.4798900Z landing-burn-autoland: peak 38 m/s -> streak 0.00, silent 100% of the flight
gate	Gate	2026-10-03T05:35:13.4799875Z landing-burn-headwind: peak 37 m/s -> streak 0.00, silent 100% of the flight
gate	Gate	2026-10-03T05:35:13.4800754Z intro-demo: peak 51 m/s -> streak 0.00, silent 100% of the flight
gate	Gate	2026-10-03T05:35:13.4801435Z 
gate	Gate	2026-10-03T05:35:13.6291520Z  ^[[32m✓^[[39m ^[[30m^[[42m unit ^[[49m^[[39m tests/app/input.test.ts ^[[2m(^[[22m^[[2m32 tests^[[22m^[[2m)^[[22m^[[32m 18^[[2mms^[[22m^[[39m
gate	Gate	2026-10-03T05:35:13.6361217Z ^[[90mstdout^[[2m | tests/view/motion-cues.test.ts^[[2m > ^[[22m^[[2mthe flight-path marker^[[2m > ^[[22m^[[2mlaunch-pad-takeoff: the marker never disagrees with the state vector
gate	Gate	2026-10-03T05:35:13.6390333Z ^[[22m^[[39mlaunch-pad-takeoff: nose and flight path diverge by up to 4°
gate	Gate	2026-10-03T05:35:13.6392685Z 
gate	Gate	2026-10-03T05:35:13.7319812Z ^[[90mstdout^[[2m | tests/view/motion-cues.test.ts^[[2m > ^[[22m^[[2mthe flight-path marker^[[2m > ^[[22m^[[2mbooster-sep-boostback: the marker never disagrees with the state vector
gate	Gate	2026-10-03T05:35:13.7340226Z ^[[22m^[[39mbooster-sep-boostback: nose and flight path diverge by up to 134°
gate	Gate	2026-10-03T05:35:13.7340967Z 
gate	Gate	2026-10-03T05:35:13.7342194Z  ^[[32m✓^[[39m ^[[30m^[[42m unit ^[[49m^[[39m tests/golden/replay.test.ts ^[[2m(^[[22m^[[2m17 tests^[[22m^[[2m)^[[22m^[[33m 14667^[[2mms^[[22m^[[39m
gate	Gate	2026-10-03T05:35:13.7343813Z      ^[[33m^[[2m✓^[[22m^[[39m replays field for field, sample for sample ^[[33m 778^[[2mms^[[22m^[[39m
gate	Gate	2026-10-03T05:35:13.7345192Z      ^[[33m^[[2m✓^[[22m^[[39m replays field for field, sample for sample ^[[33m 848^[[2mms^[[22m^[[39m
gate	Gate	2026-10-03T05:35:13.7346479Z      ^[[33m^[[2m✓^[[22m^[[39m replays field for field, sample for sample ^[[33m 792^[[2mms^[[22m^[[39m
gate	Gate	2026-10-03T05:35:13.7347779Z      ^[[33m^[[2m✓^[[22m^[[39m replays field for field, sample for sample ^[[33m 5211^[[2mms^[[22m^[[39m
gate	Gate	2026-10-03T05:35:13.7349258Z      ^[[33m^[[2m✓^[[22m^[[39m replays field for field, sample for sample ^[[33m 774^[[2mms^[[22m^[[39m
gate	Gate	2026-10-03T05:35:13.7350862Z      ^[[33m^[[2m✓^[[22m^[[39m round-trip through the serialiser preserves every value exactly ^[[33m 5016^[[2mms^[[22m^[[39m
gate	Gate	2026-10-03T05:35:13.8847405Z ^[[90mstdout^[[2m | tests/view/motion-cues.test.ts^[[2m > ^[[22m^[[2mthe flight-path marker^[[2m > ^[[22m^[[2mrtls-boostback: the marker never disagrees with the state vector
gate	Gate	2026-10-03T05:35:13.8879655Z ^[[22m^[[39mrtls-boostback: nose and flight path diverge by up to 179°
gate	Gate	2026-10-03T05:35:13.8880250Z 
gate	Gate	2026-10-03T05:35:14.5660706Z  ^[[32m✓^[[39m ^[[30m^[[42m unit ^[[49m^[[39m tests/view/terrain.test.ts ^[[2m(^[[22m^[[2m11 tests^[[22m^[[2m)^[[22m^[[32m 268^[[2mms^[[22m^[[39m
gate	Gate	2026-10-03T05:35:15.2894828Z Not implemented: HTMLCanvasElement's getContext() method: without installing the canvas npm package
gate	Gate	2026-10-03T05:35:16.1451077Z ^[[90mstdout^[[2m | tests/view/motion-cues.test.ts^[[2m > ^[[22m^[[2mthe flight-path marker^[[2m > ^[[22m^[[2mreentry-autoland: the marker never disagrees with the state vector
gate	Gate	2026-10-03T05:35:16.1466970Z ^[[22m^[[39mreentry-autoland: nose and flight path diverge by up to 180°
gate	Gate	2026-10-03T05:35:16.1479301Z 
gate	Gate	2026-10-03T05:35:16.5049765Z  ^[[32m✓^[[39m ^[[30m^[[42m unit ^[[49m^[[39m tests/ui/shell/Hud.test.tsx ^[[2m(^[[22m^[[2m9 tests^[[22m^[[2m)^[[22m^[[33m 875^[[2mms^[[22m^[[39m
gate	Gate	2026-10-03T05:35:16.5094966Z      ^[[33m^[[2m✓^[[22m^[[39m gives its zone to the debrief once the flight has ended, and takes it back ^[[33m 332^[[2mms^[[22m^[[39m
gate	Gate	2026-10-03T05:35:16.7076104Z ^[[90mstdout^[[2m | tests/view/motion-cues.test.ts^[[2m > ^[[22m^[[2mthe flight-path marker^[[2m > ^[[22m^[[2mbefore-flip-autoland: the marker never disagrees with the state vector
gate	Gate	2026-10-03T05:35:16.7080839Z ^[[22m^[[39mbefore-flip-autoland: nose and flight path diverge by up to 180°
gate	Gate	2026-10-03T05:35:16.7081738Z 
gate	Gate	2026-10-03T05:35:16.7467524Z ^[[90mstdout^[[2m | tests/view/motion-cues.test.ts^[[2m > ^[[22m^[[2mthe flight-path marker^[[2m > ^[[22m^[[2mlanding-burn-autoland: the marker never disagrees with the state vector
gate	Gate	2026-10-03T05:35:16.7470004Z ^[[22m^[[39mlanding-burn-autoland: nose and flight path diverge by up to 180°
gate	Gate	2026-10-03T05:35:16.7470762Z 
gate	Gate	2026-10-03T05:35:16.7823385Z ^[[90mstdout^[[2m | tests/view/motion-cues.test.ts^[[2m > ^[[22m^[[2mthe flight-path marker^[[2m > ^[[22m^[[2mlanding-burn-headwind: the marker never disagrees with the state vector
gate	Gate	2026-10-03T05:35:16.7825258Z ^[[22m^[[39mlanding-burn-headwind: nose and flight path diverge by up to 180°
gate	Gate	2026-10-03T05:35:16.7849724Z 
gate	Gate	2026-10-03T05:35:16.8140817Z ^[[90mstdout^[[2m | tests/view/motion-cues.test.ts^[[2m > ^[[22m^[[2mthe flight-path marker^[[2m > ^[[22m^[[2mintro-demo: the marker never disagrees with the state vector
gate	Gate	2026-10-03T05:35:16.8160364Z ^[[22m^[[39mintro-demo: nose and flight path diverge by up to 180°
gate	Gate	2026-10-03T05:35:16.8203231Z 
gate	Gate	2026-10-03T05:35:18.4296049Z  ^[[32m✓^[[39m ^[[30m^[[42m unit ^[[49m^[[39m tests/view/motion-cues.test.ts ^[[2m(^[[22m^[[2m19 tests^[[22m^[[2m)^[[22m^[[33m 8175^[[2mms^[[22m^[[39m
gate	Gate	2026-10-03T05:35:18.4297606Z      ^[[33m^[[2m✓^[[22m^[[39m reports where the streaks are silent and where they blow ^[[33m 3208^[[2mms^[[22m^[[39m
gate	Gate	2026-10-03T05:35:18.4299187Z      ^[[33m^[[2m✓^[[22m^[[39m reentry-autoland: the marker never disagrees with the state vector ^[[33m 2259^[[2mms^[[22m^[[39m
gate	Gate	2026-10-03T05:35:18.4300376Z      ^[[33m^[[2m✓^[[22m^[[39m before-flip-autoland: the marker never disagrees with the state vector ^[[33m 564^[[2mms^[[22m^[[39m
gate	Gate	2026-10-03T05:35:18.4301277Z      ^[[33m^[[2m✓^[[22m^[[39m the divergence is real on at least one scenario, or this draws nothing ^[[33m 1616^[[2mms^[[22m^[[39m
gate	Gate	2026-10-03T05:35:22.8247855Z  ^[[32m✓^[[39m ^[[30m^[[42m unit ^[[49m^[[39m tests/view/atmosphere-look.test.ts ^[[2m(^[[22m^[[2m22 tests^[[22m^[[2m)^[[22m^[[33m 3798^[[2mms^[[22m^[[39m
gate	Gate	2026-10-03T05:35:22.8289962Z      ^[[33m^[[2m✓^[[22m^[[39m rises monotonically between the two ^[[33m 3673^[[2mms^[[22m^[[39m
gate	Gate	2026-10-03T05:35:23.3468438Z  ^[[32m✓^[[39m ^[[30m^[[42m unit ^[[49m^[[39m tests/core/step.test.ts ^[[2m(^[[22m^[[2m15 tests^[[22m^[[2m)^[[22m^[[33m 323^[[2mms^[[22m^[[39m
gate	Gate	2026-10-03T05:35:24.9255399Z Not implemented: HTMLCanvasElement's getContext() method: without installing the canvas npm package
gate	Gate	2026-10-03T05:35:25.3488217Z  ^[[32m✓^[[39m ^[[30m^[[42m unit ^[[49m^[[39m tests/ui/shell/Debrief.test.tsx ^[[2m(^[[22m^[[2m10 tests^[[22m^[[2m)^[[22m^[[33m 359^[[2mms^[[22m^[[39m
gate	Gate	2026-10-03T05:35:26.6620560Z  ^[[32m✓^[[39m ^[[30m^[[42m unit ^[[49m^[[39m tests/hud/binder.test.ts ^[[2m(^[[22m^[[2m9 tests^[[22m^[[2m)^[[22m^[[33m 1057^[[2mms^[[22m^[[39m
gate	Gate	2026-10-03T05:35:26.6650346Z      ^[[33m^[[2m✓^[[22m^[[39m a real flight writes a small fraction of what an undiffed binder would ^[[33m 1007^[[2mms^[[22m^[[39m
gate	Gate	2026-10-03T05:35:27.9197577Z  ^[[32m✓^[[39m ^[[30m^[[42m unit ^[[49m^[[39m tests/core/rng.test.ts ^[[2m(^[[22m^[[2m15 tests^[[22m^[[2m)^[[22m^[[33m 1063^[[2mms^[[22m^[[39m
gate	Gate	2026-10-03T05:35:27.9199835Z      ^[[33m^[[2m✓^[[22m^[[39m stays in [0, 1) ^[[33m 929^[[2mms^[[22m^[[39m
gate	Gate	2026-10-03T05:35:28.2481160Z ^[[90mstdout^[[2m | tests/audio/render.test.ts^[[2m > ^[[22m^[[2mthe engine is louder at 100% than at 40% — measured, not asserted^[[2m > ^[[22m^[[2mrises with throttle
gate	Gate	2026-10-03T05:35:28.2509351Z ^[[22m^[[39mthree engines: 40% RMS 0.09131 · 100% RMS 0.13051
gate	Gate	2026-10-03T05:35:28.2518879Z 
gate	Gate	2026-10-03T05:35:28.2552082Z ^[[90mstdout^[[2m | tests/audio/render.test.ts^[[2m > ^[[22m^[[2mthe engine is louder at 100% than at 40% — measured, not asserted^[[2m > ^[[22m^[[2mrises with engine count
gate	Gate	2026-10-03T05:35:28.2569358Z ^[[22m^[[39mat 100%: one engine RMS 0.07535 · three RMS 0.13051
gate	Gate	2026-10-03T05:35:28.2579095Z 
gate	Gate	2026-10-03T05:35:28.2652095Z ^[[90mstdout^[[2m | tests/audio/render.test.ts^[[2m > ^[[22m^[[2mthe engine is louder at 100% than at 40% — measured, not asserted^[[2m > ^[[22m^[[2mdistinguishes three engines at 40% from two at 100%
gate	Gate	2026-10-03T05:35:28.2679123Z ^[[22m^[[39mthree at 40% RMS 0.09131 · two at 100% RMS 0.10656
gate	Gate	2026-10-03T05:35:28.2708703Z 
gate	Gate	2026-10-03T05:35:28.2720158Z ^[[90mstdout^[[2m | tests/audio/render.test.ts^[[2m > ^[[22m^[[2mthe air fade, rendered^[[2m > ^[[22m^[[2mfalls toward its floor in vacuum without reaching silence
gate	Gate	2026-10-03T05:35:28.2739588Z ^[[22m^[[39msea level RMS 0.13051 · vacuum RMS 0.02871 · ratio 0.2200 against a floor of 0.22
gate	Gate	2026-10-03T05:35:28.2838890Z 
gate	Gate	2026-10-03T05:35:28.3105719Z  ^[[32m✓^[[39m ^[[30m^[[42m unit ^[[49m^[[39m tests/audio/render.test.ts ^[[2m(^[[22m^[[2m7 tests^[[22m^[[2m)^[[22m^[[32m 79^[[2mms^[[22m^[[39m
gate	Gate	2026-10-03T05:35:28.8693543Z  ^[[32m✓^[[39m ^[[30m^[[42m unit ^[[49m^[[39m tests/hud/timeline-binder.test.ts ^[[2m(^[[22m^[[2m8 tests^[[22m^[[2m)^[[22m^[[33m 313^[[2mms^[[22m^[[39m
gate	Gate	2026-10-03T05:35:29.1451473Z  ^[[32m✓^[[39m ^[[30m^[[42m unit ^[[49m^[[39m tests/ui/controls.test.ts ^[[2m(^[[22m^[[2m20 tests^[[22m^[[2m)^[[22m^[[32m 38^[[2mms^[[22m^[[39m
gate	Gate	2026-10-03T05:35:29.7790915Z ^[[90mstdout^[[2m | tests/audio/transients.test.ts^[[2m > ^[[22m^[[2mthe latch fires once per event^[[2m > ^[[22m^[[2mlaunch-pad-takeoff
gate	Gate	2026-10-03T05:35:29.7792895Z ^[[22m^[[39mlaunch-pad-takeoff: ignition x3
gate	Gate	2026-10-03T05:35:29.7793463Z 
gate	Gate	2026-10-03T05:35:29.9678211Z ^[[90mstdout^[[2m | tests/audio/transients.test.ts^[[2m > ^[[22m^[[2mthe latch fires once per event^[[2m > ^[[22m^[[2mbooster-sep-boostback
gate	Gate	2026-10-03T05:35:29.9679875Z ^[[22m^[[39mbooster-sep-boostback: ignition x3
gate	Gate	2026-10-03T05:35:29.9680464Z 
gate	Gate	2026-10-03T05:35:30.1686741Z ^[[90mstdout^[[2m | tests/audio/transients.test.ts^[[2m > ^[[22m^[[2mthe latch fires once per event^[[2m > ^[[22m^[[2mrtls-boostback
gate	Gate	2026-10-03T05:35:30.1688249Z ^[[22m^[[39mrtls-boostback: ignition x6, shutdown x6
gate	Gate	2026-10-03T05:35:30.1689064Z 
gate	Gate	2026-10-03T05:35:32.4887364Z ^[[90mstdout^[[2m | tests/audio/transients.test.ts^[[2m > ^[[22m^[[2mthe latch fires once per event^[[2m > ^[[22m^[[2mreentry-autoland
gate	Gate	2026-10-03T05:35:32.4889117Z ^[[22m^[[39mreentry-autoland: ignition x3, shutdown x3, touchdown x1
gate	Gate	2026-10-03T05:35:32.4889809Z 
gate	Gate	2026-10-03T05:35:33.0552415Z ^[[90mstdout^[[2m | tests/audio/transients.test.ts^[[2m > ^[[22m^[[2mthe latch fires once per event^[[2m > ^[[22m^[[2mbefore-flip-autoland
gate	Gate	2026-10-03T05:35:33.0554113Z ^[[22m^[[39mbefore-flip-autoland: ignition x3, shutdown x3, touchdown x1
gate	Gate	2026-10-03T05:35:33.0554765Z 
gate	Gate	2026-10-03T05:35:33.1344348Z ^[[90mstdout^[[2m | tests/audio/transients.test.ts^[[2m > ^[[22m^[[2mthe latch fires once per event^[[2m > ^[[22m^[[2mlanding-burn-autoland
gate	Gate	2026-10-03T05:35:33.1399895Z ^[[22m^[[39mlanding-burn-autoland: ignition x3, shutdown x3, touchdown x1
gate	Gate	2026-10-03T05:35:33.1459014Z 
gate	Gate	2026-10-03T05:35:33.2193543Z ^[[90mstdout^[[2m | tests/audio/transients.test.ts^[[2m > ^[[22m^[[2mthe latch fires once per event^[[2m > ^[[22m^[[2mlanding-burn-headwind
gate	Gate	2026-10-03T05:35:33.2195167Z ^[[22m^[[39mlanding-burn-headwind: ignition x3, shutdown x3, touchdown x1
gate	Gate	2026-10-03T05:35:33.2195881Z 
gate	Gate	2026-10-03T05:35:33.2618278Z ^[[90mstdout^[[2m | tests/audio/transients.test.ts^[[2m > ^[[22m^[[2mthe latch fires once per event^[[2m > ^[[22m^[[2mintro-demo
gate	Gate	2026-10-03T05:35:33.2619921Z ^[[22m^[[39mintro-demo: ignition x3, shutdown x3, touchdown x1
gate	Gate	2026-10-03T05:35:33.2620537Z 
gate	Gate	2026-10-03T05:35:33.3480701Z  ^[[32m✓^[[39m ^[[30m^[[42m unit ^[[49m^[[39m tests/audio/transients.test.ts ^[[2m(^[[22m^[[2m16 tests^[[22m^[[2m)^[[22m^[[33m 3850^[[2mms^[[22m^[[39m
gate	Gate	2026-10-03T05:35:33.3519927Z      ^[[33m^[[2m✓^[[22m^[[39m reentry-autoland ^[[33m 2320^[[2mms^[[22m^[[39m
gate	Gate	2026-10-03T05:35:33.3570460Z      ^[[33m^[[2m✓^[[22m^[[39m before-flip-autoland ^[[33m 566^[[2mms^[[22m^[[39m
gate	Gate	2026-10-03T05:35:33.6567875Z  ^[[32m✓^[[39m ^[[30m^[[42m unit ^[[49m^[[39m tests/core/rotating-frame.test.ts ^[[2m(^[[22m^[[2m13 tests^[[22m^[[2m)^[[22m^[[32m 83^[[2mms^[[22m^[[39m
gate	Gate	2026-10-03T05:35:35.3746986Z Not implemented: HTMLCanvasElement's getContext() method: without installing the canvas npm package
gate	Gate	2026-10-03T05:35:35.8115069Z  ^[[32m✓^[[39m ^[[30m^[[42m unit ^[[49m^[[39m tests/ui/shell/StatusBar.test.tsx ^[[2m(^[[22m^[[2m9 tests^[[22m^[[2m)^[[22m^[[33m 376^[[2mms^[[22m^[[39m
gate	Gate	2026-10-03T05:35:36.4191040Z  ^[[32m✓^[[39m ^[[30m^[[42m unit ^[[49m^[[39m tests/view/sky.test.ts ^[[2m(^[[22m^[[2m17 tests^[[22m^[[2m)^[[22m^[[32m 36^[[2mms^[[22m^[[39m
gate	Gate	2026-10-03T05:35:36.6560181Z  ^[[32m✓^[[39m ^[[30m^[[42m unit ^[[49m^[[39m tests/core/heat-argument.test.ts ^[[2m(^[[22m^[[2m9 tests^[[22m^[[2m)^[[22m^[[32m 12^[[2mms^[[22m^[[39m
gate	Gate	2026-10-03T05:35:38.2787424Z  ^[[32m✓^[[39m ^[[30m^[[42m unit ^[[49m^[[39m tests/core/rcs-dead-zone.test.ts ^[[2m(^[[22m^[[2m7 tests^[[22m^[[2m)^[[22m^[[33m 1388^[[2mms^[[22m^[[39m
gate	Gate	2026-10-03T05:35:38.2823045Z      ^[[33m^[[2m✓^[[22m^[[39m and then HOLDS it, rather than carrying on rotating ^[[33m 752^[[2mms^[[22m^[[39m
gate	Gate	2026-10-03T05:35:38.2824708Z      ^[[33m^[[2m✓^[[22m^[[39m the thrusters fire below saturation, not only at the cap ^[[33m 339^[[2mms^[[22m^[[39m
gate	Gate	2026-10-03T05:35:38.5383086Z  ^[[32m✓^[[39m ^[[30m^[[42m unit ^[[49m^[[39m tests/core/rvac.test.ts ^[[2m(^[[22m^[[2m13 tests^[[22m^[[2m)^[[22m^[[32m 16^[[2mms^[[22m^[[39m
gate	Gate	2026-10-03T05:35:38.9685031Z  ^[[32m✓^[[39m ^[[30m^[[42m unit ^[[49m^[[39m tests/app/recorder.test.ts ^[[2m(^[[22m^[[2m12 tests^[[22m^[[2m)^[[22m^[[32m 199^[[2mms^[[22m^[[39m
gate	Gate	2026-10-03T05:35:39.3033367Z  ^[[32m✓^[[39m ^[[30m^[[42m unit ^[[49m^[[39m tests/budget.test.ts ^[[2m(^[[22m^[[2m11 tests^[[22m^[[2m)^[[22m^[[32m 165^[[2mms^[[22m^[[39m
gate	Gate	2026-10-03T05:35:39.5907395Z  ^[[32m✓^[[39m ^[[30m^[[42m unit ^[[49m^[[39m tests/core/collapsed-trig.test.ts ^[[2m(^[[22m^[[2m11 tests^[[22m^[[2m)^[[22m^[[32m 106^[[2mms^[[22m^[[39m
gate	Gate	2026-10-03T05:35:39.7876030Z  ^[[32m✓^[[39m ^[[30m^[[42m unit ^[[49m^[[39m tests/core/super-heavy.test.ts ^[[2m(^[[22m^[[2m8 tests^[[22m^[[2m)^[[22m^[[32m 18^[[2mms^[[22m^[[39m
gate	Gate	2026-10-03T05:35:39.9744812Z  ^[[32m✓^[[39m ^[[30m^[[42m unit ^[[49m^[[39m tests/ui/no-neumorphism.test.ts ^[[2m(^[[22m^[[2m5 tests^[[22m^[[2m)^[[22m^[[32m 34^[[2mms^[[22m^[[39m
gate	Gate	2026-10-03T05:35:40.2965238Z  ^[[32m✓^[[39m ^[[30m^[[42m unit ^[[49m^[[39m tests/core/pitch-rate.test.ts ^[[2m(^[[22m^[[2m11 tests^[[22m^[[2m)^[[22m^[[32m 86^[[2mms^[[22m^[[39m
gate	Gate	2026-10-03T05:35:40.8803882Z  ^[[32m✓^[[39m ^[[30m^[[42m unit ^[[49m^[[39m tests/ui/contrast.test.ts ^[[2m(^[[22m^[[2m12 tests^[[22m^[[2m)^[[22m^[[32m 10^[[2mms^[[22m^[[39m
gate	Gate	2026-10-03T05:35:42.7418015Z  ^[[32m✓^[[39m ^[[30m^[[42m unit ^[[49m^[[39m tests/lint-walls/walls.test.ts ^[[2m(^[[22m^[[2m14 tests^[[22m^[[2m)^[[22m^[[33m 1527^[[2mms^[[22m^[[39m
gate	Gate	2026-10-03T05:35:42.7421292Z      ^[[33m^[[2m✓^[[22m^[[39m wall 1: no view/ ui/ hud/ app/ PIXI or React imports ^[[33m 1299^[[2mms^[[22m^[[39m
gate	Gate	2026-10-03T05:35:42.9944954Z  ^[[32m✓^[[39m ^[[30m^[[42m unit ^[[49m^[[39m tests/core/tower-catch.test.ts ^[[2m(^[[22m^[[2m8 tests^[[22m^[[2m)^[[22m^[[32m 15^[[2mms^[[22m^[[39m
gate	Gate	2026-10-03T05:35:43.3800171Z  ^[[32m✓^[[39m ^[[30m^[[42m unit ^[[49m^[[39m tests/proofs/ship-guidance.test.ts ^[[2m(^[[22m^[[2m8 tests^[[22m^[[2m)^[[22m^[[32m 147^[[2mms^[[22m^[[39m
gate	Gate	2026-10-03T05:35:43.6338708Z  ^[[32m✓^[[39m ^[[30m^[[42m unit ^[[49m^[[39m tests/core/failure-freshness.test.ts ^[[2m(^[[22m^[[2m7 tests^[[22m^[[2m)^[[22m^[[32m 13^[[2mms^[[22m^[[39m
gate	Gate	2026-10-03T05:35:44.0104825Z  ^[[32m✓^[[39m ^[[30m^[[42m unit ^[[49m^[[39m tests/hud/indicators.test.ts ^[[2m(^[[22m^[[2m8 tests^[[22m^[[2m)^[[22m^[[32m 158^[[2mms^[[22m^[[39m
gate	Gate	2026-10-03T05:35:44.6185934Z  ^[[32m✓^[[39m ^[[30m^[[42m unit ^[[49m^[[39m tests/view/lighting.test.ts ^[[2m(^[[22m^[[2m9 tests^[[22m^[[2m)^[[22m^[[32m 16^[[2mms^[[22m^[[39m
gate	Gate	2026-10-03T05:35:46.0593805Z Not implemented: HTMLCanvasElement's getContext() method: without installing the canvas npm package
gate	Gate	2026-10-03T05:35:46.6431005Z  ^[[32m✓^[[39m ^[[30m^[[42m unit ^[[49m^[[39m tests/ui/shell/TrajectoryCard.test.tsx ^[[2m(^[[22m^[[2m9 tests^[[22m^[[2m)^[[22m^[[33m 348^[[2mms^[[22m^[[39m
gate	Gate	2026-10-03T05:35:46.9666631Z  ^[[32m✓^[[39m ^[[30m^[[42m unit ^[[49m^[[39m tests/core/speed-of-sound.test.ts ^[[2m(^[[22m^[[2m13 tests^[[22m^[[2m)^[[22m^[[32m 60^[[2mms^[[22m^[[39m
gate	Gate	2026-10-03T05:35:47.7800238Z  ^[[32m✓^[[39m ^[[30m^[[42m unit ^[[49m^[[39m tests/view/emissive-bell.test.ts ^[[2m(^[[22m^[[2m8 tests^[[22m^[[2m)^[[22m^[[32m 240^[[2mms^[[22m^[[39m
gate	Gate	2026-10-03T05:35:48.1830188Z  ^[[32m✓^[[39m ^[[30m^[[42m unit ^[[49m^[[39m tests/proofs/dt-substitution.test.ts ^[[2m(^[[22m^[[2m4 tests^[[22m^[[2m)^[[22m^[[32m 225^[[2mms^[[22m^[[39m
gate	Gate	2026-10-03T05:35:48.3825807Z  ^[[32m✓^[[39m ^[[30m^[[42m unit ^[[49m^[[39m tests/ui/tabular-digits.test.ts ^[[2m(^[[22m^[[2m22 tests^[[22m^[[2m)^[[22m^[[32m 12^[[2mms^[[22m^[[39m
gate	Gate	2026-10-03T05:35:48.5718345Z  ^[[32m✓^[[39m ^[[30m^[[42m unit ^[[49m^[[39m tests/flies-every-scenario.test.ts ^[[2m(^[[22m^[[2m17 tests^[[22m^[[2m)^[[22m^[[33m 31859^[[2mms^[[22m^[[39m
gate	Gate	2026-10-03T05:35:48.5758044Z      ^[[33m^[[2m✓^[[22m^[[39m launch-pad flies ^[[33m 626^[[2mms^[[22m^[[39m
gate	Gate	2026-10-03T05:35:48.5834532Z      ^[[33m^[[2m✓^[[22m^[[39m booster-sep flies ^[[33m 538^[[2mms^[[22m^[[39m
gate	Gate	2026-10-03T05:35:48.5849804Z      ^[[33m^[[2m✓^[[22m^[[39m circularize flies ^[[33m 498^[[2mms^[[22m^[[39m
gate	Gate	2026-10-03T05:35:48.5850825Z      ^[[33m^[[2m✓^[[22m^[[39m deorbit flies ^[[33m 534^[[2mms^[[22m^[[39m
gate	Gate	2026-10-03T05:35:48.5851860Z      ^[[33m^[[2m✓^[[22m^[[39m booster-sep: auto-land landed ^[[33m 20722^[[2mms^[[22m^[[39m
gate	Gate	2026-10-03T05:35:48.5852892Z      ^[[33m^[[2m✓^[[22m^[[39m rtls: auto-land landed ^[[33m 3443^[[2mms^[[22m^[[39m
gate	Gate	2026-10-03T05:35:48.5853941Z      ^[[33m^[[2m✓^[[22m^[[39m before-flip: auto-land landed ^[[33m 592^[[2mms^[[22m^[[39m
gate	Gate	2026-10-03T05:35:48.5854956Z      ^[[33m^[[2m✓^[[22m^[[39m reentry: auto-land landed ^[[33m 2320^[[2mms^[[22m^[[39m
gate	Gate	2026-10-03T05:35:48.5856110Z      ^[[33m^[[2m✓^[[22m^[[39m reentry: survives the heat it now actually meets ^[[33m 2020^[[2mms^[[22m^[[39m
gate	Gate	2026-10-03T05:35:48.7797877Z  ^[[32m✓^[[39m ^[[30m^[[42m unit ^[[49m^[[39m tests/ui/preferences.test.ts ^[[2m(^[[22m^[[2m6 tests^[[22m^[[2m)^[[22m^[[32m 22^[[2mms^[[22m^[[39m
gate	Gate	2026-10-03T05:35:49.7488161Z  ^[[32m✓^[[39m ^[[30m^[[42m unit ^[[49m^[[39m tests/proofs/ship-engines.test.ts ^[[2m(^[[22m^[[2m4 tests^[[22m^[[2m)^[[22m^[[33m 761^[[2mms^[[22m^[[39m
gate	Gate	2026-10-03T05:35:49.7510213Z      ^[[33m^[[2m✓^[[22m^[[39m preserves fuel-paid fraction, dry mass and dump transitions across the domain ^[[33m 633^[[2mms^[[22m^[[39m
gate	Gate	2026-10-03T05:35:50.3410719Z  ^[[32m✓^[[39m ^[[30m^[[42m unit ^[[49m^[[39m tests/view/reentry.test.ts ^[[2m(^[[22m^[[2m8 tests^[[22m^[[2m)^[[22m^[[32m 7^[[2mms^[[22m^[[39m
gate	Gate	2026-10-03T05:35:50.3718038Z  ^[[32m✓^[[39m ^[[30m^[[42m unit ^[[49m^[[39m tests/ui/shell/BlackBoxPlots.test.ts ^[[2m(^[[22m^[[2m4 tests^[[22m^[[2m)^[[22m^[[33m 665^[[2mms^[[22m^[[39m
gate	Gate	2026-10-03T05:35:50.3720037Z      ^[[33m^[[2m✓^[[22m^[[39m draws one cell per plot, keyed by the recorder ids ^[[33m 390^[[2mms^[[22m^[[39m
gate	Gate	2026-10-03T05:35:50.5943589Z  ^[[32m✓^[[39m ^[[30m^[[42m unit ^[[49m^[[39m tests/proofs/rcs-reserve.test.ts ^[[2m(^[[22m^[[2m5 tests^[[22m^[[2m)^[[22m^[[32m 6^[[2mms^[[22m^[[39m
gate	Gate	2026-10-03T05:35:52.1246363Z  ^[[32m✓^[[39m ^[[30m^[[42m unit ^[[49m^[[39m tests/proofs/ship-step.test.ts ^[[2m(^[[22m^[[2m6 tests^[[22m^[[2m)^[[22m^[[33m 1277^[[2mms^[[22m^[[39m
gate	Gate	2026-10-03T05:35:52.1260675Z      ^[[33m^[[2m✓^[[22m^[[39m preserves every field across engine, atmosphere, attitude, fuel and dt boundaries ^[[33m 1263^[[2mms^[[22m^[[39m
gate	Gate	2026-10-03T05:35:52.3258931Z  ^[[32m✓^[[39m ^[[30m^[[42m unit ^[[49m^[[39m tests/hud/haptics.test.ts ^[[2m(^[[22m^[[2m8 tests^[[22m^[[2m)^[[22m^[[32m 10^[[2mms^[[22m^[[39m
gate	Gate	2026-10-03T05:35:52.9470652Z  ^[[32m✓^[[39m ^[[30m^[[42m unit ^[[49m^[[39m tests/core/invariants.test.ts ^[[2m(^[[22m^[[2m4 tests^[[22m^[[2m)^[[22m^[[33m 2304^[[2mms^[[22m^[[39m
gate	Gate	2026-10-03T05:35:52.9472818Z      ^[[33m^[[2m✓^[[22m^[[39m every number stays finite, or is a sentinel it started as ^[[33m 833^[[2mms^[[22m^[[39m
gate	Gate	2026-10-03T05:35:52.9474050Z      ^[[33m^[[2m✓^[[22m^[[39m mass never increases, and propellant never goes negative ^[[33m 896^[[2mms^[[22m^[[39m
gate	Gate	2026-10-03T05:35:52.9475505Z      ^[[33m^[[2m✓^[[22m^[[39m with the engines off and no wind, orbital energy never rises beyond integrator error ^[[33m 442^[[2mms^[[22m^[[39m
gate	Gate	2026-10-03T05:35:53.2934624Z  ^[[32m✓^[[39m ^[[30m^[[42m unit ^[[49m^[[39m tests/core/random-failure.test.ts ^[[2m(^[[22m^[[2m8 tests^[[22m^[[2m)^[[22m^[[32m 111^[[2mms^[[22m^[[39m
gate	Gate	2026-10-03T05:35:53.9195948Z Not implemented: HTMLCanvasElement's getContext() method: without installing the canvas npm package
gate	Gate	2026-10-03T05:35:54.2339748Z  ^[[32m✓^[[39m ^[[30m^[[42m unit ^[[49m^[[39m tests/ui/shell/FirstFlight.test.tsx ^[[2m(^[[22m^[[2m8 tests^[[22m^[[2m)^[[22m^[[32m 145^[[2mms^[[22m^[[39m
gate	Gate	2026-10-03T05:35:54.4510678Z  ^[[32m✓^[[39m ^[[30m^[[42m unit ^[[49m^[[39m tests/hud/readouts.test.ts ^[[2m(^[[22m^[[2m9 tests^[[22m^[[2m)^[[22m^[[32m 12^[[2mms^[[22m^[[39m
gate	Gate	2026-10-03T05:35:54.7374966Z  ^[[32m✓^[[39m ^[[30m^[[42m unit ^[[49m^[[39m tests/ui/guide.test.ts ^[[2m(^[[22m^[[2m5 tests^[[22m^[[2m)^[[22m^[[32m 10^[[2mms^[[22m^[[39m
gate	Gate	2026-10-03T05:35:54.8650365Z Not implemented: HTMLCanvasElement's getContext() method: without installing the canvas npm package
gate	Gate	2026-10-03T05:35:54.9554145Z  ^[[32m✓^[[39m ^[[30m^[[42m unit ^[[49m^[[39m tests/ui/session.test.ts ^[[2m(^[[22m^[[2m7 tests^[[22m^[[2m)^[[22m^[[32m 19^[[2mms^[[22m^[[39m
gate	Gate	2026-10-03T05:35:55.0180459Z  ^[[32m✓^[[39m ^[[30m^[[42m unit ^[[49m^[[39m tests/app/debug.test.ts ^[[2m(^[[22m^[[2m9 tests^[[22m^[[2m)^[[22m^[[32m 24^[[2mms^[[22m^[[39m
gate	Gate	2026-10-03T05:35:55.2910552Z  ^[[32m✓^[[39m ^[[30m^[[42m unit ^[[49m^[[39m tests/proofs/ship-vehicle.test.ts ^[[2m(^[[22m^[[2m3 tests^[[22m^[[2m)^[[22m^[[32m 145^[[2mms^[[22m^[[39m
gate	Gate	2026-10-03T05:35:55.3632968Z  ^[[32m✓^[[39m ^[[30m^[[42m unit ^[[49m^[[39m tests/core/guidance-truth.test.ts ^[[2m(^[[22m^[[2m4 tests^[[22m^[[2m)^[[22m^[[32m 102^[[2mms^[[22m^[[39m
gate	Gate	2026-10-03T05:35:55.4861011Z  ^[[32m✓^[[39m ^[[30m^[[42m unit ^[[49m^[[39m tests/core/booster-return-plan.test.ts ^[[2m(^[[22m^[[2m5 tests^[[22m^[[2m)^[[22m^[[32m 5^[[2mms^[[22m^[[39m
gate	Gate	2026-10-03T05:35:55.6215862Z  ^[[32m✓^[[39m ^[[30m^[[42m unit ^[[49m^[[39m tests/core/grid-fins.test.ts ^[[2m(^[[22m^[[2m5 tests^[[22m^[[2m)^[[22m^[[32m 13^[[2mms^[[22m^[[39m
gate	Gate	2026-10-03T05:35:55.7260738Z  ^[[32m✓^[[39m ^[[30m^[[42m unit ^[[49m^[[39m tests/core/felt-g.test.ts ^[[2m(^[[22m^[[2m4 tests^[[22m^[[2m)^[[22m^[[32m 11^[[2mms^[[22m^[[39m
gate	Gate	2026-10-03T05:35:55.8677222Z  ^[[32m✓^[[39m ^[[30m^[[42m unit ^[[49m^[[39m tests/proofs/ship-geometry.test.ts ^[[2m(^[[22m^[[2m3 tests^[[22m^[[2m)^[[22m^[[32m 78^[[2mms^[[22m^[[39m
gate	Gate	2026-10-03T05:35:56.1749153Z  ^[[32m✓^[[39m ^[[30m^[[42m unit ^[[49m^[[39m tests/core/tank-empty.test.ts ^[[2m(^[[22m^[[2m4 tests^[[22m^[[2m)^[[22m^[[32m 13^[[2mms^[[22m^[[39m
gate	Gate	2026-10-03T05:35:56.4966436Z  ^[[32m✓^[[39m ^[[30m^[[42m unit ^[[49m^[[39m tests/core/booster-guidance.test.ts ^[[2m(^[[22m^[[2m4 tests^[[22m^[[2m)^[[22m^[[33m 41748^[[2mms^[[22m^[[39m
gate	Gate	2026-10-03T05:35:56.4980711Z      ^[[33m^[[2m✓^[[22m^[[39m booster-sep: autopilot catches the actual33-engine booster within900s ^[[33m 19971^[[2mms^[[22m^[[39m
gate	Gate	2026-10-03T05:35:56.5006664Z      ^[[33m^[[2m✓^[[22m^[[39m rtls: autopilot catches the actual33-engine booster within900s ^[[33m 4276^[[2mms^[[22m^[[39m
gate	Gate	2026-10-03T05:35:56.5008399Z      ^[[33m^[[2m✓^[[22m^[[39m cannot fabricate a catch when every engine is failed ^[[33m 17498^[[2mms^[[22m^[[39m
gate	Gate	2026-10-03T05:35:56.7020694Z  ^[[32m✓^[[39m ^[[30m^[[42m unit ^[[49m^[[39m tests/view/zoom.test.ts ^[[2m(^[[22m^[[2m7 tests^[[22m^[[2m)^[[22m^[[32m 9^[[2mms^[[22m^[[39m
gate	Gate	2026-10-03T05:35:56.8110687Z  ^[[32m✓^[[39m ^[[30m^[[42m unit ^[[49m^[[39m tests/view/post.test.ts ^[[2m(^[[22m^[[2m12 tests^[[22m^[[2m)^[[22m^[[32m 6^[[2mms^[[22m^[[39m
gate	Gate	2026-10-03T05:35:56.9105443Z  ^[[32m✓^[[39m ^[[30m^[[42m unit ^[[49m^[[39m tests/offline-classic.test.ts ^[[2m(^[[22m^[[2m3 tests^[[22m^[[2m)^[[22m^[[32m 11^[[2mms^[[22m^[[39m
gate	Gate	2026-10-03T05:35:57.0436924Z  ^[[32m✓^[[39m ^[[30m^[[42m unit ^[[49m^[[39m tests/proofs/isa-into.test.ts ^[[2m(^[[22m^[[2m1 test^[[22m^[[2m)^[[22m^[[32m 36^[[2mms^[[22m^[[39m
gate	Gate	2026-10-03T05:35:57.1402324Z  ^[[32m✓^[[39m ^[[30m^[[42m unit ^[[49m^[[39m tests/core/landing-burn.test.ts ^[[2m(^[[22m^[[2m6 tests^[[22m^[[2m)^[[22m^[[32m 14^[[2mms^[[22m^[[39m
gate	Gate	2026-10-03T05:35:57.2320685Z  ^[[32m✓^[[39m ^[[30m^[[42m unit ^[[49m^[[39m tests/ui/testids.test.ts ^[[2m(^[[22m^[[2m6 tests^[[22m^[[2m)^[[22m^[[32m 9^[[2mms^[[22m^[[39m
gate	Gate	2026-10-03T05:35:57.3251219Z  ^[[32m✓^[[39m ^[[30m^[[42m unit ^[[49m^[[39m tests/ui/kit-boundary.test.ts ^[[2m(^[[22m^[[2m3 tests^[[22m^[[2m)^[[22m^[[32m 7^[[2mms^[[22m^[[39m
gate	Gate	2026-10-03T05:35:57.6394141Z  ^[[32m✓^[[39m ^[[30m^[[42m unit ^[[49m^[[39m tests/core/random-failure-diff.test.ts ^[[2m(^[[22m^[[2m10 tests^[[22m^[[2m)^[[22m^[[33m 1682^[[2mms^[[22m^[[39m
gate	Gate	2026-10-03T05:35:57.6395919Z      ^[[33m^[[2m✓^[[22m^[[39m before-flip is deterministic and identical across runs ^[[33m 699^[[2mms^[[22m^[[39m
gate	Gate	2026-10-03T05:35:59.0761364Z  ^[[32m✓^[[39m ^[[30m^[[42m unit ^[[49m^[[39m tests/core/rotating-frame-step.test.ts ^[[2m(^[[22m^[[2m2 tests^[[22m^[[2m)^[[22m^[[33m 1174^[[2mms^[[22m^[[39m
gate	Gate	2026-10-03T05:35:59.0783875Z      ^[[33m^[[2m✓^[[22m^[[39m a circular inertial orbit stays circular when flown at its ground-relative speed ^[[33m 653^[[2mms^[[22m^[[39m
gate	Gate	2026-10-03T05:35:59.0796077Z      ^[[33m^[[2m✓^[[22m^[[39m a body at the synchronous radius with no ground speed stays over the same point ^[[33m 519^[[2mms^[[22m^[[39m
gate	Gate	2026-10-03T05:35:59.3635776Z  ^[[32m✓^[[39m ^[[30m^[[42m unit ^[[49m^[[39m tests/golden/compare.test.ts ^[[2m(^[[22m^[[2m5 tests^[[22m^[[2m)^[[22m^[[32m 106^[[2mms^[[22m^[[39m
gate	Gate	2026-10-03T05:35:59.8532497Z  ^[[32m✓^[[39m ^[[30m^[[42m unit ^[[49m^[[39m tests/view/emission-blending.test.ts ^[[2m(^[[22m^[[2m3 tests^[[22m^[[2m)^[[22m^[[32m 8^[[2mms^[[22m^[[39m
gate	Gate	2026-10-03T05:36:00.0586607Z  ^[[32m✓^[[39m ^[[30m^[[42m unit ^[[49m^[[39m tests/core/thermosphere.test.ts ^[[2m(^[[22m^[[2m10 tests^[[22m^[[2m)^[[22m^[[32m 7^[[2mms^[[22m^[[39m
gate	Gate	2026-10-03T05:36:00.2761090Z  ^[[32m✓^[[39m ^[[30m^[[42m unit ^[[49m^[[39m tests/core/final-descent-profile.test.ts ^[[2m(^[[22m^[[2m3 tests^[[22m^[[2m)^[[22m^[[32m 5^[[2mms^[[22m^[[39m
gate	Gate	2026-10-03T05:36:00.5630588Z  ^[[32m✓^[[39m ^[[30m^[[42m unit ^[[49m^[[39m tests/core/spawn-mach.test.ts ^[[2m(^[[22m^[[2m19 tests^[[22m^[[2m)^[[22m^[[32m 17^[[2mms^[[22m^[[39m
gate	Gate	2026-10-03T05:36:00.7750255Z  ^[[32m✓^[[39m ^[[30m^[[42m unit ^[[49m^[[39m tests/core/propellant.test.ts ^[[2m(^[[22m^[[2m3 tests^[[22m^[[2m)^[[22m^[[32m 5^[[2mms^[[22m^[[39m
gate	Gate	2026-10-03T05:36:00.9839044Z  ^[[32m✓^[[39m ^[[30m^[[42m unit ^[[49m^[[39m tests/reference/bands.test.ts ^[[2m(^[[22m^[[2m6 tests^[[22m^[[2m)^[[22m^[[32m 11^[[2mms^[[22m^[[39m
gate	Gate	2026-10-03T05:36:01.2935983Z  ^[[32m✓^[[39m ^[[30m^[[42m unit ^[[49m^[[39m tests/core/booster-burn-bound.test.ts ^[[2m(^[[22m^[[2m2 tests^[[22m^[[2m)^[[22m^[[32m 97^[[2mms^[[22m^[[39m
gate	Gate	2026-10-03T05:36:01.5498225Z  ^[[32m✓^[[39m ^[[30m^[[42m unit ^[[49m^[[39m tests/golden/booster-record.test.ts ^[[2m(^[[22m^[[2m2 tests^[[22m^[[2m)^[[22m^[[32m 11^[[2mms^[[22m^[[39m
gate	Gate	2026-10-03T05:36:01.7873300Z  ^[[32m✓^[[39m ^[[30m^[[42m unit ^[[49m^[[39m tests/core/mechanical-advance.test.ts ^[[2m(^[[22m^[[2m2 tests^[[22m^[[2m)^[[22m^[[32m 12^[[2mms^[[22m^[[39m
gate	Gate	2026-10-03T05:36:02.0111796Z  ^[[32m✓^[[39m ^[[30m^[[42m unit ^[[49m^[[39m tests/reference/ratchet.test.ts ^[[2m(^[[22m^[[2m3 tests^[[22m^[[2m)^[[22m^[[32m 9^[[2mms^[[22m^[[39m
gate	Gate	2026-10-03T05:36:03.1519388Z  ^[[32m✓^[[39m ^[[30m^[[42m unit ^[[49m^[[39m tests/core/engine-out-landings.test.ts ^[[2m(^[[22m^[[2m4 tests^[[22m^[[2m)^[[22m^[[33m 897^[[2mms^[[22m^[[39m
gate	Gate	2026-10-03T05:36:03.1550005Z      ^[[33m^[[2m✓^[[22m^[[39m before-flip-autoland/one-out: landed ^[[33m 430^[[2mms^[[22m^[[39m
gate	Gate	2026-10-03T05:36:03.1551217Z      ^[[33m^[[2m✓^[[22m^[[39m before-flip-autoland/two-out: landed ^[[33m 372^[[2mms^[[22m^[[39m
gate	Gate	2026-10-03T05:36:03.2713480Z ^[[90mstdout^[[2m | tests/core/booster-planning-latency.test.ts^[[2m > ^[[22m^[[2mpaid return planning at production receipt/work timing^[[2m > ^[[22m^[[2mpublishes a source-matched physically caught future cutoff for booster-sep
gate	Gate	2026-10-03T05:36:03.2729702Z ^[[22m^[[39m{"id":"booster-sep","receipt":21.683333333332744,"shutdown":35.93333333333194,"iterations":3,"paidFutureSteps":10399,"remainingFuel":88943.63014687921}
gate	Gate	2026-10-03T05:36:03.2749351Z 
gate	Gate	2026-10-03T05:36:03.4081775Z  ^[[32m✓^[[39m ^[[30m^[[42m unit ^[[49m^[[39m tests/ui/shell/fields-presets.test.ts ^[[2m(^[[22m^[[2m9 tests^[[22m^[[2m)^[[22m^[[32m 8^[[2mms^[[22m^[[39m
gate	Gate	2026-10-03T05:36:04.5543061Z ^[[90mstdout^[[2m | tests/core/booster-planning-latency.test.ts^[[2m > ^[[22m^[[2mpaid return planning at production receipt/work timing^[[2m > ^[[22m^[[2mpublishes a source-matched physically caught future cutoff for rtls
gate	Gate	2026-10-03T05:36:04.5545927Z ^[[22m^[[39m{"id":"rtls","receipt":12.783333333333248,"shutdown":13.641666666666532,"iterations":3,"paidFutureSteps":6131,"remainingFuel":90846.3345830032}
gate	Gate	2026-10-03T05:36:04.5547077Z 
gate	Gate	2026-10-03T05:36:04.5558830Z  ^[[32m✓^[[39m ^[[30m^[[42m unit ^[[49m^[[39m tests/core/booster-planning-latency.test.ts ^[[2m(^[[22m^[[2m2 tests^[[22m^[[2m)^[[22m^[[33m 7111^[[2mms^[[22m^[[39m
gate	Gate	2026-10-03T05:36:04.5560573Z      ^[[33m^[[2m✓^[[22m^[[39m publishes a source-matched physically caught future cutoff for booster-sep ^[[33m 5826^[[2mms^[[22m^[[39m
gate	Gate	2026-10-03T05:36:04.5562375Z      ^[[33m^[[2m✓^[[22m^[[39m publishes a source-matched physically caught future cutoff for rtls ^[[33m 1283^[[2mms^[[22m^[[39m
gate	Gate	2026-10-03T05:36:11.5541088Z  ^[[32m✓^[[39m ^[[30m^[[42m unit ^[[49m^[[39m tests/core/deorbit-range.test.ts ^[[2m(^[[22m^[[2m6 tests^[[22m^[[2m)^[[22m^[[33m 9168^[[2mms^[[22m^[[39m
gate	Gate	2026-10-03T05:36:11.5542387Z      ^[[33m^[[2m✓^[[22m^[[39m engine 0 out ^[[33m 3349^[[2mms^[[22m^[[39m
gate	Gate	2026-10-03T05:36:11.5543242Z      ^[[33m^[[2m✓^[[22m^[[39m engine 1 out ^[[33m 2911^[[2mms^[[22m^[[39m
gate	Gate	2026-10-03T05:36:11.5543940Z      ^[[33m^[[2m✓^[[22m^[[39m engine 2 out ^[[33m 2903^[[2mms^[[22m^[[39m
gate	Gate	2026-10-03T05:36:11.5613593Z 
gate	Gate	2026-10-03T05:36:11.5627732Z ^[[2m Test Files ^[[22m ^[[1m^[[32m169 passed^[[39m^[[22m^[[90m (169)^[[39m
gate	Gate	2026-10-03T05:36:11.5638668Z ^[[2m      Tests ^[[22m ^[[1m^[[32m2122 passed^[[39m^[[22m^[[90m (2122)^[[39m
gate	Gate	2026-10-03T05:36:11.5639643Z ^[[2m   Start at ^[[22m 05:33:12
gate	Gate	2026-10-03T05:36:11.5641568Z ^[[2m   Duration ^[[22m 178.87s^[[2m (transform 5.71s, setup 3.02s, import 50.84s, tests 401.52s, environment 37.76s)^[[22m
gate	Gate	2026-10-03T05:36:11.5643473Z 
gate	Gate	2026-10-03T05:36:11.7179187Z 
gate	Gate	2026-10-03T05:36:11.7179862Z > starship-simulator-v2@0.1.0 coverage
gate	Gate	2026-10-03T05:36:11.7180367Z > vitest run --coverage --testTimeout=120000
gate	Gate	2026-10-03T05:36:11.7180592Z 
gate	Gate	2026-10-03T05:36:12.1284913Z 
gate	Gate	2026-10-03T05:36:12.1289398Z ^[[1m^[[30m^[[46m RUN ^[[49m^[[39m^[[22m ^[[36mv4.1.11 ^[[39m^[[90m/home/runner/work/StarShipSimulator/StarShipSimulator^[[39m
gate	Gate	2026-10-03T05:36:12.1290517Z       ^[[2mCoverage enabled with ^[[22m^[[33mv8^[[39m
gate	Gate	2026-10-03T05:36:12.1290879Z 
gate	Gate	2026-10-03T05:36:14.7681246Z  ^[[32m✓^[[39m ^[[30m^[[45m kit ^[[49m^[[39m src/ui/kit/input/GamepadNavProvider.test.tsx ^[[2m(^[[22m^[[2m7 tests^[[22m^[[2m)^[[22m^[[33m 635^[[2mms^[[22m^[[39m
gate	Gate	2026-10-03T05:36:14.9127847Z  ^[[32m✓^[[39m ^[[30m^[[45m kit ^[[49m^[[39m src/ui/kit/ConfirmDialog/ConfirmDialog.test.tsx ^[[2m(^[[22m^[[2m7 tests^[[22m^[[2m)^[[22m^[[33m 763^[[2mms^[[22m^[[39m
gate	Gate	2026-10-03T05:36:14.9130074Z    ^[[33m^[[2m✓^[[22m^[[39m queues requests, resolves each once, and preserves alert semantics ^[[33m 365^[[2mms^[[22m^[[39m
gate	Gate	2026-10-03T05:36:16.3520156Z Not implemented: HTMLCanvasElement's getContext() method: without installing the canvas npm package
gate	Gate	2026-10-03T05:36:16.3948375Z Not implemented: HTMLCanvasElement's getContext() method: without installing the canvas npm package
gate	Gate	2026-10-03T05:36:16.4390773Z Not implemented: HTMLCanvasElement's getContext() method: without installing the canvas npm package
gate	Gate	2026-10-03T05:36:16.4557030Z Not implemented: HTMLCanvasElement's getContext() method: without installing the canvas npm package
gate	Gate	2026-10-03T05:36:16.4780998Z Not implemented: HTMLCanvasElement's getContext() method: without installing the canvas npm package
gate	Gate	2026-10-03T05:36:16.5179887Z Not implemented: HTMLCanvasElement's getContext() method: without installing the canvas npm package
gate	Gate	2026-10-03T05:36:16.5240244Z  ^[[32m✓^[[39m ^[[30m^[[45m kit ^[[49m^[[39m src/ui/kit/motion/useChipPanelMorph.test.tsx ^[[2m(^[[22m^[[2m7 tests^[[22m^[[2m)^[[22m^[[33m 2487^[[2mms^[[22m^[[39m
gate	Gate	2026-10-03T05:36:16.5259925Z    ^[[33m^[[2m✓^[[22m^[[39m mounts at once, hands the frame to the shell and settles after the expansion ^[[33m 573^[[2mms^[[22m^[[39m
gate	Gate	2026-10-03T05:36:16.5267299Z    ^[[33m^[[2m✓^[[22m^[[39m ends open and consistent after a rapid open, close, open ^[[33m 500^[[2mms^[[22m^[[39m
gate	Gate	2026-10-03T05:36:16.5268877Z    ^[[33m^[[2m✓^[[22m^[[39m ends closed and unmounted after a rapid close, open, close ^[[33m 752^[[2mms^[[22m^[[39m
gate	Gate	2026-10-03T05:36:16.5270846Z    ^[[33m^[[2m✓^[[22m^[[39m kills the motion when unmounted mid-flight ^[[33m 326^[[2mms^[[22m^[[39m
gate	Gate	2026-10-03T05:36:16.5560183Z Not implemented: HTMLCanvasElement's getContext() method: without installing the canvas npm package
gate	Gate	2026-10-03T05:36:16.5780244Z Not implemented: HTMLCanvasElement's getContext() method: without installing the canvas npm package
gate	Gate	2026-10-03T05:36:16.6270238Z Not implemented: HTMLCanvasElement's getContext() method: without installing the canvas npm package
gate	Gate	2026-10-03T05:36:16.6360137Z Not implemented: HTMLCanvasElement's getContext() method: without installing the canvas npm package
gate	Gate	2026-10-03T05:36:16.6537790Z Not implemented: HTMLCanvasElement's getContext() method: without installing the canvas npm package
gate	Gate	2026-10-03T05:36:16.6616300Z Not implemented: HTMLCanvasElement's getContext() method: without installing the canvas npm package
gate	Gate	2026-10-03T05:36:16.6892471Z Not implemented: HTMLCanvasElement's getContext() method: without installing the canvas npm package
gate	Gate	2026-10-03T05:36:16.7170828Z  ^[[32m✓^[[39m ^[[30m^[[45m kit ^[[49m^[[39m src/ui/kit/NumberField/NumberField.test.tsx ^[[2m(^[[22m^[[2m6 tests^[[22m^[[2m)^[[22m^[[33m 447^[[2mms^[[22m^[[39m
gate	Gate	2026-10-03T05:36:16.7362579Z  ^[[32m✓^[[39m ^[[30m^[[45m kit ^[[49m^[[39m src/ui/kit/BrickField/BrickField.test.tsx ^[[2m(^[[22m^[[2m15 tests^[[22m^[[2m)^[[22m^[[33m 515^[[2mms^[[22m^[[39m
gate	Gate	2026-10-03T05:36:18.7958860Z  ^[[32m✓^[[39m ^[[30m^[[45m kit ^[[49m^[[39m src/ui/kit/ConnectedMedia/ConnectedMedia.test.tsx ^[[2m(^[[22m^[[2m3 tests^[[22m^[[2m)^[[22m^[[32m 295^[[2mms^[[22m^[[39m
gate	Gate	2026-10-03T05:36:18.9308119Z  ^[[32m✓^[[39m ^[[30m^[[45m kit ^[[49m^[[39m src/ui/kit/LoadingState/LoadingState.test.tsx ^[[2m(^[[22m^[[2m4 tests^[[22m^[[2m)^[[22m^[[33m 481^[[2mms^[[22m^[[39m
gate	Gate	2026-10-03T05:36:18.9310396Z    ^[[33m^[[2m✓^[[22m^[[39m renders valid measured progress and never derives unknown progress ^[[33m 315^[[2mms^[[22m^[[39m
gate	Gate	2026-10-03T05:36:18.9601088Z  ^[[32m✓^[[39m ^[[30m^[[45m kit ^[[49m^[[39m src/ui/kit/Dialog/Dialog.test.tsx ^[[2m(^[[22m^[[2m2 tests^[[22m^[[2m)^[[22m^[[33m 377^[[2mms^[[22m^[[39m
gate	Gate	2026-10-03T05:36:18.9611985Z    ^[[33m^[[2m✓^[[22m^[[39m uses the safe viewport shell and keeps one scroll owner ^[[33m 306^[[2mms^[[22m^[[39m
gate	Gate	2026-10-03T05:36:20.8653985Z  ^[[32m✓^[[39m ^[[30m^[[45m kit ^[[49m^[[39m src/ui/kit/Tile/Tile.test.tsx ^[[2m(^[[22m^[[2m1 test^[[22m^[[2m)^[[22m^[[32m 271^[[2mms^[[22m^[[39m
gate	Gate	2026-10-03T05:36:20.9547022Z  ^[[32m✓^[[39m ^[[30m^[[45m kit ^[[49m^[[39m src/ui/kit/BrickField/brickMotion.test.ts ^[[2m(^[[22m^[[2m8 tests^[[22m^[[2m)^[[22m^[[33m 492^[[2mms^[[22m^[[39m
gate	Gate	2026-10-03T05:36:20.9964996Z  ^[[32m✓^[[39m ^[[30m^[[45m kit ^[[49m^[[39m src/ui/kit/LoadingState/LoadingState.accessibility.test.tsx ^[[2m(^[[22m^[[2m1 test^[[22m^[[2m)^[[22m^[[33m 336^[[2mms^[[22m^[[39m
gate	Gate	2026-10-03T05:36:20.9967966Z    ^[[33m^[[2m✓^[[22m^[[39m updates one stable live region immediately outside the keyed inert animation ^[[33m 332^[[2mms^[[22m^[[39m
gate	Gate	2026-10-03T05:36:22.8919685Z  ^[[32m✓^[[39m ^[[30m^[[45m kit ^[[49m^[[39m src/ui/kit/FieldStatus/FieldStatus.test.tsx ^[[2m(^[[22m^[[2m2 tests^[[22m^[[2m)^[[22m^[[33m 311^[[2mms^[[22m^[[39m
gate	Gate	2026-10-03T05:36:22.9007121Z  ^[[32m✓^[[39m ^[[30m^[[45m kit ^[[49m^[[39m src/ui/kit/motion/effects.test.ts ^[[2m(^[[22m^[[2m7 tests^[[22m^[[2m)^[[22m^[[33m 351^[[2mms^[[22m^[[39m
gate	Gate	2026-10-03T05:36:22.9557263Z  ^[[32m✓^[[39m ^[[30m^[[45m kit ^[[49m^[[39m src/ui/kit/FormRow/FormRow.test.tsx ^[[2m(^[[22m^[[2m2 tests^[[22m^[[2m)^[[22m^[[32m 265^[[2mms^[[22m^[[39m
gate	Gate	2026-10-03T05:36:24.8289176Z  ^[[32m✓^[[39m ^[[30m^[[45m kit ^[[49m^[[39m src/ui/kit/Button/Button.test.tsx ^[[2m(^[[22m^[[2m1 test^[[22m^[[2m)^[[22m^[[33m 322^[[2mms^[[22m^[[39m
gate	Gate	2026-10-03T05:36:24.8295804Z    ^[[33m^[[2m✓^[[22m^[[39m forwards native button behavior, attributes and refs ^[[33m 318^[[2mms^[[22m^[[39m
gate	Gate	2026-10-03T05:36:24.8669031Z  ^[[32m✓^[[39m ^[[30m^[[45m kit ^[[49m^[[39m src/ui/kit/input/InputOwnershipProvider.test.tsx ^[[2m(^[[22m^[[2m3 tests^[[22m^[[2m)^[[22m^[[32m 257^[[2mms^[[22m^[[39m
gate	Gate	2026-10-03T05:36:24.9380934Z  ^[[32m✓^[[39m ^[[30m^[[45m kit ^[[49m^[[39m src/ui/kit/Toggle/Toggle.test.tsx ^[[2m(^[[22m^[[2m1 test^[[22m^[[2m)^[[22m^[[32m 234^[[2mms^[[22m^[[39m
gate	Gate	2026-10-03T05:36:26.7563478Z  ^[[32m✓^[[39m ^[[30m^[[45m kit ^[[49m^[[39m src/ui/kit/TabStrip/TabStrip.test.tsx ^[[2m(^[[22m^[[2m1 test^[[22m^[[2m)^[[22m^[[32m 269^[[2mms^[[22m^[[39m
gate	Gate	2026-10-03T05:36:26.7870869Z  ^[[32m✓^[[39m ^[[30m^[[45m kit ^[[49m^[[39m src/ui/kit/SliderRow/SliderRow.test.tsx ^[[2m(^[[22m^[[2m2 tests^[[22m^[[2m)^[[22m^[[32m 289^[[2mms^[[22m^[[39m
gate	Gate	2026-10-03T05:36:26.8133560Z  ^[[32m✓^[[39m ^[[30m^[[45m kit ^[[49m^[[39m src/ui/kit/TransitionView/TransitionView.test.tsx ^[[2m(^[[22m^[[2m4 tests^[[22m^[[2m)^[[22m^[[32m 81^[[2mms^[[22m^[[39m
gate	Gate	2026-10-03T05:36:28.3372811Z  ^[[32m✓^[[39m ^[[30m^[[45m kit ^[[49m^[[39m src/ui/kit/input/ownership.test.ts ^[[2m(^[[22m^[[2m16 tests^[[22m^[[2m)^[[22m^[[32m 14^[[2mms^[[22m^[[39m
gate	Gate	2026-10-03T05:36:28.3781458Z  ^[[32m✓^[[39m ^[[30m^[[45m kit ^[[49m^[[39m src/ui/kit/InputLegend/InputLegend.test.tsx ^[[2m(^[[22m^[[2m2 tests^[[22m^[[2m)^[[22m^[[32m 90^[[2mms^[[22m^[[39m
gate	Gate	2026-10-03T05:36:28.5990927Z  ^[[32m✓^[[39m ^[[30m^[[45m kit ^[[49m^[[39m src/ui/kit/motion/useMotionTimeline.test.tsx ^[[2m(^[[22m^[[2m3 tests^[[22m^[[2m)^[[22m^[[32m 39^[[2mms^[[22m^[[39m
gate	Gate	2026-10-03T05:36:29.8770619Z  ^[[32m✓^[[39m ^[[30m^[[45m kit ^[[49m^[[39m src/ui/kit/motion/useReducedMotion.test.tsx ^[[2m(^[[22m^[[2m1 test^[[22m^[[2m)^[[22m^[[32m 51^[[2mms^[[22m^[[39m
gate	Gate	2026-10-03T05:36:29.8959044Z  ^[[32m✓^[[39m ^[[30m^[[45m kit ^[[49m^[[39m src/ui/kit/BrickField/gpuTimer.test.ts ^[[2m(^[[22m^[[2m3 tests^[[22m^[[2m)^[[22m^[[32m 11^[[2mms^[[22m^[[39m
gate	Gate	2026-10-03T05:36:30.1489192Z  ^[[32m✓^[[39m ^[[30m^[[45m kit ^[[49m^[[39m src/ui/kit/BrickField/renderer.test.ts ^[[2m(^[[22m^[[2m3 tests^[[22m^[[2m)^[[22m^[[32m 19^[[2mms^[[22m^[[39m
gate	Gate	2026-10-03T05:36:31.3653292Z  ^[[32m✓^[[39m ^[[30m^[[45m kit ^[[49m^[[39m src/ui/kit/internal/utils.test.ts ^[[2m(^[[22m^[[2m1 test^[[22m^[[2m)^[[22m^[[32m 15^[[2mms^[[22m^[[39m
gate	Gate	2026-10-03T05:36:31.5640488Z  ^[[32m✓^[[39m ^[[30m^[[45m kit ^[[49m^[[39m src/ui/kit/styles/motion.test.ts ^[[2m(^[[22m^[[2m1 test^[[22m^[[2m)^[[22m^[[32m 11^[[2mms^[[22m^[[39m
gate	Gate	2026-10-03T05:36:31.9125825Z  ^[[32m✓^[[39m ^[[30m^[[45m kit ^[[49m^[[39m src/ui/kit/public-api.test.ts ^[[2m(^[[22m^[[2m1 test^[[22m^[[2m)^[[22m^[[32m 6^[[2mms^[[22m^[[39m
gate	Gate	2026-10-03T05:38:14.8304738Z  ^[[32m✓^[[39m ^[[30m^[[42m unit ^[[49m^[[39m tests/core/booster-guidance.test.ts ^[[2m(^[[22m^[[2m4 tests^[[22m^[[2m)^[[22m^[[33m 102868^[[2mms^[[22m^[[39m
gate	Gate	2026-10-03T05:38:14.8306802Z      ^[[33m^[[2m✓^[[22m^[[39m booster-sep: autopilot catches the actual33-engine booster within900s ^[[33m 51986^[[2mms^[[22m^[[39m
gate	Gate	2026-10-03T05:38:14.8309077Z      ^[[33m^[[2m✓^[[22m^[[39m rtls: autopilot catches the actual33-engine booster within900s ^[[33m 8268^[[2mms^[[22m^[[39m
gate	Gate	2026-10-03T05:38:14.8311236Z      ^[[33m^[[2m✓^[[22m^[[39m cannot fabricate a catch when every engine is failed ^[[33m 42610^[[2mms^[[22m^[[39m
gate	Gate	2026-10-03T05:38:46.2713918Z  ^[[32m✓^[[39m ^[[30m^[[42m unit ^[[49m^[[39m tests/app/view-clock.test.ts ^[[2m(^[[22m^[[2m56 tests^[[22m^[[2m)^[[22m^[[33m 133987^[[2mms^[[22m^[[39m
gate	Gate	2026-10-03T05:38:46.2718371Z      ^[[33m^[[2m✓^[[22m^[[39m launch-pad-takeoff, with frames dropping ^[[33m 454^[[2mms^[[22m^[[39m
gate	Gate	2026-10-03T05:38:46.2720171Z      ^[[33m^[[2m✓^[[22m^[[39m booster-sep-boostback, with frames dropping ^[[33m 429^[[2mms^[[22m^[[39m
gate	Gate	2026-10-03T05:38:46.2721578Z      ^[[33m^[[2m✓^[[22m^[[39m rtls-boostback, with frames dropping ^[[33m 368^[[2mms^[[22m^[[39m
gate	Gate	2026-10-03T05:38:46.2722934Z      ^[[33m^[[2m✓^[[22m^[[39m reentry-autoland, with frames dropping ^[[33m 6459^[[2mms^[[22m^[[39m
gate	Gate	2026-10-03T05:38:46.2724317Z      ^[[33m^[[2m✓^[[22m^[[39m before-flip-autoland, with frames dropping ^[[33m 2168^[[2mms^[[22m^[[39m
gate	Gate	2026-10-03T05:38:46.2725671Z      ^[[33m^[[2m✓^[[22m^[[39m booster-sep-boostback, at 9x warp ^[[33m 356^[[2mms^[[22m^[[39m
gate	Gate	2026-10-03T05:38:46.2726912Z      ^[[33m^[[2m✓^[[22m^[[39m rtls-boostback, at 9x warp ^[[33m 360^[[2mms^[[22m^[[39m
gate	Gate	2026-10-03T05:38:46.2728098Z      ^[[33m^[[2m✓^[[22m^[[39m reentry-autoland, at 9x warp ^[[33m 7899^[[2mms^[[22m^[[39m
gate	Gate	2026-10-03T05:38:46.2729441Z      ^[[33m^[[2m✓^[[22m^[[39m before-flip-autoland, at 9x warp ^[[33m 2072^[[2mms^[[22m^[[39m
gate	Gate	2026-10-03T05:38:46.2730694Z      ^[[33m^[[2m✓^[[22m^[[39m launch-pad-takeoff, at 1/9 speed ^[[33m 322^[[2mms^[[22m^[[39m
gate	Gate	2026-10-03T05:38:46.2731928Z      ^[[33m^[[2m✓^[[22m^[[39m booster-sep-boostback, at 1/9 speed ^[[33m 415^[[2mms^[[22m^[[39m
gate	Gate	2026-10-03T05:38:46.2733139Z      ^[[33m^[[2m✓^[[22m^[[39m rtls-boostback, at 1/9 speed ^[[33m 415^[[2mms^[[22m^[[39m
gate	Gate	2026-10-03T05:38:46.2734320Z      ^[[33m^[[2m✓^[[22m^[[39m reentry-autoland, at 1/9 speed ^[[33m 8239^[[2mms^[[22m^[[39m
gate	Gate	2026-10-03T05:38:46.2735552Z      ^[[33m^[[2m✓^[[22m^[[39m before-flip-autoland, at 1/9 speed ^[[33m 2182^[[2mms^[[22m^[[39m
gate	Gate	2026-10-03T05:38:46.2737299Z      ^[[33m^[[2m✓^[[22m^[[39m launch-pad-takeoff lands the camera on the same metre with a 400 ms stall every two seconds ^[[33m 528^[[2mms^[[22m^[[39m
gate	Gate	2026-10-03T05:38:46.2739279Z      ^[[33m^[[2m✓^[[22m^[[39m launch-pad-takeoff lands the camera on the same metre with 9x time warp ^[[33m 524^[[2mms^[[22m^[[39m
gate	Gate	2026-10-03T05:38:46.2741105Z      ^[[33m^[[2m✓^[[22m^[[39m launch-pad-takeoff lands the camera on the same metre with 1/9 slow motion ^[[33m 570^[[2mms^[[22m^[[39m
gate	Gate	2026-10-03T05:38:46.2743127Z      ^[[33m^[[2m✓^[[22m^[[39m booster-sep-boostback lands the camera on the same metre with a 400 ms stall every two seconds ^[[33m 721^[[2mms^[[22m^[[39m
gate	Gate	2026-10-03T05:38:46.2745043Z      ^[[33m^[[2m✓^[[22m^[[39m booster-sep-boostback lands the camera on the same metre with 9x time warp ^[[33m 713^[[2mms^[[22m^[[39m
gate	Gate	2026-10-03T05:38:46.2746856Z      ^[[33m^[[2m✓^[[22m^[[39m booster-sep-boostback lands the camera on the same metre with 1/9 slow motion ^[[33m 775^[[2mms^[[22m^[[39m
gate	Gate	2026-10-03T05:38:46.2748923Z      ^[[33m^[[2m✓^[[22m^[[39m rtls-boostback lands the camera on the same metre with a 400 ms stall every two seconds ^[[33m 747^[[2mms^[[22m^[[39m
gate	Gate	2026-10-03T05:38:46.2751470Z      ^[[33m^[[2m✓^[[22m^[[39m rtls-boostback lands the camera on the same metre with 9x time warp ^[[33m 741^[[2mms^[[22m^[[39m
gate	Gate	2026-10-03T05:38:46.2753356Z      ^[[33m^[[2m✓^[[22m^[[39m rtls-boostback lands the camera on the same metre with 1/9 slow motion ^[[33m 796^[[2mms^[[22m^[[39m
gate	Gate	2026-10-03T05:38:46.2755469Z      ^[[33m^[[2m✓^[[22m^[[39m reentry-autoland lands the camera on the same metre with a 400 ms stall every two seconds ^[[33m 16182^[[2mms^[[22m^[[39m
gate	Gate	2026-10-03T05:38:46.2757209Z      ^[[33m^[[2m✓^[[22m^[[39m reentry-autoland lands the camera on the same metre with 9x time warp ^[[33m 16034^[[2mms^[[22m^[[39m
gate	Gate	2026-10-03T05:38:46.2758995Z      ^[[33m^[[2m✓^[[22m^[[39m reentry-autoland lands the camera on the same metre with 1/9 slow motion ^[[33m 14905^[[2mms^[[22m^[[39m
gate	Gate	2026-10-03T05:38:46.2760813Z      ^[[33m^[[2m✓^[[22m^[[39m before-flip-autoland lands the camera on the same metre with a 400 ms stall every two seconds ^[[33m 2210^[[2mms^[[22m^[[39m
gate	Gate	2026-10-03T05:38:46.2762932Z      ^[[33m^[[2m✓^[[22m^[[39m before-flip-autoland lands the camera on the same metre with 9x time warp ^[[33m 3136^[[2mms^[[22m^[[39m
gate	Gate	2026-10-03T05:38:46.2764590Z      ^[[33m^[[2m✓^[[22m^[[39m before-flip-autoland lands the camera on the same metre with 1/9 slow motion ^[[33m 4170^[[2mms^[[22m^[[39m
gate	Gate	2026-10-03T05:38:46.2766325Z      ^[[33m^[[2m✓^[[22m^[[39m landing-burn-headwind lands the camera on the same metre with 1/9 slow motion ^[[33m 301^[[2mms^[[22m^[[39m
gate	Gate	2026-10-03T05:38:46.2767827Z      ^[[33m^[[2m✓^[[22m^[[39m the wall clock loses the vehicle when frames drop ^[[33m 8126^[[2mms^[[22m^[[39m
gate	Gate	2026-10-03T05:38:46.2769468Z      ^[[33m^[[2m✓^[[22m^[[39m the wall clock loses it at 9x warp, failing the other way round ^[[33m 6047^[[2mms^[[22m^[[39m
gate	Gate	2026-10-03T05:38:46.2771171Z      ^[[33m^[[2m✓^[[22m^[[39m and simulated time once per FRAME is better, but still not enough ^[[33m 6088^[[2mms^[[22m^[[39m
gate	Gate	2026-10-03T05:38:46.2772853Z      ^[[33m^[[2m✓^[[22m^[[39m all three agree when nothing goes wrong, which is why this survived ^[[33m 14856^[[2mms^[[22m^[[39m
gate	Gate	2026-10-03T05:39:10.6807104Z  ^[[32m✓^[[39m ^[[30m^[[42m unit ^[[49m^[[39m tests/core/orbit-demo.test.ts ^[[2m(^[[22m^[[2m31 tests^[[22m^[[2m)^[[22m^[[33m 121038^[[2mms^[[22m^[[39m
gate	Gate	2026-10-03T05:39:10.6811447Z      ^[[33m^[[2m✓^[[22m^[[39m a 150 km orbit holds for a full 88-minute lap ^[[33m 11362^[[2mms^[[22m^[[39m
gate	Gate	2026-10-03T05:39:10.6813010Z      ^[[33m^[[2m✓^[[22m^[[39m and 100 km still does not — which is why the presets are at 150 ^[[33m 4625^[[2mms^[[22m^[[39m
gate	Gate	2026-10-03T05:39:10.6814399Z      ^[[33m^[[2m✓^[[22m^[[39m is deterministic — the same flight twice ^[[33m 15430^[[2mms^[[22m^[[39m
gate	Gate	2026-10-03T05:39:10.6815866Z      ^[[33m^[[2m✓^[[22m^[[39m from a different starting longitude — half a lap further round ^[[33m 23933^[[2mms^[[22m^[[39m
gate	Gate	2026-10-03T05:39:10.6817206Z      ^[[33m^[[2m✓^[[22m^[[39m 100 tonnes lighter at ignition ^[[33m 11977^[[2mms^[[22m^[[39m
gate	Gate	2026-10-03T05:39:10.6818673Z      ^[[33m^[[2m✓^[[22m^[[39m with an engine already failed, so the burn is a third longer ^[[33m 15374^[[2mms^[[22m^[[39m
gate	Gate	2026-10-03T05:39:10.6819973Z      ^[[33m^[[2m✓^[[22m^[[39m from 120 km, below the presets ^[[33m 15257^[[2mms^[[22m^[[39m
gate	Gate	2026-10-03T05:39:10.6821300Z      ^[[33m^[[2m✓^[[22m^[[39m from 300 km it still lands, but the envelope is showing ^[[33m 15084^[[2mms^[[22m^[[39m
gate	Gate	2026-10-03T05:39:10.6822702Z      ^[[33m^[[2m✓^[[22m^[[39m spends the coast turning around, because RCS is slow ^[[33m 4272^[[2mms^[[22m^[[39m
gate	Gate	2026-10-03T05:39:10.6824046Z      ^[[33m^[[2m✓^[[22m^[[39m does not fire until the ground track is right ^[[33m 3640^[[2mms^[[22m^[[39m
gate	Gate	2026-10-03T05:39:55.8172518Z  ^[[32m✓^[[39m ^[[30m^[[42m unit ^[[49m^[[39m tests/flies-every-scenario.test.ts ^[[2m(^[[22m^[[2m17 tests^[[22m^[[2m)^[[22m^[[33m 100668^[[2mms^[[22m^[[39m
gate	Gate	2026-10-03T05:39:55.8180018Z      ^[[33m^[[2m✓^[[22m^[[39m launch-pad flies ^[[33m 1393^[[2mms^[[22m^[[39m
gate	Gate	2026-10-03T05:39:55.8181540Z      ^[[33m^[[2m✓^[[22m^[[39m booster-sep flies ^[[33m 1246^[[2mms^[[22m^[[39m
gate	Gate	2026-10-03T05:39:55.8182571Z      ^[[33m^[[2m✓^[[22m^[[39m rtls flies ^[[33m 623^[[2mms^[[22m^[[39m
gate	Gate	2026-10-03T05:39:55.8183614Z      ^[[33m^[[2m✓^[[22m^[[39m circularize flies ^[[33m 1366^[[2mms^[[22m^[[39m
gate	Gate	2026-10-03T05:39:55.8184947Z      ^[[33m^[[2m✓^[[22m^[[39m deorbit flies ^[[33m 1325^[[2mms^[[22m^[[39m
gate	Gate	2026-10-03T05:39:55.8186071Z      ^[[33m^[[2m✓^[[22m^[[39m booster-sep: auto-land landed ^[[33m 73773^[[2mms^[[22m^[[39m
gate	Gate	2026-10-03T05:39:55.8187205Z      ^[[33m^[[2m✓^[[22m^[[39m rtls: auto-land landed ^[[33m 11019^[[2mms^[[22m^[[39m
gate	Gate	2026-10-03T05:39:55.8188353Z      ^[[33m^[[2m✓^[[22m^[[39m before-flip: auto-land landed ^[[33m 1155^[[2mms^[[22m^[[39m
gate	Gate	2026-10-03T05:39:55.8189662Z      ^[[33m^[[2m✓^[[22m^[[39m reentry: auto-land landed ^[[33m 4170^[[2mms^[[22m^[[39m
gate	Gate	2026-10-03T05:39:55.8190956Z      ^[[33m^[[2m✓^[[22m^[[39m reentry: survives the heat it now actually meets ^[[33m 4106^[[2mms^[[22m^[[39m
gate	Gate	2026-10-03T05:40:08.8817103Z  ^[[32m✓^[[39m ^[[30m^[[42m unit ^[[49m^[[39m tests/hud/debrief.test.ts ^[[2m(^[[22m^[[2m52 tests^[[22m^[[2m)^[[22m^[[33m 57934^[[2mms^[[22m^[[39m
gate	Gate	2026-10-03T05:40:08.8819096Z      ^[[33m^[[2m✓^[[22m^[[39m launch-pad-takeoff ^[[33m 338^[[2mms^[[22m^[[39m
gate	Gate	2026-10-03T05:40:08.8821122Z      ^[[33m^[[2m✓^[[22m^[[39m booster-sep-boostback ^[[33m 314^[[2mms^[[22m^[[39m
gate	Gate	2026-10-03T05:40:08.8825454Z      ^[[33m^[[2m✓^[[22m^[[39m rtls-boostback ^[[33m 314^[[2mms^[[22m^[[39m
gate	Gate	2026-10-03T05:40:08.8826527Z      ^[[33m^[[2m✓^[[22m^[[39m reentry-autoland ^[[33m 5123^[[2mms^[[22m^[[39m
gate	Gate	2026-10-03T05:40:08.8827599Z      ^[[33m^[[2m✓^[[22m^[[39m before-flip-autoland ^[[33m 2111^[[2mms^[[22m^[[39m
gate	Gate	2026-10-03T05:40:08.8828862Z      ^[[33m^[[2m✓^[[22m^[[39m booster-sep-boostback ^[[33m 360^[[2mms^[[22m^[[39m
gate	Gate	2026-10-03T05:40:08.8829899Z      ^[[33m^[[2m✓^[[22m^[[39m rtls-boostback ^[[33m 356^[[2mms^[[22m^[[39m
gate	Gate	2026-10-03T05:40:08.8830900Z      ^[[33m^[[2m✓^[[22m^[[39m reentry-autoland ^[[33m 4693^[[2mms^[[22m^[[39m
gate	Gate	2026-10-03T05:40:08.8831938Z      ^[[33m^[[2m✓^[[22m^[[39m before-flip-autoland ^[[33m 1102^[[2mms^[[22m^[[39m
gate	Gate	2026-10-03T05:40:08.8832988Z      ^[[33m^[[2m✓^[[22m^[[39m launch-pad-takeoff ^[[33m 301^[[2mms^[[22m^[[39m
gate	Gate	2026-10-03T05:40:08.8834056Z      ^[[33m^[[2m✓^[[22m^[[39m booster-sep-boostback ^[[33m 554^[[2mms^[[22m^[[39m
gate	Gate	2026-10-03T05:40:08.8835094Z      ^[[33m^[[2m✓^[[22m^[[39m rtls-boostback ^[[33m 675^[[2mms^[[22m^[[39m
gate	Gate	2026-10-03T05:40:08.8836104Z      ^[[33m^[[2m✓^[[22m^[[39m reentry-autoland ^[[33m 11357^[[2mms^[[22m^[[39m
gate	Gate	2026-10-03T05:40:08.8837136Z      ^[[33m^[[2m✓^[[22m^[[39m before-flip-autoland ^[[33m 3143^[[2mms^[[22m^[[39m
gate	Gate	2026-10-03T05:40:08.8838162Z      ^[[33m^[[2m✓^[[22m^[[39m launch-pad-takeoff ^[[33m 505^[[2mms^[[22m^[[39m
gate	Gate	2026-10-03T05:40:08.8839301Z      ^[[33m^[[2m✓^[[22m^[[39m booster-sep-boostback ^[[33m 689^[[2mms^[[22m^[[39m
gate	Gate	2026-10-03T05:40:08.8840216Z      ^[[33m^[[2m✓^[[22m^[[39m rtls-boostback ^[[33m 671^[[2mms^[[22m^[[39m
gate	Gate	2026-10-03T05:40:08.8841124Z      ^[[33m^[[2m✓^[[22m^[[39m reentry-autoland ^[[33m 13317^[[2mms^[[22m^[[39m
gate	Gate	2026-10-03T05:40:08.8842083Z      ^[[33m^[[2m✓^[[22m^[[39m before-flip-autoland ^[[33m 2374^[[2mms^[[22m^[[39m
gate	Gate	2026-10-03T05:40:08.8843114Z      ^[[33m^[[2m✓^[[22m^[[39m booster-sep-boostback ^[[33m 354^[[2mms^[[22m^[[39m
gate	Gate	2026-10-03T05:40:08.8844083Z      ^[[33m^[[2m✓^[[22m^[[39m rtls-boostback ^[[33m 349^[[2mms^[[22m^[[39m
gate	Gate	2026-10-03T05:40:08.8845104Z      ^[[33m^[[2m✓^[[22m^[[39m reentry-autoland ^[[33m 4964^[[2mms^[[22m^[[39m
gate	Gate	2026-10-03T05:40:08.8846571Z      ^[[33m^[[2m✓^[[22m^[[39m before-flip-autoland ^[[33m 1083^[[2mms^[[22m^[[39m
gate	Gate	2026-10-03T05:40:36.0989671Z ^[[90mstdout^[[2m | tests/view/perf.test.ts^[[2m > ^[[22m^[[2mparticle pool headroom, with the velocity streaks added^[[2m > ^[[22m^[[2mreports peak usage across all seven scenarios against the 576 baseline
gate	Gate	2026-10-03T05:40:36.0999511Z ^[[22m^[[39mlaunch-pad-takeoff: peak 750 · booster-sep-boostback: peak 492 · rtls-boostback: peak 536 · reentry-autoland: peak 631 · before-flip-autoland: peak 639 · landing-burn-autoland: peak 644 · landing-burn-headwind: peak 648 · intro-demo: peak 651
gate	Gate	2026-10-03T05:40:36.1002148Z    worst 750 of 4000 (81% free), at launch-pad-takeoff; baseline before M7.5 was 576
gate	Gate	2026-10-03T05:40:36.1002946Z 
gate	Gate	2026-10-03T05:40:47.5994871Z  ^[[32m✓^[[39m ^[[30m^[[42m unit ^[[49m^[[39m tests/view/perf.test.ts ^[[2m(^[[22m^[[2m8 tests^[[22m^[[2m)^[[22m^[[33m 120514^[[2mms^[[22m^[[39m
gate	Gate	2026-10-03T05:40:47.6010031Z      ^[[33m^[[2m✓^[[22m^[[39m the particle pool is fixed for the life of the system ^[[33m 7961^[[2mms^[[22m^[[39m
gate	Gate	2026-10-03T05:40:47.6011667Z      ^[[33m^[[2m✓^[[22m^[[39m the M6.7 and M7.5 effects do not grow it either ^[[33m 22486^[[2mms^[[22m^[[39m
gate	Gate	2026-10-03T05:40:47.6013222Z      ^[[33m^[[2m✓^[[22m^[[39m a long flight does not grow the heap without bound ^[[33m 370^[[2mms^[[22m^[[39m
gate	Gate	2026-10-03T05:40:47.6014823Z      ^[[33m^[[2m✓^[[22m^[[39m reports peak usage across all seven scenarios against the 576 baseline ^[[33m 78037^[[2mms^[[22m^[[39m
gate	Gate	2026-10-03T05:40:47.6016345Z      ^[[33m^[[2m✓^[[22m^[[39m the shock-banded core does not grow the pool either ^[[33m 11446^[[2mms^[[22m^[[39m
gate	Gate	2026-10-03T05:41:02.6399847Z  ^[[32m✓^[[39m ^[[30m^[[42m unit ^[[49m^[[39m tests/core/orbit.test.ts ^[[2m(^[[22m^[[2m18 tests^[[22m^[[2m)^[[22m^[[33m 53525^[[2mms^[[22m^[[39m
gate	Gate	2026-10-03T05:41:02.6406534Z      ^[[33m^[[2m✓^[[22m^[[39m altitude holds within a kilometre over a full lap ^[[33m 6741^[[2mms^[[22m^[[39m
gate	Gate	2026-10-03T05:41:02.6410362Z      ^[[33m^[[2m✓^[[22m^[[39m speed holds within a metre per second over a full lap ^[[33m 6559^[[2mms^[[22m^[[39m
gate	Gate	2026-10-03T05:41:02.6412071Z      ^[[33m^[[2m✓^[[22m^[[39m never dips into the atmosphere or climbs away ^[[33m 8143^[[2mms^[[22m^[[39m
gate	Gate	2026-10-03T05:41:02.6413348Z      ^[[33m^[[2m✓^[[22m^[[39m completes a full revolution of downrange distance ^[[33m 10576^[[2mms^[[22m^[[39m
gate	Gate	2026-10-03T05:41:02.6414750Z      ^[[33m^[[2m✓^[[22m^[[39m specific orbital energy drifts by less than one part in a thousand ^[[33m 1268^[[2mms^[[22m^[[39m
gate	Gate	2026-10-03T05:41:02.6416310Z      ^[[33m^[[2m✓^[[22m^[[39m specific angular momentum is conserved as the vehicle climbs ^[[33m 663^[[2mms^[[22m^[[39m
gate	Gate	2026-10-03T05:41:02.6417791Z      ^[[33m^[[2m✓^[[22m^[[39m an elliptical orbit comes back down again ^[[33m 19304^[[2mms^[[22m^[[39m
gate	Gate	2026-10-03T05:41:15.7936781Z  ^[[32m✓^[[39m ^[[30m^[[42m unit ^[[49m^[[39m tests/core/camera.test.ts ^[[2m(^[[22m^[[2m105 tests^[[22m^[[2m)^[[22m^[[33m 27833^[[2mms^[[22m^[[39m
gate	Gate	2026-10-03T05:41:15.7940522Z      ^[[33m^[[2m✓^[[22m^[[39m launch-pad-takeoff ^[[33m 309^[[2mms^[[22m^[[39m
gate	Gate	2026-10-03T05:41:15.7948865Z      ^[[33m^[[2m✓^[[22m^[[39m rtls-boostback ^[[33m 303^[[2mms^[[22m^[[39m
gate	Gate	2026-10-03T05:41:15.7949977Z      ^[[33m^[[2m✓^[[22m^[[39m reentry-autoland ^[[33m 4260^[[2mms^[[22m^[[39m
gate	Gate	2026-10-03T05:41:15.7951154Z      ^[[33m^[[2m✓^[[22m^[[39m before-flip-autoland ^[[33m 1088^[[2mms^[[22m^[[39m
gate	Gate	2026-10-03T05:41:15.7952253Z      ^[[33m^[[2m✓^[[22m^[[39m rtls-boostback in pad ^[[33m 311^[[2mms^[[22m^[[39m
gate	Gate	2026-10-03T05:41:15.7953320Z      ^[[33m^[[2m✓^[[22m^[[39m reentry-autoland in pad ^[[33m 4541^[[2mms^[[22m^[[39m
gate	Gate	2026-10-03T05:41:15.7954421Z      ^[[33m^[[2m✓^[[22m^[[39m reentry-autoland in chase ^[[33m 5007^[[2mms^[[22m^[[39m
gate	Gate	2026-10-03T05:41:15.7955539Z      ^[[33m^[[2m✓^[[22m^[[39m reentry-autoland in onboard ^[[33m 4598^[[2mms^[[22m^[[39m
gate	Gate	2026-10-03T05:41:15.7956678Z      ^[[33m^[[2m✓^[[22m^[[39m before-flip-autoland in pad ^[[33m 1118^[[2mms^[[22m^[[39m
gate	Gate	2026-10-03T05:41:15.7957837Z      ^[[33m^[[2m✓^[[22m^[[39m before-flip-autoland in chase ^[[33m 1113^[[2mms^[[22m^[[39m
gate	Gate	2026-10-03T05:41:15.7959182Z      ^[[33m^[[2m✓^[[22m^[[39m before-flip-autoland in onboard ^[[33m 1111^[[2mms^[[22m^[[39m
gate	Gate	2026-10-03T05:41:27.5445326Z  ^[[32m✓^[[39m ^[[30m^[[42m unit ^[[49m^[[39m tests/golden/replay.test.ts ^[[2m(^[[22m^[[2m17 tests^[[22m^[[2m)^[[22m^[[33m 24248^[[2mms^[[22m^[[39m
gate	Gate	2026-10-03T05:41:27.5452081Z      ^[[33m^[[2m✓^[[22m^[[39m replays field for field, sample for sample ^[[33m 980^[[2mms^[[22m^[[39m
gate	Gate	2026-10-03T05:41:27.5454055Z      ^[[33m^[[2m✓^[[22m^[[39m replays field for field, sample for sample ^[[33m 1177^[[2mms^[[22m^[[39m
gate	Gate	2026-10-03T05:41:27.5455418Z      ^[[33m^[[2m✓^[[22m^[[39m replays field for field, sample for sample ^[[33m 1175^[[2mms^[[22m^[[39m
gate	Gate	2026-10-03T05:41:27.5456734Z      ^[[33m^[[2m✓^[[22m^[[39m replays field for field, sample for sample ^[[33m 11992^[[2mms^[[22m^[[39m
gate	Gate	2026-10-03T05:41:27.5458002Z      ^[[33m^[[2m✓^[[22m^[[39m replays field for field, sample for sample ^[[33m 2547^[[2mms^[[22m^[[39m
gate	Gate	2026-10-03T05:41:27.5459434Z      ^[[33m^[[2m✓^[[22m^[[39m replays field for field, sample for sample ^[[33m 438^[[2mms^[[22m^[[39m
gate	Gate	2026-10-03T05:41:27.5460735Z      ^[[33m^[[2m✓^[[22m^[[39m replays field for field, sample for sample ^[[33m 460^[[2mms^[[22m^[[39m
gate	Gate	2026-10-03T05:41:27.5462041Z      ^[[33m^[[2m✓^[[22m^[[39m replays field for field, sample for sample ^[[33m 406^[[2mms^[[22m^[[39m
gate	Gate	2026-10-03T05:41:27.5463516Z      ^[[33m^[[2m✓^[[22m^[[39m round-trip through the serialiser preserves every value exactly ^[[33m 4515^[[2mms^[[22m^[[39m
gate	Gate	2026-10-03T05:41:31.4224418Z  ^[[32m✓^[[39m ^[[30m^[[42m unit ^[[49m^[[39m tests/core/booster-forecast.test.ts ^[[2m(^[[22m^[[2m25 tests^[[22m^[[2m)^[[22m^[[33m 95285^[[2mms^[[22m^[[39m
gate	Gate	2026-10-03T05:41:31.4227778Z      ^[[33m^[[2m✓^[[22m^[[39m reuses only the identical alignment prefix for booster-sep, with bit-exact paid forecasts ^[[33m 27580^[[2mms^[[22m^[[39m
gate	Gate	2026-10-03T05:41:31.4230042Z      ^[[33m^[[2m✓^[[22m^[[39m reuses only the identical alignment prefix for rtls, with bit-exact paid forecasts ^[[33m 15061^[[2mms^[[22m^[[39m
gate	Gate	2026-10-03T05:41:31.4232075Z      ^[[33m^[[2m✓^[[22m^[[39m reuses exact paid startup for booster-sep without lending its impulse to shorter burns ^[[33m 33508^[[2mms^[[22m^[[39m
gate	Gate	2026-10-03T05:41:31.4233943Z      ^[[33m^[[2m✓^[[22m^[[39m reuses exact paid startup for rtls without lending its impulse to shorter burns ^[[33m 15306^[[2mms^[[22m^[[39m
gate	Gate	2026-10-03T05:41:31.4236261Z      ^[[33m^[[2m✓^[[22m^[[39m rejects alignment reuse after changing source, mechanics, policy, model, coast or timestep ^[[33m 2497^[[2mms^[[22m^[[39m
gate	Gate	2026-10-03T05:41:43.1904670Z  ^[[32m✓^[[39m ^[[30m^[[42m unit ^[[49m^[[39m tests/hud/trajectory.test.ts ^[[2m(^[[22m^[[2m39 tests^[[22m^[[2m)^[[22m^[[33m 11490^[[2mms^[[22m^[[39m
gate	Gate	2026-10-03T05:41:43.1906351Z      ^[[33m^[[2m✓^[[22m^[[39m launch-pad-takeoff ^[[33m 688^[[2mms^[[22m^[[39m
gate	Gate	2026-10-03T05:41:43.1907601Z      ^[[33m^[[2m✓^[[22m^[[39m booster-sep-boostback ^[[33m 675^[[2mms^[[22m^[[39m
gate	Gate	2026-10-03T05:41:43.1909155Z      ^[[33m^[[2m✓^[[22m^[[39m rtls-boostback ^[[33m 889^[[2mms^[[22m^[[39m
gate	Gate	2026-10-03T05:41:43.1910251Z      ^[[33m^[[2m✓^[[22m^[[39m reentry-autoland ^[[33m 7092^[[2mms^[[22m^[[39m
gate	Gate	2026-10-03T05:41:43.1911305Z      ^[[33m^[[2m✓^[[22m^[[39m before-flip-autoland ^[[33m 1263^[[2mms^[[22m^[[39m
gate	Gate	2026-10-03T05:41:45.8352768Z  ^[[32m✓^[[39m ^[[30m^[[42m unit ^[[49m^[[39m tests/core/angular-momentum.test.ts ^[[2m(^[[22m^[[2m8 tests^[[22m^[[2m)^[[22m^[[33m 29792^[[2mms^[[22m^[[39m
gate	Gate	2026-10-03T05:41:45.8354780Z      ^[[33m^[[2m✓^[[22m^[[39m to better than a part in ten thousand over a hundred minutes ^[[33m 8167^[[2mms^[[22m^[[39m
gate	Gate	2026-10-03T05:41:45.8356378Z      ^[[33m^[[2m✓^[[22m^[[39m and the orbit reaches the apogee the energy says it should ^[[33m 12618^[[2mms^[[22m^[[39m
gate	Gate	2026-10-03T05:41:45.8357982Z      ^[[33m^[[2m✓^[[22m^[[39m the simulation agrees to within a kilometre in five thousand ^[[33m 1296^[[2mms^[[22m^[[39m
gate	Gate	2026-10-03T05:41:45.8359851Z      ^[[33m^[[2m✓^[[22m^[[39m and the guidance's conic predicts the ground arc the simulation flies ^[[33m 1283^[[2mms^[[22m^[[39m
gate	Gate	2026-10-03T05:41:45.8361582Z      ^[[33m^[[2m✓^[[22m^[[39m and CONVERGES — which is how a model error tells itself from an integrator one ^[[33m 6419^[[2mms^[[22m^[[39m
gate	Gate	2026-10-03T05:41:51.5369527Z  ^[[32m✓^[[39m ^[[30m^[[42m unit ^[[49m^[[39m tests/core/verlet.test.ts ^[[2m(^[[22m^[[2m8 tests^[[22m^[[2m)^[[22m^[[33m 23768^[[2mms^[[22m^[[39m
gate	Gate	2026-10-03T05:41:51.5374555Z      ^[[33m^[[2m✓^[[22m^[[39m halving dt quarters the error — the ratio is 4, where Euler gave 2 ^[[33m 2576^[[2mms^[[22m^[[39m
gate	Gate	2026-10-03T05:41:51.5376608Z      ^[[33m^[[2m✓^[[22m^[[39m and is millimetres at 15 Hz, where Euler was 796 metres ^[[33m 3772^[[2mms^[[22m^[[39m
gate	Gate	2026-10-03T05:41:51.5378064Z      ^[[33m^[[2m✓^[[22m^[[39m to a part in 10^10 or better at every rate the simulation runs at ^[[33m 8857^[[2mms^[[22m^[[39m
gate	Gate	2026-10-03T05:41:51.5379728Z      ^[[33m^[[2m✓^[[22m^[[39m altitude drift is a centimetre, and does not depend on dt ^[[33m 7364^[[2mms^[[22m^[[39m
gate	Gate	2026-10-03T05:41:51.5381234Z      ^[[33m^[[2m✓^[[22m^[[39m and in true vacuum, at 800 km, energy and altitude do not move at all ^[[33m 1176^[[2mms^[[22m^[[39m
gate	Gate	2026-10-03T05:41:56.4054117Z ^[[90mstdout^[[2m | tests/view/motion-cues.test.ts^[[2m > ^[[22m^[[2mat the speeds the seven scenarios actually reach^[[2m > ^[[22m^[[2mreports where the streaks are silent and where they blow
gate	Gate	2026-10-03T05:41:56.4059835Z ^[[22m^[[39mlaunch-pad-takeoff: peak 646 m/s -> streak 0.18, silent 33% of the flight
gate	Gate	2026-10-03T05:41:56.4061265Z booster-sep-boostback: peak 1599 m/s -> streak 0.88, silent 0% of the flight
gate	Gate	2026-10-03T05:41:56.4062462Z rtls-boostback: peak 542 m/s -> streak 0.12, silent 45% of the flight
gate	Gate	2026-10-03T05:41:56.4063534Z reentry-autoland: peak 7300 m/s -> streak 1.00, silent 52% of the flight
gate	Gate	2026-10-03T05:41:56.4064668Z before-flip-autoland: peak 70 m/s -> streak 0.00, silent 100% of the flight
gate	Gate	2026-10-03T05:41:56.4065825Z landing-burn-autoland: peak 38 m/s -> streak 0.00, silent 100% of the flight
gate	Gate	2026-10-03T05:41:56.4067033Z landing-burn-headwind: peak 37 m/s -> streak 0.00, silent 100% of the flight
gate	Gate	2026-10-03T05:41:56.4068089Z intro-demo: peak 51 m/s -> streak 0.00, silent 100% of the flight
gate	Gate	2026-10-03T05:41:56.4068898Z 
gate	Gate	2026-10-03T05:41:56.8820527Z ^[[90mstdout^[[2m | tests/view/motion-cues.test.ts^[[2m > ^[[22m^[[2mthe flight-path marker^[[2m > ^[[22m^[[2mlaunch-pad-takeoff: the marker never disagrees with the state vector
gate	Gate	2026-10-03T05:41:56.8825738Z ^[[22m^[[39mlaunch-pad-takeoff: nose and flight path diverge by up to 4°
gate	Gate	2026-10-03T05:41:56.8827181Z 
gate	Gate	2026-10-03T05:41:57.2024269Z ^[[90mstdout^[[2m | tests/view/motion-cues.test.ts^[[2m > ^[[22m^[[2mthe flight-path marker^[[2m > ^[[22m^[[2mbooster-sep-boostback: the marker never disagrees with the state vector
gate	Gate	2026-10-03T05:41:57.2029082Z ^[[22m^[[39mbooster-sep-boostback: nose and flight path diverge by up to 134°
gate	Gate	2026-10-03T05:41:57.2030064Z 
gate	Gate	2026-10-03T05:41:57.5486343Z ^[[90mstdout^[[2m | tests/view/motion-cues.test.ts^[[2m > ^[[22m^[[2mthe flight-path marker^[[2m > ^[[22m^[[2mrtls-boostback: the marker never disagrees with the state vector
gate	Gate	2026-10-03T05:41:57.5513623Z ^[[22m^[[39mrtls-boostback: nose and flight path diverge by up to 179°
gate	Gate	2026-10-03T05:41:57.5514555Z 
gate	Gate	2026-10-03T05:42:04.7670633Z  ^[[32m✓^[[39m ^[[30m^[[42m unit ^[[49m^[[39m tests/hud/timeline.test.ts ^[[2m(^[[22m^[[2m29 tests^[[22m^[[2m)^[[22m^[[33m 12991^[[2mms^[[22m^[[39m
gate	Gate	2026-10-03T05:42:04.7672742Z      ^[[33m^[[2m✓^[[22m^[[39m 'launch-pad-takeoff' fires its events in order, flown live ^[[33m 309^[[2mms^[[22m^[[39m
gate	Gate	2026-10-03T05:42:04.7674277Z      ^[[33m^[[2m✓^[[22m^[[39m 'reentry-autoland' fires its events in order, flown live ^[[33m 5466^[[2mms^[[22m^[[39m
gate	Gate	2026-10-03T05:42:04.7675705Z      ^[[33m^[[2m✓^[[22m^[[39m 'before-flip-autoland' fires its events in order, flown live ^[[33m 1081^[[2mms^[[22m^[[39m
gate	Gate	2026-10-03T05:42:04.7677217Z      ^[[33m^[[2m✓^[[22m^[[39m a state exactly at the entry interface counts as crossing it ^[[33m 4161^[[2mms^[[22m^[[39m
gate	Gate	2026-10-03T05:42:05.1725369Z ^[[90mstdout^[[2m | tests/view/motion-cues.test.ts^[[2m > ^[[22m^[[2mthe flight-path marker^[[2m > ^[[22m^[[2mreentry-autoland: the marker never disagrees with the state vector
gate	Gate	2026-10-03T05:42:05.1727332Z ^[[22m^[[39mreentry-autoland: nose and flight path diverge by up to 180°
gate	Gate	2026-10-03T05:42:05.1728048Z 
gate	Gate	2026-10-03T05:42:06.2853032Z ^[[90mstdout^[[2m | tests/view/motion-cues.test.ts^[[2m > ^[[22m^[[2mthe flight-path marker^[[2m > ^[[22m^[[2mbefore-flip-autoland: the marker never disagrees with the state vector
gate	Gate	2026-10-03T05:42:06.2855143Z ^[[22m^[[39mbefore-flip-autoland: nose and flight path diverge by up to 180°
gate	Gate	2026-10-03T05:42:06.2855940Z 
gate	Gate	2026-10-03T05:42:06.3537926Z ^[[90mstdout^[[2m | tests/view/motion-cues.test.ts^[[2m > ^[[22m^[[2mthe flight-path marker^[[2m > ^[[22m^[[2mlanding-burn-autoland: the marker never disagrees with the state vector
gate	Gate	2026-10-03T05:42:06.3542270Z ^[[22m^[[39mlanding-burn-autoland: nose and flight path diverge by up to 180°
gate	Gate	2026-10-03T05:42:06.3543069Z 
gate	Gate	2026-10-03T05:42:06.4316300Z ^[[90mstdout^[[2m | tests/view/motion-cues.test.ts^[[2m > ^[[22m^[[2mthe flight-path marker^[[2m > ^[[22m^[[2mlanding-burn-headwind: the marker never disagrees with the state vector
gate	Gate	2026-10-03T05:42:06.4323565Z ^[[22m^[[39mlanding-burn-headwind: nose and flight path diverge by up to 180°
gate	Gate	2026-10-03T05:42:06.4324582Z 
gate	Gate	2026-10-03T05:42:06.4980233Z ^[[90mstdout^[[2m | tests/view/motion-cues.test.ts^[[2m > ^[[22m^[[2mthe flight-path marker^[[2m > ^[[22m^[[2mintro-demo: the marker never disagrees with the state vector
gate	Gate	2026-10-03T05:42:06.4984236Z ^[[22m^[[39mintro-demo: nose and flight path diverge by up to 180°
gate	Gate	2026-10-03T05:42:06.4985097Z 
gate	Gate	2026-10-03T05:42:10.7366450Z  ^[[32m✓^[[39m ^[[30m^[[42m unit ^[[49m^[[39m tests/view/motion-cues.test.ts ^[[2m(^[[22m^[[2m19 tests^[[22m^[[2m)^[[22m^[[33m 24227^[[2mms^[[22m^[[39m
gate	Gate	2026-10-03T05:42:10.7368438Z      ^[[33m^[[2m✓^[[22m^[[39m reports where the streaks are silent and where they blow ^[[33m 9906^[[2mms^[[22m^[[39m
gate	Gate	2026-10-03T05:42:10.7370581Z      ^[[33m^[[2m✓^[[22m^[[39m booster-sep-boostback: the marker never disagrees with the state vector ^[[33m 320^[[2mms^[[22m^[[39m
gate	Gate	2026-10-03T05:42:10.7372378Z      ^[[33m^[[2m✓^[[22m^[[39m rtls-boostback: the marker never disagrees with the state vector ^[[33m 346^[[2mms^[[22m^[[39m
gate	Gate	2026-10-03T05:42:10.7374076Z      ^[[33m^[[2m✓^[[22m^[[39m reentry-autoland: the marker never disagrees with the state vector ^[[33m 7624^[[2mms^[[22m^[[39m
gate	Gate	2026-10-03T05:42:10.7375586Z      ^[[33m^[[2m✓^[[22m^[[39m before-flip-autoland: the marker never disagrees with the state vector ^[[33m 1113^[[2mms^[[22m^[[39m
gate	Gate	2026-10-03T05:42:10.7377190Z      ^[[33m^[[2m✓^[[22m^[[39m the divergence is real on at least one scenario, or this draws nothing ^[[33m 4209^[[2mms^[[22m^[[39m
gate	Gate	2026-10-03T05:42:25.9465800Z ^[[90mstdout^[[2m | tests/hud/prediction.test.ts^[[2m > ^[[22m^[[2mthe claim, tested against itself^[[2m > ^[[22m^[[2ma genuinely unpowered fall lands near where it was predicted to
gate	Gate	2026-10-03T05:42:25.9469704Z ^[[22m^[[39munpowered drop · fell 0.2 km · predicted -0.00 km in 3.4 s · actual 0.00 km in 3.4 s · error 0.00 km
gate	Gate	2026-10-03T05:42:25.9470772Z 
gate	Gate	2026-10-03T05:42:26.1644672Z ^[[90mstdout^[[2m | tests/hud/prediction.test.ts^[[2m > ^[[22m^[[2mthe claim, tested against itself^[[2m > ^[[22m^[[2mreports how wrong it is from high altitude, where the model is weakest
gate	Gate	2026-10-03T05:42:26.1670104Z ^[[22m^[[39mfrom 40 km unpowered · predicted 11.9 km in 95 s · actual 20.2 km in 101 s · error 8.3 km
gate	Gate	2026-10-03T05:42:26.1683728Z 
gate	Gate	2026-10-03T05:42:27.3077365Z ^[[90mstdout^[[2m | tests/core/booster-planning-latency.test.ts^[[2m > ^[[22m^[[2mpaid return planning at production receipt/work timing^[[2m > ^[[22m^[[2mpublishes a source-matched physically caught future cutoff for booster-sep
gate	Gate	2026-10-03T05:42:27.3093116Z ^[[22m^[[39m{"id":"booster-sep","receipt":21.683333333332744,"shutdown":35.93333333333194,"iterations":3,"paidFutureSteps":10399,"remainingFuel":88943.63014687921}
gate	Gate	2026-10-03T05:42:27.3119292Z 
gate	Gate	2026-10-03T05:42:28.1760045Z ^[[90mstdout^[[2m | tests/hud/prediction.test.ts^[[2m > ^[[22m^[[2mthe error against seven real flights^[[2m > ^[[22m^[[2mbefore-flip-autoland converges as the ground approaches
gate	Gate	2026-10-03T05:42:28.1780144Z ^[[22m^[[39mbefore-flip-autoland: touchdown at 0.00 km · at 1.0 km up, error 0.10 km · at 28 m up, error 0 m
gate	Gate	2026-10-03T05:42:28.1799224Z 
gate	Gate	2026-10-03T05:42:28.2308389Z ^[[90mstdout^[[2m | tests/hud/prediction.test.ts^[[2m > ^[[22m^[[2mthe error against seven real flights^[[2m > ^[[22m^[[2mlanding-burn-autoland converges as the ground approaches
gate	Gate	2026-10-03T05:42:28.2320206Z ^[[22m^[[39mlanding-burn-autoland: touchdown at 0.00 km · at 0.2 km up, error 0.00 km · at 26 m up, error 0 m
gate	Gate	2026-10-03T05:42:28.2321051Z 
gate	Gate	2026-10-03T05:42:28.2710468Z ^[[90mstdout^[[2m | tests/hud/prediction.test.ts^[[2m > ^[[22m^[[2mthe error against seven real flights^[[2m > ^[[22m^[[2mintro-demo converges as the ground approaches
gate	Gate	2026-10-03T05:42:28.2712855Z ^[[22m^[[39mintro-demo: touchdown at 0.00 km · at 0.2 km up, error 0.00 km · at 25 m up, error 0 m
gate	Gate	2026-10-03T05:42:28.2713516Z 
gate	Gate	2026-10-03T05:42:28.2819897Z  ^[[32m✓^[[39m ^[[30m^[[42m unit ^[[49m^[[39m tests/hud/prediction.test.ts ^[[2m(^[[22m^[[2m13 tests^[[22m^[[2m)^[[22m^[[33m 17320^[[2mms^[[22m^[[39m
gate	Gate	2026-10-03T05:42:28.2830124Z      ^[[33m^[[2m✓^[[22m^[[39m never returns a non-finite number to a caller ^[[33m 14934^[[2mms^[[22m^[[39m
gate	Gate	2026-10-03T05:42:28.2850827Z      ^[[33m^[[2m✓^[[22m^[[39m before-flip-autoland converges as the ground approaches ^[[33m 2012^[[2mms^[[22m^[[39m
gate	Gate	2026-10-03T05:42:29.0890988Z ^[[90mstdout^[[2m | tests/audio/transients.test.ts^[[2m > ^[[22m^[[2mthe latch fires once per event^[[2m > ^[[22m^[[2mlaunch-pad-takeoff
gate	Gate	2026-10-03T05:42:29.0896936Z ^[[22m^[[39mlaunch-pad-takeoff: ignition x3
gate	Gate	2026-10-03T05:42:29.0897521Z 
gate	Gate	2026-10-03T05:42:29.4794184Z ^[[90mstdout^[[2m | tests/audio/transients.test.ts^[[2m > ^[[22m^[[2mthe latch fires once per event^[[2m > ^[[22m^[[2mbooster-sep-boostback
gate	Gate	2026-10-03T05:42:29.4819463Z ^[[22m^[[39mbooster-sep-boostback: ignition x3
gate	Gate	2026-10-03T05:42:29.4848917Z 
gate	Gate	2026-10-03T05:42:29.8631849Z ^[[90mstdout^[[2m | tests/audio/transients.test.ts^[[2m > ^[[22m^[[2mthe latch fires once per event^[[2m > ^[[22m^[[2mrtls-boostback
gate	Gate	2026-10-03T05:42:29.8635611Z ^[[22m^[[39mrtls-boostback: ignition x6, shutdown x6
gate	Gate	2026-10-03T05:42:29.8636254Z 
gate	Gate	2026-10-03T05:42:32.6031531Z ^[[90mstdout^[[2m | tests/core/booster-planning-latency.test.ts^[[2m > ^[[22m^[[2mpaid return planning at production receipt/work timing^[[2m > ^[[22m^[[2mpublishes a source-matched physically caught future cutoff for rtls
gate	Gate	2026-10-03T05:42:32.6034334Z ^[[22m^[[39m{"id":"rtls","receipt":12.783333333333248,"shutdown":13.641666666666532,"iterations":3,"paidFutureSteps":6131,"remainingFuel":90846.3345830032}
gate	Gate	2026-10-03T05:42:32.6035348Z 
gate	Gate	2026-10-03T05:42:32.6230508Z  ^[[32m✓^[[39m ^[[30m^[[42m unit ^[[49m^[[39m tests/core/booster-planning-latency.test.ts ^[[2m(^[[22m^[[2m2 tests^[[22m^[[2m)^[[22m^[[33m 27630^[[2mms^[[22m^[[39m
gate	Gate	2026-10-03T05:42:32.6260207Z      ^[[33m^[[2m✓^[[22m^[[39m publishes a source-matched physically caught future cutoff for booster-sep ^[[33m 22335^[[2mms^[[22m^[[39m
gate	Gate	2026-10-03T05:42:32.6280010Z      ^[[33m^[[2m✓^[[22m^[[39m publishes a source-matched physically caught future cutoff for rtls ^[[33m 5293^[[2mms^[[22m^[[39m
gate	Gate	2026-10-03T05:42:32.9277920Z  ^[[32m✓^[[39m ^[[30m^[[42m unit ^[[49m^[[39m tests/core/deorbit-range.test.ts ^[[2m(^[[22m^[[2m6 tests^[[22m^[[2m)^[[22m^[[33m 35538^[[2mms^[[22m^[[39m
gate	Gate	2026-10-03T05:42:32.9300077Z      ^[[33m^[[2m✓^[[22m^[[39m engine 0 out ^[[33m 15340^[[2mms^[[22m^[[39m
gate	Gate	2026-10-03T05:42:32.9336154Z      ^[[33m^[[2m✓^[[22m^[[39m engine 1 out ^[[33m 8903^[[2mms^[[22m^[[39m
gate	Gate	2026-10-03T05:42:32.9349679Z      ^[[33m^[[2m✓^[[22m^[[39m engine 2 out ^[[33m 11288^[[2mms^[[22m^[[39m
gate	Gate	2026-10-03T05:42:35.4663309Z ^[[90mstdout^[[2m | tests/audio/transients.test.ts^[[2m > ^[[22m^[[2mthe latch fires once per event^[[2m > ^[[22m^[[2mreentry-autoland
gate	Gate	2026-10-03T05:42:35.4699617Z ^[[22m^[[39mreentry-autoland: ignition x3, shutdown x3, touchdown x1
gate	Gate	2026-10-03T05:42:35.4718980Z 
gate	Gate	2026-10-03T05:42:36.7193167Z  ^[[32m✓^[[39m ^[[30m^[[42m unit ^[[49m^[[39m tests/view/atmosphere-look.test.ts ^[[2m(^[[22m^[[2m22 tests^[[22m^[[2m)^[[22m^[[33m 3413^[[2mms^[[22m^[[39m
gate	Gate	2026-10-03T05:42:36.7199654Z      ^[[33m^[[2m✓^[[22m^[[39m rises monotonically between the two ^[[33m 3318^[[2mms^[[22m^[[39m
gate	Gate	2026-10-03T05:42:37.5400843Z ^[[90mstdout^[[2m | tests/audio/transients.test.ts^[[2m > ^[[22m^[[2mthe latch fires once per event^[[2m > ^[[22m^[[2mbefore-flip-autoland
gate	Gate	2026-10-03T05:42:37.5429705Z ^[[22m^[[39mbefore-flip-autoland: ignition x3, shutdown x3, touchdown x1
gate	Gate	2026-10-03T05:42:37.5430515Z 
gate	Gate	2026-10-03T05:42:37.6930759Z ^[[90mstdout^[[2m | tests/audio/transients.test.ts^[[2m > ^[[22m^[[2mthe latch fires once per event^[[2m > ^[[22m^[[2mlanding-burn-autoland
gate	Gate	2026-10-03T05:42:37.6989706Z ^[[22m^[[39mlanding-burn-autoland: ignition x3, shutdown x3, touchdown x1
gate	Gate	2026-10-03T05:42:37.7011442Z 
gate	Gate	2026-10-03T05:42:37.8457607Z ^[[90mstdout^[[2m | tests/audio/transients.test.ts^[[2m > ^[[22m^[[2mthe latch fires once per event^[[2m > ^[[22m^[[2mlanding-burn-headwind
gate	Gate	2026-10-03T05:42:37.8480159Z ^[[22m^[[39mlanding-burn-headwind: ignition x3, shutdown x3, touchdown x1
gate	Gate	2026-10-03T05:42:37.8528848Z 
gate	Gate	2026-10-03T05:42:37.9295453Z ^[[90mstdout^[[2m | tests/audio/transients.test.ts^[[2m > ^[[22m^[[2mthe latch fires once per event^[[2m > ^[[22m^[[2mintro-demo
gate	Gate	2026-10-03T05:42:37.9297026Z ^[[22m^[[39mintro-demo: ignition x3, shutdown x3, touchdown x1
gate	Gate	2026-10-03T05:42:37.9297704Z 
gate	Gate	2026-10-03T05:42:38.1418763Z  ^[[32m✓^[[39m ^[[30m^[[42m unit ^[[49m^[[39m tests/audio/transients.test.ts ^[[2m(^[[22m^[[2m16 tests^[[22m^[[2m)^[[22m^[[33m 9451^[[2mms^[[22m^[[39m
gate	Gate	2026-10-03T05:42:38.1429892Z      ^[[33m^[[2m✓^[[22m^[[39m launch-pad-takeoff ^[[33m 425^[[2mms^[[22m^[[39m
gate	Gate	2026-10-03T05:42:38.1431109Z      ^[[33m^[[2m✓^[[22m^[[39m booster-sep-boostback ^[[33m 390^[[2mms^[[22m^[[39m
gate	Gate	2026-10-03T05:42:38.1432147Z      ^[[33m^[[2m✓^[[22m^[[39m rtls-boostback ^[[33m 384^[[2mms^[[22m^[[39m
gate	Gate	2026-10-03T05:42:38.1433133Z      ^[[33m^[[2m✓^[[22m^[[39m reentry-autoland ^[[33m 5603^[[2mms^[[22m^[[39m
gate	Gate	2026-10-03T05:42:38.1434195Z      ^[[33m^[[2m✓^[[22m^[[39m before-flip-autoland ^[[33m 2071^[[2mms^[[22m^[[39m
gate	Gate	2026-10-03T05:42:42.8301317Z ^[[90mstdout^[[2m | tests/audio/warnings.test.ts^[[2m > ^[[22m^[[2mear and eye read the same thresholds^[[2m > ^[[22m^[[2mstays quiet through all seven, and reports how much margin they had
gate	Gate	2026-10-03T05:42:42.8321880Z ^[[22m^[[39mlaunch-pad-takeoff: nominal (heat 0.02, Q 0.53 of limit)
gate	Gate	2026-10-03T05:42:42.8349554Z booster-sep-boostback: nominal (heat 0.01, Q 0.00 of limit)
gate	Gate	2026-10-03T05:42:42.8379725Z rtls-boostback: nominal (heat 0.02, Q 0.57 of limit)
gate	Gate	2026-10-03T05:42:42.8385027Z reentry-autoland: nominal (heat 0.64, Q 0.17 of limit)
gate	Gate	2026-10-03T05:42:42.8385969Z before-flip-autoland: nominal (heat 0.00, Q 0.06 of limit)
gate	Gate	2026-10-03T05:42:42.8386960Z landing-burn-autoland: nominal (heat 0.00, Q 0.02 of limit)
gate	Gate	2026-10-03T05:42:42.8387956Z landing-burn-headwind: nominal (heat 0.00, Q 0.02 of limit)
gate	Gate	2026-10-03T05:42:42.8389060Z intro-demo: nominal (heat 0.00, Q 0.03 of limit)
gate	Gate	2026-10-03T05:42:42.8390178Z 
gate	Gate	2026-10-03T05:42:42.8705988Z  ^[[32m✓^[[39m ^[[30m^[[42m unit ^[[49m^[[39m tests/audio/warnings.test.ts ^[[2m(^[[22m^[[2m11 tests^[[22m^[[2m)^[[22m^[[33m 9558^[[2mms^[[22m^[[39m
gate	Gate	2026-10-03T05:42:42.8708232Z      ^[[33m^[[2m✓^[[22m^[[39m stays quiet through all seven, and reports how much margin they had ^[[33m 9523^[[2mms^[[22m^[[39m
gate	Gate	2026-10-03T05:42:47.3135464Z ^[[90mstdout^[[2m | tests/audio/params.test.ts^[[2m > ^[[22m^[[2mat the throttles and engine counts the seven scenarios reach^[[2m > ^[[22m^[[2mreports the range each flight actually visits
gate	Gate	2026-10-03T05:42:47.3159484Z ^[[22m^[[39mlaunch-pad-takeoff: engine level 0.00–1.00, up to 3 lit
gate	Gate	2026-10-03T05:42:47.3160134Z booster-sep-boostback: engine level 0.00–1.00, up to 3 lit
gate	Gate	2026-10-03T05:42:47.3189209Z rtls-boostback: engine level 0.00–1.00, up to 3 lit
gate	Gate	2026-10-03T05:42:47.3209427Z reentry-autoland: engine level 0.00–0.73, up to 3 lit
gate	Gate	2026-10-03T05:42:47.3239308Z before-flip-autoland: engine level 0.00–0.73, up to 3 lit
gate	Gate	2026-10-03T05:42:47.3251906Z landing-burn-autoland: engine level 0.00–0.74, up to 3 lit
gate	Gate	2026-10-03T05:42:47.3269359Z landing-burn-headwind: engine level 0.00–0.73, up to 3 lit
gate	Gate	2026-10-03T05:42:47.3279556Z intro-demo: engine level 0.00–0.86, up to 3 lit
gate	Gate	2026-10-03T05:42:47.3281382Z 
gate	Gate	2026-10-03T05:42:47.3282699Z  ^[[32m✓^[[39m ^[[30m^[[42m unit ^[[49m^[[39m tests/audio/params.test.ts ^[[2m(^[[22m^[[2m19 tests^[[22m^[[2m)^[[22m^[[33m 10337^[[2mms^[[22m^[[39m
gate	Gate	2026-10-03T05:42:47.3284457Z      ^[[33m^[[2m✓^[[22m^[[39m reports the range each flight actually visits ^[[33m 10312^[[2mms^[[22m^[[39m
gate	Gate	2026-10-03T05:42:48.9179494Z  ^[[32m✓^[[39m ^[[30m^[[42m unit ^[[49m^[[39m tests/view/distant-earth.test.ts ^[[2m(^[[22m^[[2m23 tests^[[22m^[[2m)^[[22m^[[33m 10089^[[2mms^[[22m^[[39m
gate	Gate	2026-10-03T05:42:48.9190017Z      ^[[33m^[[2m✓^[[22m^[[39m launch-pad-takeoff stays readable ^[[33m 388^[[2mms^[[22m^[[39m
gate	Gate	2026-10-03T05:42:48.9219841Z      ^[[33m^[[2m✓^[[22m^[[39m rtls-boostback stays readable ^[[33m 302^[[2mms^[[22m^[[39m
gate	Gate	2026-10-03T05:42:48.9229806Z      ^[[33m^[[2m✓^[[22m^[[39m reentry-autoland stays readable ^[[33m 6663^[[2mms^[[22m^[[39m
gate	Gate	2026-10-03T05:42:48.9231456Z      ^[[33m^[[2m✓^[[22m^[[39m before-flip-autoland stays readable ^[[33m 1986^[[2mms^[[22m^[[39m
gate	Gate	2026-10-03T05:42:51.6443365Z  ^[[32m✓^[[39m ^[[30m^[[42m unit ^[[49m^[[39m tests/core/invariants.test.ts ^[[2m(^[[22m^[[2m4 tests^[[22m^[[2m)^[[22m^[[33m 2456^[[2mms^[[22m^[[39m
gate	Gate	2026-10-03T05:42:51.6460931Z      ^[[33m^[[2m✓^[[22m^[[39m every number stays finite, or is a sentinel it started as ^[[33m 901^[[2mms^[[22m^[[39m
gate	Gate	2026-10-03T05:42:51.6462635Z      ^[[33m^[[2m✓^[[22m^[[39m mass never increases, and propellant never goes negative ^[[33m 839^[[2mms^[[22m^[[39m
gate	Gate	2026-10-03T05:42:51.6464363Z      ^[[33m^[[2m✓^[[22m^[[39m with the engines off and no wind, orbital energy never rises beyond integrator error ^[[33m 588^[[2mms^[[22m^[[39m
gate	Gate	2026-10-03T05:42:53.9575514Z Not implemented: HTMLCanvasElement's getContext() method: without installing the canvas npm package
gate	Gate	2026-10-03T05:42:57.0702505Z  ^[[32m✓^[[39m ^[[30m^[[42m unit ^[[49m^[[39m tests/ui/shell/Menu.test.tsx ^[[2m(^[[22m^[[2m22 tests^[[22m^[[2m)^[[22m^[[33m 2748^[[2mms^[[22m^[[39m
gate	Gate	2026-10-03T05:42:58.2697853Z  ^[[32m✓^[[39m ^[[30m^[[42m unit ^[[49m^[[39m tests/view/plume.test.ts ^[[2m(^[[22m^[[2m13 tests^[[22m^[[2m)^[[22m^[[33m 10394^[[2mms^[[22m^[[39m
gate	Gate	2026-10-03T05:42:58.2701023Z      ^[[33m^[[2m✓^[[22m^[[39m reports the range each flight puts the plume through ^[[33m 10336^[[2mms^[[22m^[[39m
gate	Gate	2026-10-03T05:42:59.0233272Z  ^[[32m✓^[[39m ^[[30m^[[42m unit ^[[49m^[[39m tests/view/particles.test.ts ^[[2m(^[[22m^[[2m50 tests^[[22m^[[2m)^[[22m^[[33m 15575^[[2mms^[[22m^[[39m
gate	Gate	2026-10-03T05:42:59.0239969Z      ^[[33m^[[2m✓^[[22m^[[39m emitting does not add a single child ^[[33m 447^[[2mms^[[22m^[[39m
gate	Gate	2026-10-03T05:42:59.0253618Z      ^[[33m^[[2m✓^[[22m^[[39m THE LEAK: ten thousand engine shutdowns add nothing ^[[33m 13643^[[2mms^[[22m^[[39m
gate	Gate	2026-10-03T05:42:59.0255141Z      ^[[33m^[[2m✓^[[22m^[[39m a recycled slot can be used again, indefinitely ^[[33m 338^[[2mms^[[22m^[[39m
gate	Gate	2026-10-03T05:42:59.0256942Z      ^[[33m^[[2m✓^[[22m^[[39m core and bell keep the same steady plume across render batches at pressure 79.50141980166975 ^[[33m 306^[[2mms^[[22m^[[39m
gate	Gate	2026-10-03T05:43:02.4050440Z  ^[[32m✓^[[39m ^[[30m^[[42m unit ^[[49m^[[39m tests/core/random-failure-diff.test.ts ^[[2m(^[[22m^[[2m10 tests^[[22m^[[2m)^[[22m^[[33m 3064^[[2mms^[[22m^[[39m
gate	Gate	2026-10-03T05:43:02.4052229Z      ^[[33m^[[2m✓^[[22m^[[39m launch-pad is deterministic and identical across runs ^[[33m 359^[[2mms^[[22m^[[39m
gate	Gate	2026-10-03T05:43:02.4060232Z      ^[[33m^[[2m✓^[[22m^[[39m before-flip is deterministic and identical across runs ^[[33m 1487^[[2mms^[[22m^[[39m
gate	Gate	2026-10-03T05:43:03.4530383Z  ^[[32m✓^[[39m ^[[30m^[[42m unit ^[[49m^[[39m tests/proofs/trig-collapse.test.ts ^[[2m(^[[22m^[[2m23 tests^[[22m^[[2m)^[[22m^[[33m 6066^[[2mms^[[22m^[[39m
gate	Gate	2026-10-03T05:43:03.4589959Z      ^[[33m^[[2m✓^[[22m^[[39m 'horizontalDrag = -sin(x)' ^[[33m 726^[[2mms^[[22m^[[39m
gate	Gate	2026-10-03T05:43:03.4624622Z      ^[[33m^[[2m✓^[[22m^[[39m 'verticalDrag = -cos(x)' ^[[33m 853^[[2mms^[[22m^[[39m
gate	Gate	2026-10-03T05:43:03.4629468Z      ^[[33m^[[2m✓^[[22m^[[39m 'horizontalLift = -cos(x)' ^[[33m 785^[[2mms^[[22m^[[39m
gate	Gate	2026-10-03T05:43:03.4630349Z      ^[[33m^[[2m✓^[[22m^[[39m 'verticalLift = sin(x)' ^[[33m 895^[[2mms^[[22m^[[39m
gate	Gate	2026-10-03T05:43:03.4631216Z      ^[[33m^[[2m✓^[[22m^[[39m 'horizontalThrust = sin(x)' ^[[33m 868^[[2mms^[[22m^[[39m
gate	Gate	2026-10-03T05:43:03.4632013Z      ^[[33m^[[2m✓^[[22m^[[39m 'verticalThrust = cos(x)' ^[[33m 868^[[2mms^[[22m^[[39m
gate	Gate	2026-10-03T05:43:03.4633088Z      ^[[33m^[[2m✓^[[22m^[[39m records the measured maxima, so unblocking M1.9 starts from numbers ^[[33m 410^[[2mms^[[22m^[[39m
gate	Gate	2026-10-03T05:43:04.3014562Z  ^[[32m✓^[[39m ^[[30m^[[42m unit ^[[49m^[[39m tests/core/autopilot.test.ts ^[[2m(^[[22m^[[2m13 tests^[[22m^[[2m)^[[22m^[[33m 5777^[[2mms^[[22m^[[39m
gate	Gate	2026-10-03T05:43:04.3040443Z      ^[[33m^[[2m✓^[[22m^[[39m computes a belly-flop trigger altitude and ends the aero descent below it ^[[33m 5076^[[2mms^[[22m^[[39m
gate	Gate	2026-10-03T05:43:04.3569466Z  ^[[32m✓^[[39m ^[[30m^[[42m unit ^[[49m^[[39m tests/lint-walls/walls.test.ts ^[[2m(^[[22m^[[2m14 tests^[[22m^[[2m)^[[22m^[[33m 1497^[[2mms^[[22m^[[39m
gate	Gate	2026-10-03T05:43:04.3574895Z      ^[[33m^[[2m✓^[[22m^[[39m wall 1: no view/ ui/ hud/ app/ PIXI or React imports ^[[33m 1219^[[2mms^[[22m^[[39m
gate	Gate	2026-10-03T05:43:06.8887839Z  ^[[32m✓^[[39m ^[[30m^[[42m unit ^[[49m^[[39m tests/proofs/ship-step.test.ts ^[[2m(^[[22m^[[2m6 tests^[[22m^[[2m)^[[22m^[[33m 2261^[[2mms^[[22m^[[39m
gate	Gate	2026-10-03T05:43:06.8890788Z      ^[[33m^[[2m✓^[[22m^[[39m preserves every field across engine, atmosphere, attitude, fuel and dt boundaries ^[[33m 2246^[[2mms^[[22m^[[39m
gate	Gate	2026-10-03T05:43:07.2020726Z  ^[[32m✓^[[39m ^[[30m^[[42m unit ^[[49m^[[39m tests/core/rcs-dead-zone.test.ts ^[[2m(^[[22m^[[2m7 tests^[[22m^[[2m)^[[22m^[[33m 3455^[[2mms^[[22m^[[39m
gate	Gate	2026-10-03T05:43:07.2021876Z      ^[[33m^[[2m✓^[[22m^[[39m and then HOLDS it, rather than carrying on rotating ^[[33m 1896^[[2mms^[[22m^[[39m
gate	Gate	2026-10-03T05:43:07.2022697Z      ^[[33m^[[2m✓^[[22m^[[39m the thrusters fire below saturation, not only at the cap ^[[33m 999^[[2mms^[[22m^[[39m
gate	Gate	2026-10-03T05:43:07.8090377Z  ^[[32m✓^[[39m ^[[30m^[[42m unit ^[[49m^[[39m tests/view/clouds.test.ts ^[[2m(^[[22m^[[2m18 tests^[[22m^[[2m)^[[22m^[[33m 2815^[[2mms^[[22m^[[39m
gate	Gate	2026-10-03T05:43:07.8099717Z      ^[[33m^[[2m✓^[[22m^[[39m is continuous and monotonic through the crossing ^[[33m 688^[[2mms^[[22m^[[39m
gate	Gate	2026-10-03T05:43:07.8100941Z      ^[[33m^[[2m✓^[[22m^[[39m builds its puffs once and transforms them thereafter ^[[33m 332^[[2mms^[[22m^[[39m
gate	Gate	2026-10-03T05:43:07.8102184Z      ^[[33m^[[2m✓^[[22m^[[39m keeps its scroll offset bounded over a long flight ^[[33m 1667^[[2mms^[[22m^[[39m
gate	Gate	2026-10-03T05:43:08.4473281Z ^[[90mstdout^[[2m | tests/audio/vacuum.test.ts^[[2m > ^[[22m^[[2mthe two fades differ, and that IS the milestone^[[2m > ^[[22m^[[2mreaches the floor by 50 km, over the real atmosphere model
gate	Gate	2026-10-03T05:43:08.4493990Z ^[[22m^[[39mabove 50 km · at 70 km: aero 2.21e-3, engine air 0.2490
gate	Gate	2026-10-03T05:43:08.4494848Z 
gate	Gate	2026-10-03T05:43:08.7453954Z ^[[90mstdout^[[2m | tests/audio/vacuum.test.ts^[[2m > ^[[22m^[[2mthe two fades differ, and that IS the milestone^[[2m > ^[[22m^[[2mthe airflow is loud where the flight is fast and low
gate	Gate	2026-10-03T05:43:08.7457726Z ^[[22m^[[39mlaunch: peak airflow 0.689 at 5.5 km
gate	Gate	2026-10-03T05:43:08.7458659Z 
gate	Gate	2026-10-03T05:43:09.0946691Z ^[[90mstdout^[[2m | tests/audio/vacuum.test.ts^[[2m > ^[[22m^[[2mthe re-entry golden, rendered as it climbs out^[[2m > ^[[22m^[[2mthe level falls as the air does
gate	Gate	2026-10-03T05:43:09.0953016Z ^[[22m^[[39m70 km -> RMS 0.00023 · 109 km -> RMS 0.02862 · 134 km -> RMS 0.02841
gate	Gate	2026-10-03T05:43:09.0953874Z 
gate	Gate	2026-10-03T05:43:09.1321766Z ^[[90mstdout^[[2m | tests/audio/vacuum.test.ts^[[2m > ^[[22m^[[2mthe re-entry golden, rendered as it climbs out^[[2m > ^[[22m^[[2mthe same vehicle is measurably louder in air than in vacuum
gate	Gate	2026-10-03T05:43:09.1324644Z ^[[22m^[[39msame vehicle · in air RMS 0.13151 · in vacuum RMS 0.02820
gate	Gate	2026-10-03T05:43:09.1325506Z 
gate	Gate	2026-10-03T05:43:09.1635194Z  ^[[32m✓^[[39m ^[[30m^[[42m unit ^[[49m^[[39m tests/audio/vacuum.test.ts ^[[2m(^[[22m^[[2m11 tests^[[22m^[[2m)^[[22m^[[33m 1837^[[2mms^[[22m^[[39m
gate	Gate	2026-10-03T05:43:09.1639323Z      ^[[33m^[[2m✓^[[22m^[[39m reaches the floor by 50 km, over the real atmosphere model ^[[33m 1144^[[2mms^[[22m^[[39m
gate	Gate	2026-10-03T05:43:09.1640767Z      ^[[33m^[[2m✓^[[22m^[[39m the level falls as the air does ^[[33m 349^[[2mms^[[22m^[[39m
gate	Gate	2026-10-03T05:43:10.4740978Z  ^[[32m✓^[[39m ^[[30m^[[42m unit ^[[49m^[[39m tests/core/guidance-physics.test.ts ^[[2m(^[[22m^[[2m26 tests^[[22m^[[2m)^[[22m^[[33m 2396^[[2mms^[[22m^[[39m
gate	Gate	2026-10-03T05:43:10.4750518Z      ^[[33m^[[2m✓^[[22m^[[39m rises with descent speed and with mass on one engine, the ladder's usual plan (property) ^[[33m 818^[[2mms^[[22m^[[39m
gate	Gate	2026-10-03T05:43:10.4752022Z      ^[[33m^[[2m✓^[[22m^[[39m re-entering from 70 km ^[[33m 392^[[2mms^[[22m^[[39m
gate	Gate	2026-10-03T05:43:10.6077681Z  ^[[32m✓^[[39m ^[[30m^[[42m unit ^[[49m^[[39m tests/core/rng.test.ts ^[[2m(^[[22m^[[2m15 tests^[[22m^[[2m)^[[22m^[[33m 1207^[[2mms^[[22m^[[39m
gate	Gate	2026-10-03T05:43:10.6100227Z      ^[[33m^[[2m✓^[[22m^[[39m stays in [0, 1) ^[[33m 1008^[[2mms^[[22m^[[39m
gate	Gate	2026-10-03T05:43:10.9271731Z  ^[[32m✓^[[39m ^[[30m^[[42m unit ^[[49m^[[39m tests/core/rotating-frame-step.test.ts ^[[2m(^[[22m^[[2m2 tests^[[22m^[[2m)^[[22m^[[33m 3403^[[2mms^[[22m^[[39m
gate	Gate	2026-10-03T05:43:10.9273974Z      ^[[33m^[[2m✓^[[22m^[[39m a circular inertial orbit stays circular when flown at its ground-relative speed ^[[33m 1840^[[2mms^[[22m^[[39m
gate	Gate	2026-10-03T05:43:10.9276083Z      ^[[33m^[[2m✓^[[22m^[[39m a body at the synchronous radius with no ground speed stays over the same point ^[[33m 1560^[[2mms^[[22m^[[39m
gate	Gate	2026-10-03T05:43:12.3662483Z Not implemented: HTMLCanvasElement's getContext() method: without installing the canvas npm package
gate	Gate	2026-10-03T05:43:13.1030795Z  ^[[32m✓^[[39m ^[[30m^[[42m unit ^[[49m^[[39m tests/core/scenarios.test.ts ^[[2m(^[[22m^[[2m51 tests^[[22m^[[2m)^[[22m^[[33m 1842^[[2mms^[[22m^[[39m
gate	Gate	2026-10-03T05:43:13.2643982Z  ^[[32m✓^[[39m ^[[30m^[[42m unit ^[[49m^[[39m tests/hud/binder.test.ts ^[[2m(^[[22m^[[2m9 tests^[[22m^[[2m)^[[22m^[[33m 2493^[[2mms^[[22m^[[39m
gate	Gate	2026-10-03T05:43:13.2661689Z      ^[[33m^[[2m✓^[[22m^[[39m a real flight writes a small fraction of what an undiffed binder would ^[[33m 2418^[[2mms^[[22m^[[39m
gate	Gate	2026-10-03T05:43:14.1649058Z  ^[[32m✓^[[39m ^[[30m^[[42m unit ^[[49m^[[39m tests/ui/shell/Controls.test.tsx ^[[2m(^[[22m^[[2m17 tests^[[22m^[[2m)^[[22m^[[33m 1478^[[2mms^[[22m^[[39m
gate	Gate	2026-10-03T05:43:14.1655244Z      ^[[33m^[[2m✓^[[22m^[[39m renders every control this surface owns ^[[33m 402^[[2mms^[[22m^[[39m
gate	Gate	2026-10-03T05:43:14.6853117Z  ^[[32m✓^[[39m ^[[30m^[[42m unit ^[[49m^[[39m tests/core/domain-edges.test.ts ^[[2m(^[[22m^[[2m28 tests^[[22m^[[2m)^[[22m^[[33m 1273^[[2mms^[[22m^[[39m
gate	Gate	2026-10-03T05:43:14.6855018Z      ^[[33m^[[2m✓^[[22m^[[39m and getAttackAngles really does wrap into [-pi, pi] ^[[33m 728^[[2mms^[[22m^[[39m
gate	Gate	2026-10-03T05:43:15.8841572Z Not implemented: HTMLCanvasElement's getContext() method: without installing the canvas npm package
gate	Gate	2026-10-03T05:43:16.8429263Z  ^[[32m✓^[[39m ^[[30m^[[42m unit ^[[49m^[[39m tests/core/engine-out-landings.test.ts ^[[2m(^[[22m^[[2m4 tests^[[22m^[[2m)^[[22m^[[33m 3265^[[2mms^[[22m^[[39m
gate	Gate	2026-10-03T05:43:16.8440503Z      ^[[33m^[[2m✓^[[22m^[[39m before-flip-autoland/one-out: landed ^[[33m 1458^[[2mms^[[22m^[[39m
gate	Gate	2026-10-03T05:43:16.8441859Z      ^[[33m^[[2m✓^[[22m^[[39m before-flip-autoland/two-out: landed ^[[33m 1647^[[2mms^[[22m^[[39m
gate	Gate	2026-10-03T05:43:17.0741625Z  ^[[32m✓^[[39m ^[[30m^[[42m unit ^[[49m^[[39m tests/core/loop.test.ts ^[[2m(^[[22m^[[2m24 tests^[[22m^[[2m)^[[22m^[[33m 2100^[[2mms^[[22m^[[39m
gate	Gate	2026-10-03T05:43:17.0743402Z      ^[[33m^[[2m✓^[[22m^[[39m 60 fps and 30 fps reach the identical state after the same simulated time ^[[33m 1662^[[2mms^[[22m^[[39m
gate	Gate	2026-10-03T05:43:17.5585342Z  ^[[32m✓^[[39m ^[[30m^[[42m unit ^[[49m^[[39m tests/ui/shell/Hud.test.tsx ^[[2m(^[[22m^[[2m9 tests^[[22m^[[2m)^[[22m^[[33m 1259^[[2mms^[[22m^[[39m
gate	Gate	2026-10-03T05:43:17.5592218Z      ^[[33m^[[2m✓^[[22m^[[39m gives its zone to the debrief once the flight has ended, and takes it back ^[[33m 394^[[2mms^[[22m^[[39m
gate	Gate	2026-10-03T05:43:17.8750555Z  ^[[32m✓^[[39m ^[[30m^[[42m unit ^[[49m^[[39m tests/proofs/ship-engines.test.ts ^[[2m(^[[22m^[[2m4 tests^[[22m^[[2m)^[[22m^[[33m 757^[[2mms^[[22m^[[39m
gate	Gate	2026-10-03T05:43:17.8780266Z      ^[[33m^[[2m✓^[[22m^[[39m preserves fuel-paid fraction, dry mass and dump transitions across the domain ^[[33m 631^[[2mms^[[22m^[[39m
gate	Gate	2026-10-03T05:43:19.6093880Z  ^[[32m✓^[[39m ^[[30m^[[42m unit ^[[49m^[[39m tests/ui/blackbox.test.ts ^[[2m(^[[22m^[[2m22 tests^[[22m^[[2m)^[[22m^[[33m 846^[[2mms^[[22m^[[39m
gate	Gate	2026-10-03T05:43:19.6100004Z      ^[[33m^[[2m✓^[[22m^[[39m round-trips every sample of a real flight, bit for bit ^[[33m 790^[[2mms^[[22m^[[39m
gate	Gate	2026-10-03T05:43:19.6716541Z  ^[[32m✓^[[39m ^[[30m^[[42m unit ^[[49m^[[39m tests/ui/shell/BlackBoxPlots.test.ts ^[[2m(^[[22m^[[2m4 tests^[[22m^[[2m)^[[22m^[[33m 993^[[2mms^[[22m^[[39m
gate	Gate	2026-10-03T05:43:19.6718949Z      ^[[33m^[[2m✓^[[22m^[[39m draws one cell per plot, keyed by the recorder ids ^[[33m 546^[[2mms^[[22m^[[39m
gate	Gate	2026-10-03T05:43:19.8151744Z Not implemented: HTMLCanvasElement's getContext() method: without installing the canvas npm package
gate	Gate	2026-10-03T05:43:20.7462042Z ^[[90mstdout^[[2m | tests/core/booster-terminal-envelope.test.ts^[[2m > ^[[22m^[[2mphysical terminal catch envelope^[[2m > ^[[22m^[[2mcatches a nearby descending lug on its first crossing with paid fuel and no failures
gate	Gate	2026-10-03T05:43:20.7480987Z ^[[22m^[[39m{"seconds":9.983333333333407,"fuel":89340.2378404918,"previousHeight":90.50393921694004,"previousVX":-1.0404516640914383e-11,"previousVY":-1.70221081138702,"pitch":4.752267522091505e-14}
gate	Gate	2026-10-03T05:43:20.7482195Z 
gate	Gate	2026-10-03T05:43:20.7654723Z  ^[[32m✓^[[39m ^[[30m^[[42m unit ^[[49m^[[39m tests/core/booster-terminal-envelope.test.ts ^[[2m(^[[22m^[[2m9 tests^[[22m^[[2m)^[[22m^[[33m 855^[[2mms^[[22m^[[39m
gate	Gate	2026-10-03T05:43:20.7696310Z      ^[[33m^[[2m✓^[[22m^[[39m physically catches the recorded paid ready input booster-sep with upright, bounded point motion ^[[33m 324^[[2mms^[[22m^[[39m
gate	Gate	2026-10-03T05:43:21.0680758Z  ^[[32m✓^[[39m ^[[30m^[[42m unit ^[[49m^[[39m tests/ui/shell/BlackBox.test.tsx ^[[2m(^[[22m^[[2m12 tests^[[22m^[[2m)^[[22m^[[33m 913^[[2mms^[[22m^[[39m
gate	Gate	2026-10-03T05:43:21.3581809Z  ^[[32m✓^[[39m ^[[30m^[[42m unit ^[[49m^[[39m tests/core/wind-profile.test.ts ^[[2m(^[[22m^[[2m20 tests^[[22m^[[2m)^[[22m^[[33m 638^[[2mms^[[22m^[[39m
gate	Gate	2026-10-03T05:43:22.8310661Z Not implemented: HTMLCanvasElement's getContext() method: without installing the canvas npm package
gate	Gate	2026-10-03T05:43:23.2192212Z Not implemented: HTMLCanvasElement's getContext() method: without installing the canvas npm package
gate	Gate	2026-10-03T05:43:23.2983416Z Not implemented: HTMLCanvasElement's getContext() method: without installing the canvas npm package
gate	Gate	2026-10-03T05:43:23.5790046Z  ^[[32m✓^[[39m ^[[30m^[[42m unit ^[[49m^[[39m tests/ui/shell/StatusBar.test.tsx ^[[2m(^[[22m^[[2m9 tests^[[22m^[[2m)^[[22m^[[33m 544^[[2mms^[[22m^[[39m
gate	Gate	2026-10-03T05:43:23.8630893Z  ^[[32m✓^[[39m ^[[30m^[[42m unit ^[[49m^[[39m tests/ui/shell/Debrief.test.tsx ^[[2m(^[[22m^[[2m10 tests^[[22m^[[2m)^[[22m^[[33m 470^[[2mms^[[22m^[[39m
gate	Gate	2026-10-03T05:43:24.0626035Z  ^[[32m✓^[[39m ^[[30m^[[42m unit ^[[49m^[[39m tests/ui/shell/TrajectoryCard.test.tsx ^[[2m(^[[22m^[[2m9 tests^[[22m^[[2m)^[[22m^[[33m 389^[[2mms^[[22m^[[39m
gate	Gate	2026-10-03T05:43:24.6138408Z  ^[[32m✓^[[39m ^[[30m^[[42m unit ^[[49m^[[39m tests/core/step.test.ts ^[[2m(^[[22m^[[2m15 tests^[[22m^[[2m)^[[22m^[[33m 701^[[2mms^[[22m^[[39m
gate	Gate	2026-10-03T05:43:24.7568391Z  ^[[32m✓^[[39m ^[[30m^[[42m unit ^[[49m^[[39m tests/audio/engine.test.ts ^[[2m(^[[22m^[[2m31 tests^[[22m^[[2m)^[[22m^[[33m 524^[[2mms^[[22m^[[39m
gate	Gate	2026-10-03T05:43:24.9790982Z  ^[[32m✓^[[39m ^[[30m^[[42m unit ^[[49m^[[39m tests/hud/timeline-binder.test.ts ^[[2m(^[[22m^[[2m8 tests^[[22m^[[2m)^[[22m^[[33m 626^[[2mms^[[22m^[[39m
gate	Gate	2026-10-03T05:43:25.4673697Z  ^[[32m✓^[[39m ^[[30m^[[42m unit ^[[49m^[[39m tests/hud/metrics.test.ts ^[[2m(^[[22m^[[2m22 tests^[[22m^[[2m)^[[22m^[[33m 398^[[2mms^[[22m^[[39m
gate	Gate	2026-10-03T05:43:25.8544844Z  ^[[32m✓^[[39m ^[[30m^[[42m unit ^[[49m^[[39m tests/view/terrain.test.ts ^[[2m(^[[22m^[[2m11 tests^[[22m^[[2m)^[[22m^[[33m 569^[[2mms^[[22m^[[39m
gate	Gate	2026-10-03T05:43:25.8546398Z      ^[[33m^[[2m✓^[[22m^[[39m is deterministic, and scales without changing character ^[[33m 391^[[2mms^[[22m^[[39m
gate	Gate	2026-10-03T05:43:25.9411382Z  ^[[32m✓^[[39m ^[[30m^[[42m unit ^[[49m^[[39m tests/view/emissive-bell.test.ts ^[[2m(^[[22m^[[2m8 tests^[[22m^[[2m)^[[22m^[[32m 243^[[2mms^[[22m^[[39m
gate	Gate	2026-10-03T05:43:26.0511722Z  ^[[32m✓^[[39m ^[[30m^[[42m unit ^[[49m^[[39m tests/core/booster-prediction.test.ts ^[[2m(^[[22m^[[2m18 tests^[[22m^[[2m)^[[22m^[[32m 291^[[2mms^[[22m^[[39m
gate	Gate	2026-10-03T05:43:26.3940508Z  ^[[32m✓^[[39m ^[[30m^[[42m unit ^[[49m^[[39m tests/proofs/dt-substitution.test.ts ^[[2m(^[[22m^[[2m4 tests^[[22m^[[2m)^[[22m^[[32m 294^[[2mms^[[22m^[[39m
gate	Gate	2026-10-03T05:43:26.4813619Z  ^[[32m✓^[[39m ^[[30m^[[42m unit ^[[49m^[[39m tests/app/recorder.test.ts ^[[2m(^[[22m^[[2m12 tests^[[22m^[[2m)^[[22m^[[32m 274^[[2mms^[[22m^[[39m
gate	Gate	2026-10-03T05:43:26.8819401Z  ^[[32m✓^[[39m ^[[30m^[[42m unit ^[[49m^[[39m tests/core/control-contracts.test.ts ^[[2m(^[[22m^[[2m38 tests^[[22m^[[2m)^[[22m^[[32m 219^[[2mms^[[22m^[[39m
gate	Gate	2026-10-03T05:43:26.9601193Z  ^[[32m✓^[[39m ^[[30m^[[42m unit ^[[49m^[[39m tests/budget.test.ts ^[[2m(^[[22m^[[2m11 tests^[[22m^[[2m)^[[22m^[[32m 250^[[2mms^[[22m^[[39m
gate	Gate	2026-10-03T05:43:27.0171192Z  ^[[32m✓^[[39m ^[[30m^[[42m unit ^[[49m^[[39m tests/view/particle-textures.test.ts ^[[2m(^[[22m^[[2m11 tests^[[22m^[[2m)^[[22m^[[33m 304^[[2mms^[[22m^[[39m
gate	Gate	2026-10-03T05:43:27.3490706Z  ^[[32m✓^[[39m ^[[30m^[[42m unit ^[[49m^[[39m tests/ui/menu.test.ts ^[[2m(^[[22m^[[2m25 tests^[[22m^[[2m)^[[22m^[[32m 200^[[2mms^[[22m^[[39m
gate	Gate	2026-10-03T05:43:27.4292839Z  ^[[32m✓^[[39m ^[[30m^[[42m unit ^[[49m^[[39m tests/core/mass.test.ts ^[[2m(^[[22m^[[2m20 tests^[[22m^[[2m)^[[22m^[[32m 180^[[2mms^[[22m^[[39m
gate	Gate	2026-10-03T05:43:27.4889794Z  ^[[32m✓^[[39m ^[[30m^[[42m unit ^[[49m^[[39m tests/hud/indicators.test.ts ^[[2m(^[[22m^[[2m8 tests^[[22m^[[2m)^[[22m^[[32m 242^[[2mms^[[22m^[[39m
gate	Gate	2026-10-03T05:43:27.8133571Z  ^[[32m✓^[[39m ^[[30m^[[42m unit ^[[49m^[[39m tests/proofs/ship-guidance.test.ts ^[[2m(^[[22m^[[2m8 tests^[[22m^[[2m)^[[22m^[[32m 213^[[2mms^[[22m^[[39m
gate	Gate	2026-10-03T05:43:28.0931093Z  ^[[32m✓^[[39m ^[[30m^[[42m unit ^[[49m^[[39m tests/core/fin-fraction.test.ts ^[[2m(^[[22m^[[2m11 tests^[[22m^[[2m)^[[22m^[[32m 69^[[2mms^[[22m^[[39m
gate	Gate	2026-10-03T05:43:28.1818321Z  ^[[32m✓^[[39m ^[[30m^[[42m unit ^[[49m^[[39m tests/proofs/ship-vehicle.test.ts ^[[2m(^[[22m^[[2m3 tests^[[22m^[[2m)^[[22m^[[33m 404^[[2mms^[[22m^[[39m
gate	Gate	2026-10-03T05:43:28.1822188Z      ^[[33m^[[2m✓^[[22m^[[39m covers the full tank domain, every mass output and float boundaries within 1 ULP ^[[33m 397^[[2mms^[[22m^[[39m
gate	Gate	2026-10-03T05:43:28.5073542Z  ^[[32m✓^[[39m ^[[30m^[[42m unit ^[[49m^[[39m tests/core/random-failure.test.ts ^[[2m(^[[22m^[[2m8 tests^[[22m^[[2m)^[[22m^[[32m 135^[[2mms^[[22m^[[39m
gate	Gate	2026-10-03T05:43:28.6261081Z  ^[[32m✓^[[39m ^[[30m^[[42m unit ^[[49m^[[39m tests/core/collapsed-trig.test.ts ^[[2m(^[[22m^[[2m11 tests^[[22m^[[2m)^[[22m^[[32m 176^[[2mms^[[22m^[[39m
gate	Gate	2026-10-03T05:43:29.0320753Z  ^[[32m✓^[[39m ^[[30m^[[42m unit ^[[49m^[[39m tests/core/atmosphere-strato.test.ts ^[[2m(^[[22m^[[2m12 tests^[[22m^[[2m)^[[22m^[[32m 116^[[2mms^[[22m^[[39m
gate	Gate	2026-10-03T05:43:29.0769038Z  ^[[32m✓^[[39m ^[[30m^[[42m unit ^[[49m^[[39m tests/golden/compare.test.ts ^[[2m(^[[22m^[[2m5 tests^[[22m^[[2m)^[[22m^[[32m 226^[[2mms^[[22m^[[39m
gate	Gate	2026-10-03T05:43:29.2390129Z Not implemented: HTMLCanvasElement's getContext() method: without installing the canvas npm package
gate	Gate	2026-10-03T05:43:29.4430521Z  ^[[32m✓^[[39m ^[[30m^[[42m unit ^[[49m^[[39m tests/core/guidance-truth.test.ts ^[[2m(^[[22m^[[2m4 tests^[[22m^[[2m)^[[22m^[[32m 128^[[2mms^[[22m^[[39m
gate	Gate	2026-10-03T05:43:29.4979139Z  ^[[32m✓^[[39m ^[[30m^[[42m unit ^[[49m^[[39m tests/core/booster-burn-bound.test.ts ^[[2m(^[[22m^[[2m2 tests^[[22m^[[2m)^[[22m^[[32m 204^[[2mms^[[22m^[[39m
gate	Gate	2026-10-03T05:43:29.5923910Z  ^[[32m✓^[[39m ^[[30m^[[42m unit ^[[49m^[[39m tests/ui/shell/FirstFlight.test.tsx ^[[2m(^[[22m^[[2m8 tests^[[22m^[[2m)^[[22m^[[32m 116^[[2mms^[[22m^[[39m
gate	Gate	2026-10-03T05:43:29.8461012Z  ^[[32m✓^[[39m ^[[30m^[[42m unit ^[[49m^[[39m tests/core/isa.test.ts ^[[2m(^[[22m^[[2m30 tests^[[22m^[[2m)^[[22m^[[32m 105^[[2mms^[[22m^[[39m
gate	Gate	2026-10-03T05:43:29.9516353Z  ^[[32m✓^[[39m ^[[30m^[[42m unit ^[[49m^[[39m tests/core/pitch-rate.test.ts ^[[2m(^[[22m^[[2m11 tests^[[22m^[[2m)^[[22m^[[32m 179^[[2mms^[[22m^[[39m
gate	Gate	2026-10-03T05:43:29.9840702Z  ^[[32m✓^[[39m ^[[30m^[[42m unit ^[[49m^[[39m tests/core/rotating-frame.test.ts ^[[2m(^[[22m^[[2m13 tests^[[22m^[[2m)^[[22m^[[32m 128^[[2mms^[[22m^[[39m
gate	Gate	2026-10-03T05:43:30.2595314Z  ^[[32m✓^[[39m ^[[30m^[[42m unit ^[[49m^[[39m tests/core/booster-command.test.ts ^[[2m(^[[22m^[[2m15 tests^[[22m^[[2m)^[[22m^[[32m 122^[[2mms^[[22m^[[39m
gate	Gate	2026-10-03T05:43:30.3139208Z  ^[[32m✓^[[39m ^[[30m^[[42m unit ^[[49m^[[39m tests/proofs/ship-geometry.test.ts ^[[2m(^[[22m^[[2m3 tests^[[22m^[[2m)^[[22m^[[32m 83^[[2mms^[[22m^[[39m
gate	Gate	2026-10-03T05:43:30.3409521Z ^[[90mstdout^[[2m | tests/audio/render.test.ts^[[2m > ^[[22m^[[2mthe engine is louder at 100% than at 40% — measured, not asserted^[[2m > ^[[22m^[[2mrises with throttle
gate	Gate	2026-10-03T05:43:30.3414327Z ^[[22m^[[39mthree engines: 40% RMS 0.09131 · 100% RMS 0.13051
gate	Gate	2026-10-03T05:43:30.3415140Z 
gate	Gate	2026-10-03T05:43:30.3520459Z ^[[90mstdout^[[2m | tests/audio/render.test.ts^[[2m > ^[[22m^[[2mthe engine is louder at 100% than at 40% — measured, not asserted^[[2m > ^[[22m^[[2mrises with engine count
gate	Gate	2026-10-03T05:43:30.3549390Z ^[[22m^[[39mat 100%: one engine RMS 0.07535 · three RMS 0.13051
gate	Gate	2026-10-03T05:43:30.3578804Z 
gate	Gate	2026-10-03T05:43:30.3640645Z ^[[90mstdout^[[2m | tests/audio/render.test.ts^[[2m > ^[[22m^[[2mthe engine is louder at 100% than at 40% — measured, not asserted^[[2m > ^[[22m^[[2mdistinguishes three engines at 40% from two at 100%
gate	Gate	2026-10-03T05:43:30.3649516Z ^[[22m^[[39mthree at 40% RMS 0.09131 · two at 100% RMS 0.10656
gate	Gate	2026-10-03T05:43:30.3708780Z 
gate	Gate	2026-10-03T05:43:30.3730185Z ^[[90mstdout^[[2m | tests/audio/render.test.ts^[[2m > ^[[22m^[[2mthe air fade, rendered^[[2m > ^[[22m^[[2mfalls toward its floor in vacuum without reaching silence
gate	Gate	2026-10-03T05:43:30.3731817Z ^[[22m^[[39msea level RMS 0.13051 · vacuum RMS 0.02871 · ratio 0.2200 against a floor of 0.22
gate	Gate	2026-10-03T05:43:30.3732418Z 
gate	Gate	2026-10-03T05:43:30.4553285Z  ^[[32m✓^[[39m ^[[30m^[[42m unit ^[[49m^[[39m tests/audio/render.test.ts ^[[2m(^[[22m^[[2m7 tests^[[22m^[[2m)^[[22m^[[32m 106^[[2mms^[[22m^[[39m
gate	Gate	2026-10-03T05:43:30.6150623Z  ^[[32m✓^[[39m ^[[30m^[[42m unit ^[[49m^[[39m tests/offline.test.ts ^[[2m(^[[22m^[[2m14 tests^[[22m^[[2m)^[[22m^[[32m 94^[[2mms^[[22m^[[39m
gate	Gate	2026-10-03T05:43:30.6940266Z  ^[[32m✓^[[39m ^[[30m^[[42m unit ^[[49m^[[39m tests/core/autopilot-stages.test.ts ^[[2m(^[[22m^[[2m40 tests^[[22m^[[2m)^[[22m^[[32m 70^[[2mms^[[22m^[[39m
gate	Gate	2026-10-03T05:43:30.7554973Z  ^[[32m✓^[[39m ^[[30m^[[42m unit ^[[49m^[[39m tests/core/ignition.test.ts ^[[2m(^[[22m^[[2m14 tests^[[22m^[[2m)^[[22m^[[32m 69^[[2mms^[[22m^[[39m
gate	Gate	2026-10-03T05:43:30.9644390Z  ^[[32m✓^[[39m ^[[30m^[[42m unit ^[[49m^[[39m tests/core/speed-of-sound.test.ts ^[[2m(^[[22m^[[2m13 tests^[[22m^[[2m)^[[22m^[[32m 82^[[2mms^[[22m^[[39m
gate	Gate	2026-10-03T05:43:31.0188887Z  ^[[32m✓^[[39m ^[[30m^[[42m unit ^[[49m^[[39m tests/core/named-branches.test.ts ^[[2m(^[[22m^[[2m17 tests^[[22m^[[2m)^[[22m^[[32m 48^[[2mms^[[22m^[[39m
gate	Gate	2026-10-03T05:43:31.0863433Z  ^[[32m✓^[[39m ^[[30m^[[42m unit ^[[49m^[[39m tests/ui/controls.test.ts ^[[2m(^[[22m^[[2m20 tests^[[22m^[[2m)^[[22m^[[32m 36^[[2mms^[[22m^[[39m
gate	Gate	2026-10-03T05:43:31.2730914Z  ^[[32m✓^[[39m ^[[30m^[[42m unit ^[[49m^[[39m tests/view/sun.test.ts ^[[2m(^[[22m^[[2m33 tests^[[22m^[[2m)^[[22m^[[32m 33^[[2mms^[[22m^[[39m
gate	Gate	2026-10-03T05:43:31.3010624Z  ^[[32m✓^[[39m ^[[30m^[[42m unit ^[[49m^[[39m tests/proofs/isa-into.test.ts ^[[2m(^[[22m^[[2m1 test^[[22m^[[2m)^[[22m^[[32m 49^[[2mms^[[22m^[[39m
gate	Gate	2026-10-03T05:43:31.5360356Z  ^[[32m✓^[[39m ^[[30m^[[42m unit ^[[49m^[[39m tests/ui/no-neumorphism.test.ts ^[[2m(^[[22m^[[2m5 tests^[[22m^[[2m)^[[22m^[[32m 46^[[2mms^[[22m^[[39m
gate	Gate	2026-10-03T05:43:31.7583170Z  ^[[32m✓^[[39m ^[[30m^[[42m unit ^[[49m^[[39m tests/view/sky.test.ts ^[[2m(^[[22m^[[2m17 tests^[[22m^[[2m)^[[22m^[[32m 43^[[2mms^[[22m^[[39m
gate	Gate	2026-10-03T05:43:31.8393271Z  ^[[32m✓^[[39m ^[[30m^[[42m unit ^[[49m^[[39m tests/view/stars.test.ts ^[[2m(^[[22m^[[2m24 tests^[[22m^[[2m)^[[22m^[[32m 32^[[2mms^[[22m^[[39m
gate	Gate	2026-10-03T05:43:32.1080854Z  ^[[32m✓^[[39m ^[[30m^[[42m unit ^[[49m^[[39m tests/ui/preferences.test.ts ^[[2m(^[[22m^[[2m6 tests^[[22m^[[2m)^[[22m^[[32m 21^[[2mms^[[22m^[[39m
gate	Gate	2026-10-03T05:43:32.1096639Z  ^[[32m✓^[[39m ^[[30m^[[42m unit ^[[49m^[[39m tests/app/debug.test.ts ^[[2m(^[[22m^[[2m9 tests^[[22m^[[2m)^[[22m^[[32m 33^[[2mms^[[22m^[[39m
gate	Gate	2026-10-03T05:43:32.3976478Z  ^[[32m✓^[[39m ^[[30m^[[42m unit ^[[49m^[[39m tests/golden/unification.test.ts ^[[2m(^[[22m^[[2m10 tests^[[22m^[[2m)^[[22m^[[32m 19^[[2mms^[[22m^[[39m
gate	Gate	2026-10-03T05:43:32.7520912Z  ^[[32m✓^[[39m ^[[30m^[[42m unit ^[[49m^[[39m tests/view/horizon.test.ts ^[[2m(^[[22m^[[2m12 tests^[[22m^[[2m)^[[22m^[[32m 22^[[2mms^[[22m^[[39m
gate	Gate	2026-10-03T05:43:33.0093136Z  ^[[32m✓^[[39m ^[[30m^[[42m unit ^[[49m^[[39m tests/app/input.test.ts ^[[2m(^[[22m^[[2m32 tests^[[22m^[[2m)^[[22m^[[32m 21^[[2mms^[[22m^[[39m
gate	Gate	2026-10-03T05:43:33.2995039Z  ^[[32m✓^[[39m ^[[30m^[[42m unit ^[[49m^[[39m tests/core/wind.test.ts ^[[2m(^[[22m^[[2m10 tests^[[22m^[[2m)^[[22m^[[32m 13^[[2mms^[[22m^[[39m
gate	Gate	2026-10-03T05:43:33.6097982Z  ^[[32m✓^[[39m ^[[30m^[[42m unit ^[[49m^[[39m tests/core/super-heavy.test.ts ^[[2m(^[[22m^[[2m8 tests^[[22m^[[2m)^[[22m^[[32m 28^[[2mms^[[22m^[[39m
gate	Gate	2026-10-03T05:43:33.9710368Z  ^[[32m✓^[[39m ^[[30m^[[42m unit ^[[49m^[[39m tests/core/spawn-mach.test.ts ^[[2m(^[[22m^[[2m19 tests^[[22m^[[2m)^[[22m^[[32m 23^[[2mms^[[22m^[[39m
gate	Gate	2026-10-03T05:43:33.9881329Z Not implemented: HTMLCanvasElement's getContext() method: without installing the canvas npm package
gate	Gate	2026-10-03T05:43:34.1312876Z  ^[[32m✓^[[39m ^[[30m^[[42m unit ^[[49m^[[39m tests/ui/session.test.ts ^[[2m(^[[22m^[[2m7 tests^[[22m^[[2m)^[[22m^[[32m 18^[[2mms^[[22m^[[39m
gate	Gate	2026-10-03T05:43:34.2836009Z  ^[[32m✓^[[39m ^[[30m^[[42m unit ^[[49m^[[39m tests/core/physical-scale.test.ts ^[[2m(^[[22m^[[2m20 tests^[[22m^[[2m)^[[22m^[[32m 17^[[2mms^[[22m^[[39m
gate	Gate	2026-10-03T05:43:34.4170558Z  ^[[32m✓^[[39m ^[[30m^[[42m unit ^[[49m^[[39m tests/core/rvac.test.ts ^[[2m(^[[22m^[[2m13 tests^[[22m^[[2m)^[[22m^[[32m 17^[[2mms^[[22m^[[39m
gate	Gate	2026-10-03T05:43:34.7430811Z  ^[[32m✓^[[39m ^[[30m^[[42m unit ^[[49m^[[39m tests/core/tower-catch.test.ts ^[[2m(^[[22m^[[2m8 tests^[[22m^[[2m)^[[22m^[[32m 25^[[2mms^[[22m^[[39m
gate	Gate	2026-10-03T05:43:34.8776105Z  ^[[32m✓^[[39m ^[[30m^[[42m unit ^[[49m^[[39m tests/view/lighting.test.ts ^[[2m(^[[22m^[[2m9 tests^[[22m^[[2m)^[[22m^[[32m 23^[[2mms^[[22m^[[39m
gate	Gate	2026-10-03T05:43:35.0203272Z  ^[[32m✓^[[39m ^[[30m^[[42m unit ^[[49m^[[39m tests/core/thrust-altitude.test.ts ^[[2m(^[[22m^[[2m15 tests^[[22m^[[2m)^[[22m^[[32m 19^[[2mms^[[22m^[[39m
gate	Gate	2026-10-03T05:43:35.1557127Z  ^[[32m✓^[[39m ^[[30m^[[42m unit ^[[49m^[[39m tests/core/landing-burn.test.ts ^[[2m(^[[22m^[[2m6 tests^[[22m^[[2m)^[[22m^[[32m 24^[[2mms^[[22m^[[39m
gate	Gate	2026-10-03T05:43:35.2825319Z  ^[[32m✓^[[39m ^[[30m^[[42m unit ^[[49m^[[39m tests/core/failure-freshness.test.ts ^[[2m(^[[22m^[[2m7 tests^[[22m^[[2m)^[[22m^[[32m 11^[[2mms^[[22m^[[39m
gate	Gate	2026-10-03T05:43:35.4509351Z  ^[[32m✓^[[39m ^[[30m^[[42m unit ^[[49m^[[39m tests/core/tank-empty.test.ts ^[[2m(^[[22m^[[2m4 tests^[[22m^[[2m)^[[22m^[[32m 14^[[2mms^[[22m^[[39m
gate	Gate	2026-10-03T05:43:35.5405107Z  ^[[32m✓^[[39m ^[[30m^[[42m unit ^[[49m^[[39m tests/core/grid-fins.test.ts ^[[2m(^[[22m^[[2m5 tests^[[22m^[[2m)^[[22m^[[32m 17^[[2mms^[[22m^[[39m
gate	Gate	2026-10-03T05:43:35.6923816Z  ^[[32m✓^[[39m ^[[30m^[[42m unit ^[[49m^[[39m tests/core/heat-argument.test.ts ^[[2m(^[[22m^[[2m9 tests^[[22m^[[2m)^[[22m^[[32m 10^[[2mms^[[22m^[[39m
gate	Gate	2026-10-03T05:43:35.7665175Z  ^[[32m✓^[[39m ^[[30m^[[42m unit ^[[49m^[[39m tests/ui/tabular-digits.test.ts ^[[2m(^[[22m^[[2m22 tests^[[22m^[[2m)^[[22m^[[32m 8^[[2mms^[[22m^[[39m
gate	Gate	2026-10-03T05:43:35.9411793Z  ^[[32m✓^[[39m ^[[30m^[[42m unit ^[[49m^[[39m tests/hud/readouts.test.ts ^[[2m(^[[22m^[[2m9 tests^[[22m^[[2m)^[[22m^[[32m 12^[[2mms^[[22m^[[39m
gate	Gate	2026-10-03T05:43:35.9964922Z  ^[[32m✓^[[39m ^[[30m^[[42m unit ^[[49m^[[39m tests/core/mechanical-advance.test.ts ^[[2m(^[[22m^[[2m2 tests^[[22m^[[2m)^[[22m^[[32m 10^[[2mms^[[22m^[[39m
gate	Gate	2026-10-03T05:43:36.2154805Z  ^[[32m✓^[[39m ^[[30m^[[42m unit ^[[49m^[[39m tests/reference/bands.test.ts ^[[2m(^[[22m^[[2m6 tests^[[22m^[[2m)^[[22m^[[32m 13^[[2mms^[[22m^[[39m
gate	Gate	2026-10-03T05:43:36.2294010Z  ^[[32m✓^[[39m ^[[30m^[[42m unit ^[[49m^[[39m tests/core/felt-g.test.ts ^[[2m(^[[22m^[[2m4 tests^[[22m^[[2m)^[[22m^[[32m 16^[[2mms^[[22m^[[39m
gate	Gate	2026-10-03T05:43:36.3945240Z  ^[[32m✓^[[39m ^[[30m^[[42m unit ^[[49m^[[39m tests/offline-classic.test.ts ^[[2m(^[[22m^[[2m3 tests^[[22m^[[2m)^[[22m^[[32m 9^[[2mms^[[22m^[[39m
gate	Gate	2026-10-03T05:43:36.5094346Z  ^[[32m✓^[[39m ^[[30m^[[42m unit ^[[49m^[[39m tests/golden/booster-record.test.ts ^[[2m(^[[22m^[[2m2 tests^[[22m^[[2m)^[[22m^[[32m 13^[[2mms^[[22m^[[39m
gate	Gate	2026-10-03T05:43:36.7881441Z  ^[[32m✓^[[39m ^[[30m^[[42m unit ^[[49m^[[39m tests/ui/guide.test.ts ^[[2m(^[[22m^[[2m5 tests^[[22m^[[2m)^[[22m^[[32m 14^[[2mms^[[22m^[[39m
gate	Gate	2026-10-03T05:43:36.9889114Z  ^[[32m✓^[[39m ^[[30m^[[42m unit ^[[49m^[[39m tests/ui/contrast.test.ts ^[[2m(^[[22m^[[2m12 tests^[[22m^[[2m)^[[22m^[[32m 12^[[2mms^[[22m^[[39m
gate	Gate	2026-10-03T05:43:37.0291071Z  ^[[32m✓^[[39m ^[[30m^[[42m unit ^[[49m^[[39m tests/hud/haptics.test.ts ^[[2m(^[[22m^[[2m8 tests^[[22m^[[2m)^[[22m^[[32m 12^[[2mms^[[22m^[[39m
gate	Gate	2026-10-03T05:43:37.2304348Z  ^[[32m✓^[[39m ^[[30m^[[42m unit ^[[49m^[[39m tests/view/zoom.test.ts ^[[2m(^[[22m^[[2m7 tests^[[22m^[[2m)^[[22m^[[32m 8^[[2mms^[[22m^[[39m
gate	Gate	2026-10-03T05:43:37.2330035Z  ^[[32m✓^[[39m ^[[30m^[[42m unit ^[[49m^[[39m tests/reference/ratchet.test.ts ^[[2m(^[[22m^[[2m3 tests^[[22m^[[2m)^[[22m^[[32m 11^[[2mms^[[22m^[[39m
gate	Gate	2026-10-03T05:43:37.4073252Z  ^[[32m✓^[[39m ^[[30m^[[42m unit ^[[49m^[[39m tests/ui/testids.test.ts ^[[2m(^[[22m^[[2m6 tests^[[22m^[[2m)^[[22m^[[32m 9^[[2mms^[[22m^[[39m
gate	Gate	2026-10-03T05:43:37.6792210Z  ^[[32m✓^[[39m ^[[30m^[[42m unit ^[[49m^[[39m tests/ui/shell/fields-presets.test.ts ^[[2m(^[[22m^[[2m9 tests^[[22m^[[2m)^[[22m^[[32m 7^[[2mms^[[22m^[[39m
gate	Gate	2026-10-03T05:43:37.8207658Z  ^[[32m✓^[[39m ^[[30m^[[42m unit ^[[49m^[[39m tests/view/emission-blending.test.ts ^[[2m(^[[22m^[[2m3 tests^[[22m^[[2m)^[[22m^[[32m 10^[[2mms^[[22m^[[39m
gate	Gate	2026-10-03T05:43:37.9166240Z  ^[[32m✓^[[39m ^[[30m^[[42m unit ^[[49m^[[39m tests/core/analytic-laws.test.ts ^[[2m(^[[22m^[[2m14 tests^[[22m^[[2m)^[[22m^[[32m 10^[[2mms^[[22m^[[39m
gate	Gate	2026-10-03T05:43:38.0040447Z  ^[[32m✓^[[39m ^[[30m^[[42m unit ^[[49m^[[39m tests/ui/kit-boundary.test.ts ^[[2m(^[[22m^[[2m3 tests^[[22m^[[2m)^[[22m^[[32m 7^[[2mms^[[22m^[[39m
gate	Gate	2026-10-03T05:43:38.2021848Z  ^[[32m✓^[[39m ^[[30m^[[42m unit ^[[49m^[[39m tests/core/thermosphere.test.ts ^[[2m(^[[22m^[[2m10 tests^[[22m^[[2m)^[[22m^[[32m 8^[[2mms^[[22m^[[39m
gate	Gate	2026-10-03T05:43:38.6210882Z  ^[[32m✓^[[39m ^[[30m^[[42m unit ^[[49m^[[39m tests/view/reentry.test.ts ^[[2m(^[[22m^[[2m8 tests^[[22m^[[2m)^[[22m^[[32m 10^[[2mms^[[22m^[[39m
gate	Gate	2026-10-03T05:43:38.8792906Z  ^[[32m✓^[[39m ^[[30m^[[42m unit ^[[49m^[[39m tests/view/post.test.ts ^[[2m(^[[22m^[[2m12 tests^[[22m^[[2m)^[[22m^[[32m 6^[[2mms^[[22m^[[39m
gate	Gate	2026-10-03T05:43:38.9870537Z  ^[[32m✓^[[39m ^[[30m^[[42m unit ^[[49m^[[39m tests/proofs/rcs-reserve.test.ts ^[[2m(^[[22m^[[2m5 tests^[[22m^[[2m)^[[22m^[[32m 8^[[2mms^[[22m^[[39m
gate	Gate	2026-10-03T05:43:39.1071348Z  ^[[32m✓^[[39m ^[[30m^[[42m unit ^[[49m^[[39m tests/core/final-descent-profile.test.ts ^[[2m(^[[22m^[[2m3 tests^[[22m^[[2m)^[[22m^[[32m 6^[[2mms^[[22m^[[39m
gate	Gate	2026-10-03T05:43:39.2327381Z  ^[[32m✓^[[39m ^[[30m^[[42m unit ^[[49m^[[39m tests/core/booster-return-plan.test.ts ^[[2m(^[[22m^[[2m5 tests^[[22m^[[2m)^[[22m^[[32m 11^[[2mms^[[22m^[[39m
gate	Gate	2026-10-03T05:43:39.3200718Z  ^[[32m✓^[[39m ^[[30m^[[42m unit ^[[49m^[[39m tests/core/propellant.test.ts ^[[2m(^[[22m^[[2m3 tests^[[22m^[[2m)^[[22m^[[32m 6^[[2mms^[[22m^[[39m
gate	Gate	2026-10-03T05:43:40.9904455Z  ^[[32m✓^[[39m ^[[30m^[[42m unit ^[[49m^[[39m tests/view/dynamic-pressure.test.ts ^[[2m(^[[22m^[[2m20 tests^[[22m^[[2m)^[[22m^[[32m 60^[[2mms^[[22m^[[39m
gate	Gate	2026-10-03T05:43:41.9155129Z 
gate	Gate	2026-10-03T05:43:41.9170754Z ^[[2m Test Files ^[[22m ^[[1m^[[32m169 passed^[[39m^[[22m^[[90m (169)^[[39m
gate	Gate	2026-10-03T05:43:41.9184231Z ^[[2m      Tests ^[[22m ^[[1m^[[32m2122 passed^[[39m^[[22m^[[90m (2122)^[[39m
gate	Gate	2026-10-03T05:43:41.9185438Z ^[[2m   Start at ^[[22m 05:36:12
gate	Gate	2026-10-03T05:43:41.9188026Z ^[[2m   Duration ^[[22m 449.76s^[[2m (transform 5.66s, setup 3.81s, import 96.42s, tests 1167.40s, environment 38.01s)^[[22m
gate	Gate	2026-10-03T05:43:41.9190364Z 
gate	Gate	2026-10-03T05:43:41.9259692Z ^[[34m % ^[[39m^[[2mCoverage report from ^[[22m^[[33mv8^[[39m
gate	Gate	2026-10-03T05:43:41.9308420Z -------------------|---------|----------|---------|---------|-------------------
gate	Gate	2026-10-03T05:43:41.9310782Z File               | % Stmts | % Branch | % Funcs | % Lines | Uncovered Line #s 
gate	Gate	2026-10-03T05:43:41.9311617Z -------------------|---------|----------|---------|---------|-------------------
gate	Gate	2026-10-03T05:43:41.9317239Z All files          |   98.26 |    95.92 |   99.26 |   99.03 |                   
gate	Gate	2026-10-03T05:43:41.9317939Z  core              |     100 |    99.17 |     100 |     100 |                   
gate	Gate	2026-10-03T05:43:41.9319090Z   constants.ts     |     100 |      100 |     100 |     100 |                   
gate	Gate	2026-10-03T05:43:41.9331882Z   rng.ts           |     100 |      100 |     100 |     100 |                   
gate	Gate	2026-10-03T05:43:41.9332646Z   scenarios.ts     |     100 |      100 |     100 |     100 |                   
gate	Gate	2026-10-03T05:43:41.9333345Z   state.ts         |     100 |      100 |     100 |     100 |                   
gate	Gate	2026-10-03T05:43:41.9334011Z   step.ts          |     100 |    98.88 |     100 |     100 | 150               
gate	Gate	2026-10-03T05:43:41.9334680Z   units.ts         |     100 |      100 |     100 |     100 |                   
gate	Gate	2026-10-03T05:43:41.9335352Z   vehicle.ts       |     100 |      100 |     100 |     100 |                   
gate	Gate	2026-10-03T05:43:41.9336077Z  core/autopilot    |   97.17 |     94.1 |     100 |   98.45 |                   
gate	Gate	2026-10-03T05:43:41.9336604Z   booster.ts       |   93.26 |    85.43 |     100 |    95.8 | ...20,184-185,251 
gate	Gate	2026-10-03T05:43:41.9337038Z   index.ts         |   99.67 |    99.19 |     100 |     100 | 103,445           
gate	Gate	2026-10-03T05:43:41.9337487Z   landing-burn.ts  |     100 |      100 |     100 |     100 |                   
gate	Gate	2026-10-03T05:43:41.9337950Z  core/control      |   96.96 |    95.23 |   97.91 |   98.18 |                   
gate	Gate	2026-10-03T05:43:41.9338395Z   actuation.ts     |   97.95 |      100 |   88.88 |   97.82 | 199               
gate	Gate	2026-10-03T05:43:41.9339039Z   ...er-arrival.ts |     100 |      100 |     100 |     100 |                   
gate	Gate	2026-10-03T05:43:41.9339520Z   ...r-forecast.ts |   95.65 |    98.59 |     100 |   96.93 | 184-186           
gate	Gate	2026-10-03T05:43:41.9340005Z   ...prediction.ts |   92.95 |    88.75 |     100 |   97.19 | 146-147,168       
gate	Gate	2026-10-03T05:43:41.9340515Z   ...eturn-plan.ts |   94.73 |       96 |     100 |   94.73 | 37                
gate	Gate	2026-10-03T05:43:41.9340964Z   commands.ts      |   95.23 |    95.23 |   94.73 |   94.28 | 132-133           
gate	Gate	2026-10-03T05:43:41.9341403Z   ...ce-physics.ts |   98.05 |    91.93 |     100 |   99.26 | 307               
gate	Gate	2026-10-03T05:43:41.9341860Z   mechanical.ts    |       0 |        0 |       0 |       0 |                   
gate	Gate	2026-10-03T05:43:41.9342311Z   primitives.ts    |   99.33 |    99.04 |     100 |   99.31 | 246               
gate	Gate	2026-10-03T05:43:41.9343132Z  core/physics      |     100 |    99.53 |     100 |     100 |                   
gate	Gate	2026-10-03T05:43:41.9343575Z   aero.ts          |     100 |      100 |     100 |     100 |                   
gate	Gate	2026-10-03T05:43:41.9343999Z   atmosphere.ts    |     100 |      100 |     100 |     100 |                   
gate	Gate	2026-10-03T05:43:41.9344459Z   components.ts    |     100 |      100 |     100 |     100 |                   
gate	Gate	2026-10-03T05:43:41.9344914Z   engines.ts       |     100 |    98.61 |     100 |     100 | 310               
gate	Gate	2026-10-03T05:43:41.9345337Z   gravity.ts       |     100 |      100 |     100 |     100 |                   
gate	Gate	2026-10-03T05:43:41.9345771Z   grid-fins.ts     |     100 |      100 |     100 |     100 |                   
gate	Gate	2026-10-03T05:43:41.9346208Z   isa.ts           |     100 |      100 |     100 |     100 |                   
gate	Gate	2026-10-03T05:43:41.9346764Z   mass.ts          |     100 |      100 |     100 |     100 |                   
gate	Gate	2026-10-03T05:43:41.9347183Z   thermal.ts       |     100 |      100 |     100 |     100 |                   
gate	Gate	2026-10-03T05:43:41.9347614Z   tower-catch.ts   |     100 |      100 |     100 |     100 |                   
gate	Gate	2026-10-03T05:43:41.9348034Z   wind.ts          |     100 |      100 |     100 |     100 |                   
gate	Gate	2026-10-03T05:43:41.9348588Z  core/vehicles     |     100 |      100 |     100 |     100 |                   
gate	Gate	2026-10-03T05:43:41.9349081Z   super-heavy.ts   |     100 |      100 |     100 |     100 |                   
gate	Gate	2026-10-03T05:43:41.9349582Z -------------------|---------|----------|---------|---------|-------------------
gate	Gate	2026-10-03T05:43:41.9414463Z ERROR: Coverage for statements (98.26%) does not meet global threshold (99%)
gate	Gate	2026-10-03T05:43:41.9415341Z ERROR: Coverage for branches (95.92%) does not meet global threshold (99%)
gate	Gate	2026-10-03T05:43:41.9417044Z ERROR: Coverage for branches (99.53%) does not meet "src/core/physics/**" threshold (100%)
gate	Gate	2026-10-03T05:43:41.9444528Z ERROR: Coverage for lines (98.45%) does not meet "src/core/autopilot/**" threshold (99%)
gate	Gate	2026-10-03T05:43:41.9445439Z ERROR: Coverage for statements (97.17%) does not meet "src/core/autopilot/**" threshold (99%)
gate	Gate	2026-10-03T05:43:41.9446155Z ERROR: Coverage for branches (94.1%) does not meet "src/core/autopilot/**" threshold (95%)
gate	Gate	2026-10-03T05:43:42.0175186Z ##[error]Process completed with exit code 1.
