build	Set up job	﻿2026-10-02T02:35:31.5515161Z Current runner version: '2.337.0'
build	Set up job	2026-10-02T02:35:31.5539224Z ##[group]Runner Image Provisioner
build	Set up job	2026-10-02T02:35:31.5540739Z Hosted Compute Agent
build	Set up job	2026-10-02T02:35:31.5541353Z Version: 20260901.588
build	Set up job	2026-10-02T02:35:31.5542050Z Commit: f88ec8081b781fac6c440065ac7ff9e710ce3d0b
build	Set up job	2026-10-02T02:35:31.5542781Z Build Date: 2026-09-01T19:56:44Z
build	Set up job	2026-10-02T02:35:31.5543452Z Worker ID: {8052b998-6382-45c5-a3c4-ef3e339f0e1c}
build	Set up job	2026-10-02T02:35:31.5544253Z Azure Region: westus2
build	Set up job	2026-10-02T02:35:31.5544820Z ##[endgroup]
build	Set up job	2026-10-02T02:35:31.5546308Z ##[group]Operating System
build	Set up job	2026-10-02T02:35:31.5546984Z Ubuntu
build	Set up job	2026-10-02T02:35:31.5547517Z 24.04.5
build	Set up job	2026-10-02T02:35:31.5548111Z LTS
build	Set up job	2026-10-02T02:35:31.5548614Z ##[endgroup]
build	Set up job	2026-10-02T02:35:31.5549193Z ##[group]Runner Image
build	Set up job	2026-10-02T02:35:31.5550013Z Image: ubuntu-24.04
build	Set up job	2026-10-02T02:35:31.5550609Z Version: 20260927.320.1
build	Set up job	2026-10-02T02:35:31.5551764Z Included Software: https://github.com/actions/runner-images/blob/ubuntu24/20260927.320/images/ubuntu/Ubuntu2404-Readme.md
build	Set up job	2026-10-02T02:35:31.5553529Z Image Release: https://github.com/actions/runner-images/releases/tag/ubuntu24%2F20260927.320
build	Set up job	2026-10-02T02:35:31.5554595Z ##[endgroup]
build	Set up job	2026-10-02T02:35:31.5555887Z ##[group]GITHUB_TOKEN Permissions
build	Set up job	2026-10-02T02:35:31.5557738Z Contents: read
build	Set up job	2026-10-02T02:35:31.5558362Z Metadata: read
build	Set up job	2026-10-02T02:35:31.5559016Z Pages: write
build	Set up job	2026-10-02T02:35:31.5559568Z ##[endgroup]
build	Set up job	2026-10-02T02:35:31.5561954Z Secret source: Actions
build	Set up job	2026-10-02T02:35:31.5562923Z Cache mode: write
build	Set up job	2026-10-02T02:35:31.5563583Z Prepare workflow directory
build	Set up job	2026-10-02T02:35:31.5945111Z Prepare all required actions
build	Set up job	2026-10-02T02:35:31.5993934Z Getting action download info
build	Set up job	2026-10-02T02:35:31.9531197Z Download action repository 'actions/checkout@v7' (SHA:3d3c42e5aac5ba805825da76410c181273ba90b1)
build	Set up job	2026-10-02T02:35:32.0798717Z Download action repository 'actions/setup-node@v6' (SHA:249970729cb0ef3589644e2896645e5dc5ba9c38)
build	Set up job	2026-10-02T02:35:32.1631066Z Download action repository 'actions/configure-pages@v6' (SHA:45bfe0192ca1faeb007ade9deae92b16b8254a0d)
build	Set up job	2026-10-02T02:35:32.3948717Z Download action repository 'actions/upload-pages-artifact@v5' (SHA:fc324d3547104276b827a68afc52ff2a11cc49c9)
build	Set up job	2026-10-02T02:35:32.6553737Z Getting action download info
build	Set up job	2026-10-02T02:35:32.8096020Z Download action repository 'actions/upload-artifact@bbbca2ddaa5d8feaa63e36b76fdaad77386f024f' (SHA:bbbca2ddaa5d8feaa63e36b76fdaad77386f024f)
build	Set up job	2026-10-02T02:35:32.9605077Z Complete job name: build
build	Run actions/checkout@v7	﻿2026-10-02T02:35:33.0530766Z ##[group]Run actions/checkout@v7
build	Run actions/checkout@v7	2026-10-02T02:35:33.0532175Z with:
build	Run actions/checkout@v7	2026-10-02T02:35:33.0533075Z   repository: SteveIsnthere/StarShipSimulator
build	Run actions/checkout@v7	2026-10-02T02:35:33.0542958Z   token: ***
build	Run actions/checkout@v7	2026-10-02T02:35:33.0543778Z   ssh-strict: true
build	Run actions/checkout@v7	2026-10-02T02:35:33.0544619Z   ssh-user: git
build	Run actions/checkout@v7	2026-10-02T02:35:33.0545460Z   persist-credentials: true
build	Run actions/checkout@v7	2026-10-02T02:35:33.0546419Z   clean: true
build	Run actions/checkout@v7	2026-10-02T02:35:33.0547289Z   sparse-checkout-cone-mode: true
build	Run actions/checkout@v7	2026-10-02T02:35:33.0548319Z   fetch-depth: 1
build	Run actions/checkout@v7	2026-10-02T02:35:33.0549154Z   fetch-tags: false
build	Run actions/checkout@v7	2026-10-02T02:35:33.0550164Z   show-progress: true
build	Run actions/checkout@v7	2026-10-02T02:35:33.0551031Z   lfs: false
build	Run actions/checkout@v7	2026-10-02T02:35:33.0551803Z   submodules: false
build	Run actions/checkout@v7	2026-10-02T02:35:33.0552661Z   set-safe-directory: true
build	Run actions/checkout@v7	2026-10-02T02:35:33.0553637Z   allow-unsafe-pr-checkout: false
build	Run actions/checkout@v7	2026-10-02T02:35:33.0554921Z ##[endgroup]
build	Run actions/checkout@v7	2026-10-02T02:35:33.1604805Z Syncing repository: SteveIsnthere/StarShipSimulator
build	Run actions/checkout@v7	2026-10-02T02:35:33.1607948Z ##[group]Getting Git version info
build	Run actions/checkout@v7	2026-10-02T02:35:33.1609586Z Working directory is '/home/runner/work/StarShipSimulator/StarShipSimulator'
build	Run actions/checkout@v7	2026-10-02T02:35:33.1612320Z [command]/usr/bin/git version
build	Run actions/checkout@v7	2026-10-02T02:35:33.1676128Z git version 2.55.0
build	Run actions/checkout@v7	2026-10-02T02:35:33.1703098Z ##[endgroup]
build	Run actions/checkout@v7	2026-10-02T02:35:33.1730016Z Temporarily overriding HOME='/home/runner/work/_temp/5fcfc917-9d81-4140-ac60-79cef813085d' before making global git config changes
build	Run actions/checkout@v7	2026-10-02T02:35:33.1827264Z Adding repository directory to the temporary git global config as a safe directory
build	Run actions/checkout@v7	2026-10-02T02:35:33.1832581Z [command]/usr/bin/git config --global --add safe.directory /home/runner/work/StarShipSimulator/StarShipSimulator
build	Run actions/checkout@v7	2026-10-02T02:35:33.1844421Z Deleting the contents of '/home/runner/work/StarShipSimulator/StarShipSimulator'
build	Run actions/checkout@v7	2026-10-02T02:35:33.1848724Z ##[group]Determining repository object format
build	Run actions/checkout@v7	2026-10-02T02:35:33.1852152Z ##[endgroup]
build	Run actions/checkout@v7	2026-10-02T02:35:33.1854750Z ##[group]Initializing the repository
build	Run actions/checkout@v7	2026-10-02T02:35:33.1857600Z [command]/usr/bin/git init /home/runner/work/StarShipSimulator/StarShipSimulator
build	Run actions/checkout@v7	2026-10-02T02:35:33.1914629Z hint: Using 'master' as the name for the initial branch. This default branch name
build	Run actions/checkout@v7	2026-10-02T02:35:33.1918216Z hint: will change to "main" in Git 3.0. To configure the initial branch name
build	Run actions/checkout@v7	2026-10-02T02:35:33.1921795Z hint: to use in all of your new repositories, which will suppress this warning,
build	Run actions/checkout@v7	2026-10-02T02:35:33.1924561Z hint: call:
build	Run actions/checkout@v7	2026-10-02T02:35:33.1925982Z hint:
build	Run actions/checkout@v7	2026-10-02T02:35:33.1927724Z hint: 	git config --global init.defaultBranch <name>
build	Run actions/checkout@v7	2026-10-02T02:35:33.1930074Z hint:
build	Run actions/checkout@v7	2026-10-02T02:35:33.1932370Z hint: Names commonly chosen instead of 'master' are 'main', 'trunk' and
build	Run actions/checkout@v7	2026-10-02T02:35:33.1935840Z hint: 'development'. The just-created branch can be renamed via this command:
build	Run actions/checkout@v7	2026-10-02T02:35:33.1938995Z hint:
build	Run actions/checkout@v7	2026-10-02T02:35:33.1940844Z hint: 	git branch -m <name>
build	Run actions/checkout@v7	2026-10-02T02:35:33.1942602Z hint:
build	Run actions/checkout@v7	2026-10-02T02:35:33.1945353Z hint: Disable this message with "git config set advice.defaultBranchName false"
build	Run actions/checkout@v7	2026-10-02T02:35:33.1951221Z Initialized empty Git repository in /home/runner/work/StarShipSimulator/StarShipSimulator/.git/
build	Run actions/checkout@v7	2026-10-02T02:35:33.1958120Z [command]/usr/bin/git remote add origin https://github.com/SteveIsnthere/StarShipSimulator
build	Run actions/checkout@v7	2026-10-02T02:35:33.1993388Z ##[endgroup]
build	Run actions/checkout@v7	2026-10-02T02:35:33.1996128Z ##[group]Disabling automatic garbage collection
build	Run actions/checkout@v7	2026-10-02T02:35:33.1998521Z [command]/usr/bin/git config --local gc.auto 0
build	Run actions/checkout@v7	2026-10-02T02:35:33.2028489Z ##[endgroup]
build	Run actions/checkout@v7	2026-10-02T02:35:33.2031136Z ##[group]Setting up auth
build	Run actions/checkout@v7	2026-10-02T02:35:33.2032794Z Removing SSH command configuration
build	Run actions/checkout@v7	2026-10-02T02:35:33.2035277Z [command]/usr/bin/git config --local --name-only --get-regexp core\.sshCommand
build	Run actions/checkout@v7	2026-10-02T02:35:33.2068662Z [command]/usr/bin/git submodule foreach --recursive sh -c "git config --local --name-only --get-regexp 'core\.sshCommand' && git config --local --unset-all 'core.sshCommand' || :"
build	Run actions/checkout@v7	2026-10-02T02:35:33.2428395Z Removing HTTP extra header
build	Run actions/checkout@v7	2026-10-02T02:35:33.2435165Z [command]/usr/bin/git config --local --name-only --get-regexp http\.https\:\/\/github\.com\/\.extraheader
build	Run actions/checkout@v7	2026-10-02T02:35:33.2478270Z [command]/usr/bin/git submodule foreach --recursive sh -c "git config --local --name-only --get-regexp 'http\.https\:\/\/github\.com\/\.extraheader' && git config --local --unset-all 'http.https://github.com/.extraheader' || :"
build	Run actions/checkout@v7	2026-10-02T02:35:33.2712059Z Removing includeIf entries pointing to credentials config files
build	Run actions/checkout@v7	2026-10-02T02:35:33.2716743Z [command]/usr/bin/git config --local --name-only --get-regexp ^includeIf\.gitdir:
build	Run actions/checkout@v7	2026-10-02T02:35:33.2752766Z [command]/usr/bin/git submodule foreach --recursive git config --local --show-origin --name-only --get-regexp remote.origin.url
build	Run actions/checkout@v7	2026-10-02T02:35:33.2985751Z [command]/usr/bin/git config --file /home/runner/work/_temp/git-credentials-e0bb7883-65e6-4bbb-b587-6e1760eb420c.config http.https://github.com/.extraheader AUTHORIZATION: basic ***
build	Run actions/checkout@v7	2026-10-02T02:35:33.3025685Z [command]/usr/bin/git config --local includeIf.gitdir:/home/runner/work/StarShipSimulator/StarShipSimulator/.git.path /home/runner/work/_temp/git-credentials-e0bb7883-65e6-4bbb-b587-6e1760eb420c.config
build	Run actions/checkout@v7	2026-10-02T02:35:33.3062592Z [command]/usr/bin/git config --local includeIf.gitdir:/home/runner/work/StarShipSimulator/StarShipSimulator/.git/worktrees/*.path /home/runner/work/_temp/git-credentials-e0bb7883-65e6-4bbb-b587-6e1760eb420c.config
build	Run actions/checkout@v7	2026-10-02T02:35:33.3102037Z [command]/usr/bin/git config --local includeIf.gitdir:/github/workspace/.git.path /github/runner_temp/git-credentials-e0bb7883-65e6-4bbb-b587-6e1760eb420c.config
build	Run actions/checkout@v7	2026-10-02T02:35:33.3141469Z [command]/usr/bin/git config --local includeIf.gitdir:/github/workspace/.git/worktrees/*.path /github/runner_temp/git-credentials-e0bb7883-65e6-4bbb-b587-6e1760eb420c.config
build	Run actions/checkout@v7	2026-10-02T02:35:33.3173499Z ##[endgroup]
build	Run actions/checkout@v7	2026-10-02T02:35:33.3175864Z ##[group]Fetching the repository
build	Run actions/checkout@v7	2026-10-02T02:35:33.3182006Z [command]/usr/bin/git -c protocol.version=2 fetch --no-tags --prune --no-recurse-submodules --depth=1 origin +080f1088ec07863751ffd8b2fa8bf8106d4b22af:refs/remotes/origin/main
build	Run actions/checkout@v7	2026-10-02T02:35:47.3754217Z From https://github.com/SteveIsnthere/StarShipSimulator
build	Run actions/checkout@v7	2026-10-02T02:35:47.3755344Z  * [new ref]         080f1088ec07863751ffd8b2fa8bf8106d4b22af -> origin/main
build	Run actions/checkout@v7	2026-10-02T02:35:47.3765981Z [command]/usr/bin/git branch --list --remote origin/main
build	Run actions/checkout@v7	2026-10-02T02:35:47.3797401Z   origin/main
build	Run actions/checkout@v7	2026-10-02T02:35:47.3805969Z [command]/usr/bin/git rev-parse refs/remotes/origin/main
build	Run actions/checkout@v7	2026-10-02T02:35:47.3832656Z 080f1088ec07863751ffd8b2fa8bf8106d4b22af
build	Run actions/checkout@v7	2026-10-02T02:35:47.3837243Z ##[endgroup]
build	Run actions/checkout@v7	2026-10-02T02:35:47.3837985Z ##[group]Determining the checkout info
build	Run actions/checkout@v7	2026-10-02T02:35:47.3839138Z ##[endgroup]
build	Run actions/checkout@v7	2026-10-02T02:35:47.3843325Z [command]/usr/bin/git sparse-checkout disable
build	Run actions/checkout@v7	2026-10-02T02:35:47.3899500Z [command]/usr/bin/git config --local --unset-all extensions.worktreeConfig
build	Run actions/checkout@v7	2026-10-02T02:35:47.3933705Z ##[group]Checking out the ref
build	Run actions/checkout@v7	2026-10-02T02:35:47.3938662Z [command]/usr/bin/git checkout --progress --force -B main refs/remotes/origin/main
build	Run actions/checkout@v7	2026-10-02T02:35:48.0790584Z Switched to a new branch 'main'
build	Run actions/checkout@v7	2026-10-02T02:35:48.0796132Z branch 'main' set up to track 'origin/main'.
build	Run actions/checkout@v7	2026-10-02T02:35:48.0876276Z ##[endgroup]
build	Run actions/checkout@v7	2026-10-02T02:35:48.1257917Z [command]/usr/bin/git log -1 --format=%H
build	Run actions/checkout@v7	2026-10-02T02:35:48.1306285Z 080f1088ec07863751ffd8b2fa8bf8106d4b22af
build	Run actions/setup-node@v6	﻿2026-10-02T02:35:48.1583501Z ##[group]Run actions/setup-node@v6
build	Run actions/setup-node@v6	2026-10-02T02:35:48.1583823Z with:
build	Run actions/setup-node@v6	2026-10-02T02:35:48.1584045Z   node-version-file: .nvmrc
build	Run actions/setup-node@v6	2026-10-02T02:35:48.1584285Z   cache: npm
build	Run actions/setup-node@v6	2026-10-02T02:35:48.1584484Z   check-latest: false
build	Run actions/setup-node@v6	2026-10-02T02:35:48.1586987Z   token: ***
build	Run actions/setup-node@v6	2026-10-02T02:35:48.1587231Z   package-manager-cache: true
build	Run actions/setup-node@v6	2026-10-02T02:35:48.1587496Z ##[endgroup]
build	Run actions/setup-node@v6	2026-10-02T02:35:48.2901733Z Resolved .nvmrc as 22
build	Run actions/setup-node@v6	2026-10-02T02:35:48.2965029Z Found in cache @ /opt/hostedtoolcache/node/22.23.3/x64
build	Run actions/setup-node@v6	2026-10-02T02:35:48.2969467Z ##[group]Environment details
build	Run actions/setup-node@v6	2026-10-02T02:35:48.6601750Z node: v22.23.3
build	Run actions/setup-node@v6	2026-10-02T02:35:48.6602518Z npm: 10.9.9
build	Run actions/setup-node@v6	2026-10-02T02:35:48.6603032Z yarn: 1.22.22
build	Run actions/setup-node@v6	2026-10-02T02:35:48.6603872Z ##[endgroup]
build	Run actions/setup-node@v6	2026-10-02T02:35:48.6628479Z [command]/opt/hostedtoolcache/node/22.23.3/x64/bin/npm config get cache
build	Run actions/setup-node@v6	2026-10-02T02:35:48.7737712Z /home/runner/.npm
build	Run actions/setup-node@v6	2026-10-02T02:35:49.0273892Z Cache hit for: node-cache-Linux-x64-npm-1edac62bc7bf12112173a9f527a930d37489418009792304d1d1887f25a12d90
build	Run actions/setup-node@v6	2026-10-02T02:35:50.3095610Z Received 0 of 109197371 (0.0%), 0.0 MBs/sec
build	Run actions/setup-node@v6	2026-10-02T02:35:51.3099901Z Received 96614459 of 109197371 (88.5%), 46.1 MBs/sec
build	Run actions/setup-node@v6	2026-10-02T02:35:51.3974238Z Received 109197371 of 109197371 (100.0%), 49.9 MBs/sec
build	Run actions/setup-node@v6	2026-10-02T02:35:51.3976496Z Cache Size: ~104 MB (109197371 B)
build	Run actions/setup-node@v6	2026-10-02T02:35:51.4011153Z [command]/usr/bin/tar -xf /home/runner/work/_temp/956c275f-8f68-47c7-97e6-0c66a023d59c/cache.tzst -P -C /home/runner/work/StarShipSimulator/StarShipSimulator --use-compress-program unzstd
build	Run actions/setup-node@v6	2026-10-02T02:35:51.6373713Z Cache restored successfully
build	Run actions/setup-node@v6	2026-10-02T02:35:51.6431247Z Cache restored from key: node-cache-Linux-x64-npm-1edac62bc7bf12112173a9f527a930d37489418009792304d1d1887f25a12d90
build	Run npm ci	﻿2026-10-02T02:35:51.6591258Z ##[group]Run npm ci
build	Run npm ci	2026-10-02T02:35:51.6591594Z ^[[36;1mnpm ci^[[0m
build	Run npm ci	2026-10-02T02:35:51.6860902Z shell: /usr/bin/bash -e {0}
build	Run npm ci	2026-10-02T02:35:51.6861237Z ##[endgroup]
build	Run npm ci	2026-10-02T02:35:55.0900599Z npm warn deprecated node-domexception@1.0.0: Use your platform's native DOMException instead
build	Run npm ci	2026-10-02T02:35:59.1823535Z 
build	Run npm ci	2026-10-02T02:35:59.1824431Z added 341 packages, and audited 342 packages in 7s
build	Run npm ci	2026-10-02T02:35:59.1824765Z 
build	Run npm ci	2026-10-02T02:35:59.1824953Z 74 packages are looking for funding
build	Run npm ci	2026-10-02T02:35:59.1825317Z   run `npm fund` for details
build	Run npm ci	2026-10-02T02:35:59.1840274Z 
build	Run npm ci	2026-10-02T02:35:59.1840816Z found 0 vulnerabilities
build	Install Chromium for Playwright	﻿2026-10-02T02:35:59.2667425Z ##[group]Run npx playwright install --with-deps chromium
build	Install Chromium for Playwright	2026-10-02T02:35:59.2667922Z ^[[36;1mnpx playwright install --with-deps chromium^[[0m
build	Install Chromium for Playwright	2026-10-02T02:35:59.2731188Z shell: /usr/bin/bash -e {0}
build	Install Chromium for Playwright	2026-10-02T02:35:59.2731465Z ##[endgroup]
build	Install Chromium for Playwright	2026-10-02T02:36:00.0688057Z Installing dependencies...
build	Install Chromium for Playwright	2026-10-02T02:36:00.0752651Z Switching to root user to install dependencies...
build	Install Chromium for Playwright	2026-10-02T02:36:00.1761884Z Get:1 file:/etc/apt/apt-mirrors.txt Mirrorlist [144 B]
build	Install Chromium for Playwright	2026-10-02T02:36:00.2339772Z Hit:2 http://azure.archive.ubuntu.com/ubuntu noble InRelease
build	Install Chromium for Playwright	2026-10-02T02:36:00.2341574Z Get:6 https://packages.microsoft.com/ubuntu/24.04/prod noble InRelease [3600 B]
build	Install Chromium for Playwright	2026-10-02T02:36:00.2363430Z Get:3 http://azure.archive.ubuntu.com/ubuntu noble-updates InRelease [126 kB]
build	Install Chromium for Playwright	2026-10-02T02:36:00.2448724Z Get:4 http://azure.archive.ubuntu.com/ubuntu noble-backports InRelease [126 kB]
build	Install Chromium for Playwright	2026-10-02T02:36:00.2521731Z Get:5 http://azure.archive.ubuntu.com/ubuntu noble-security InRelease [126 kB]
build	Install Chromium for Playwright	2026-10-02T02:36:00.4016007Z Get:7 https://packages.microsoft.com/ubuntu/24.04/prod noble/main arm64 Packages [458 kB]
build	Install Chromium for Playwright	2026-10-02T02:36:00.4191362Z Get:8 https://packages.microsoft.com/ubuntu/24.04/prod noble/main amd64 Packages [510 kB]
build	Install Chromium for Playwright	2026-10-02T02:36:00.4227966Z Get:9 https://packages.microsoft.com/ubuntu/24.04/prod noble/main armhf Packages [12.6 kB]
build	Install Chromium for Playwright	2026-10-02T02:36:00.4631499Z Get:10 http://azure.archive.ubuntu.com/ubuntu noble-updates/main amd64 Packages [1364 kB]
build	Install Chromium for Playwright	2026-10-02T02:36:00.4742876Z Get:11 http://azure.archive.ubuntu.com/ubuntu noble-updates/main Translation-en [304 kB]
build	Install Chromium for Playwright	2026-10-02T02:36:00.4791774Z Get:12 http://azure.archive.ubuntu.com/ubuntu noble-updates/main amd64 Components [181 kB]
build	Install Chromium for Playwright	2026-10-02T02:36:00.4793501Z Get:13 http://azure.archive.ubuntu.com/ubuntu noble-updates/universe amd64 Packages [1699 kB]
build	Install Chromium for Playwright	2026-10-02T02:36:00.4880784Z Get:14 http://azure.archive.ubuntu.com/ubuntu noble-updates/universe Translation-en [341 kB]
build	Install Chromium for Playwright	2026-10-02T02:36:00.4908292Z Get:15 http://azure.archive.ubuntu.com/ubuntu noble-updates/universe amd64 Components [388 kB]
build	Install Chromium for Playwright	2026-10-02T02:36:00.4959267Z Get:16 http://azure.archive.ubuntu.com/ubuntu noble-updates/restricted amd64 Packages [1720 kB]
build	Install Chromium for Playwright	2026-10-02T02:36:00.5051658Z Get:17 http://azure.archive.ubuntu.com/ubuntu noble-updates/restricted Translation-en [394 kB]
build	Install Chromium for Playwright	2026-10-02T02:36:00.5066305Z Get:18 http://azure.archive.ubuntu.com/ubuntu noble-updates/multiverse amd64 Components [940 B]
build	Install Chromium for Playwright	2026-10-02T02:36:00.5334018Z Get:19 http://azure.archive.ubuntu.com/ubuntu noble-backports/main amd64 Components [5760 B]
build	Install Chromium for Playwright	2026-10-02T02:36:00.5775057Z Get:20 http://azure.archive.ubuntu.com/ubuntu noble-backports/universe amd64 Components [12.6 kB]
build	Install Chromium for Playwright	2026-10-02T02:36:00.5987607Z Get:21 http://azure.archive.ubuntu.com/ubuntu noble-security/main amd64 Packages [1069 kB]
build	Install Chromium for Playwright	2026-10-02T02:36:00.6051574Z Get:22 http://azure.archive.ubuntu.com/ubuntu noble-security/main Translation-en [221 kB]
build	Install Chromium for Playwright	2026-10-02T02:36:00.6073536Z Get:23 http://azure.archive.ubuntu.com/ubuntu noble-security/main amd64 Components [46.4 kB]
build	Install Chromium for Playwright	2026-10-02T02:36:00.6092043Z Get:24 http://azure.archive.ubuntu.com/ubuntu noble-security/universe amd64 Packages [1216 kB]
build	Install Chromium for Playwright	2026-10-02T02:36:00.6160288Z Get:25 http://azure.archive.ubuntu.com/ubuntu noble-security/universe Translation-en [244 kB]
build	Install Chromium for Playwright	2026-10-02T02:36:00.6185044Z Get:26 http://azure.archive.ubuntu.com/ubuntu noble-security/universe amd64 Components [76.3 kB]
build	Install Chromium for Playwright	2026-10-02T02:36:00.6203904Z Get:27 http://azure.archive.ubuntu.com/ubuntu noble-security/restricted amd64 Packages [1566 kB]
build	Install Chromium for Playwright	2026-10-02T02:36:00.6294295Z Get:28 http://azure.archive.ubuntu.com/ubuntu noble-security/restricted Translation-en [361 kB]
build	Install Chromium for Playwright	2026-10-02T02:36:05.8614331Z Fetched 12.6 MB in 1s (8656 kB/s)
build	Install Chromium for Playwright	2026-10-02T02:36:06.6565397Z Reading package lists...
build	Install Chromium for Playwright	2026-10-02T02:36:06.6832631Z Reading package lists...
build	Install Chromium for Playwright	2026-10-02T02:36:06.8424484Z Building dependency tree...
build	Install Chromium for Playwright	2026-10-02T02:36:06.8431694Z Reading state information...
build	Install Chromium for Playwright	2026-10-02T02:36:06.9764384Z libasound2t64 is already the newest version (1.2.11-1ubuntu0.3).
build	Install Chromium for Playwright	2026-10-02T02:36:06.9765190Z libasound2t64 set to manually installed.
build	Install Chromium for Playwright	2026-10-02T02:36:06.9766761Z libatk-bridge2.0-0t64 is already the newest version (2.52.0-1build1).
build	Install Chromium for Playwright	2026-10-02T02:36:06.9767570Z libatk-bridge2.0-0t64 set to manually installed.
build	Install Chromium for Playwright	2026-10-02T02:36:06.9768374Z libatk1.0-0t64 is already the newest version (2.52.0-1build1).
build	Install Chromium for Playwright	2026-10-02T02:36:06.9768932Z libatk1.0-0t64 set to manually installed.
build	Install Chromium for Playwright	2026-10-02T02:36:06.9769522Z libatspi2.0-0t64 is already the newest version (2.52.0-1build1).
build	Install Chromium for Playwright	2026-10-02T02:36:06.9770374Z libatspi2.0-0t64 set to manually installed.
build	Install Chromium for Playwright	2026-10-02T02:36:06.9770923Z libcairo2 is already the newest version (1.18.0-3build1).
build	Install Chromium for Playwright	2026-10-02T02:36:06.9771439Z libcairo2 set to manually installed.
build	Install Chromium for Playwright	2026-10-02T02:36:06.9772012Z libcups2t64 is already the newest version (2.4.7-1.2ubuntu7.14).
build	Install Chromium for Playwright	2026-10-02T02:36:06.9772615Z libcups2t64 set to manually installed.
build	Install Chromium for Playwright	2026-10-02T02:36:06.9773182Z libdbus-1-3 is already the newest version (1.14.10-4ubuntu4.1).
build	Install Chromium for Playwright	2026-10-02T02:36:06.9773736Z libdbus-1-3 set to manually installed.
build	Install Chromium for Playwright	2026-10-02T02:36:06.9774498Z libdrm2 is already the newest version (2.4.125-1ubuntu0.1~24.04.2).
build	Install Chromium for Playwright	2026-10-02T02:36:06.9775041Z libdrm2 set to manually installed.
build	Install Chromium for Playwright	2026-10-02T02:36:06.9775591Z libglib2.0-0t64 is already the newest version (2.80.0-6ubuntu3.9).
build	Install Chromium for Playwright	2026-10-02T02:36:06.9776150Z libglib2.0-0t64 set to manually installed.
build	Install Chromium for Playwright	2026-10-02T02:36:06.9776709Z libnspr4 is already the newest version (2:4.35-1.1build1).
build	Install Chromium for Playwright	2026-10-02T02:36:06.9777220Z libnspr4 set to manually installed.
build	Install Chromium for Playwright	2026-10-02T02:36:06.9778054Z libnss3 is already the newest version (2:3.98-1ubuntu0.2).
build	Install Chromium for Playwright	2026-10-02T02:36:06.9778975Z libnss3 set to manually installed.
build	Install Chromium for Playwright	2026-10-02T02:36:06.9780171Z libpango-1.0-0 is already the newest version (1.52.1+ds-1build1).
build	Install Chromium for Playwright	2026-10-02T02:36:06.9781131Z libpango-1.0-0 set to manually installed.
build	Install Chromium for Playwright	2026-10-02T02:36:06.9782188Z libx11-6 is already the newest version (2:1.8.7-1build1).
build	Install Chromium for Playwright	2026-10-02T02:36:06.9782920Z libx11-6 set to manually installed.
build	Install Chromium for Playwright	2026-10-02T02:36:06.9783657Z libxcb1 is already the newest version (1.15-1ubuntu2).
build	Install Chromium for Playwright	2026-10-02T02:36:06.9784367Z libxcb1 set to manually installed.
build	Install Chromium for Playwright	2026-10-02T02:36:06.9785177Z libxcomposite1 is already the newest version (1:0.4.5-1build3).
build	Install Chromium for Playwright	2026-10-02T02:36:06.9785951Z libxcomposite1 set to manually installed.
build	Install Chromium for Playwright	2026-10-02T02:36:06.9786732Z libxdamage1 is already the newest version (1:1.1.6-1build1).
build	Install Chromium for Playwright	2026-10-02T02:36:06.9787458Z libxdamage1 set to manually installed.
build	Install Chromium for Playwright	2026-10-02T02:36:06.9788164Z libxext6 is already the newest version (2:1.3.4-1build2).
build	Install Chromium for Playwright	2026-10-02T02:36:06.9788839Z libxext6 set to manually installed.
build	Install Chromium for Playwright	2026-10-02T02:36:06.9789585Z libxfixes3 is already the newest version (1:6.0.0-2build1).
build	Install Chromium for Playwright	2026-10-02T02:36:06.9790585Z libxfixes3 set to manually installed.
build	Install Chromium for Playwright	2026-10-02T02:36:06.9791309Z libxkbcommon0 is already the newest version (1.6.0-1build1).
build	Install Chromium for Playwright	2026-10-02T02:36:06.9792060Z libxkbcommon0 set to manually installed.
build	Install Chromium for Playwright	2026-10-02T02:36:06.9792815Z libxrandr2 is already the newest version (2:1.5.2-2build1).
build	Install Chromium for Playwright	2026-10-02T02:36:06.9793533Z libxrandr2 set to manually installed.
build	Install Chromium for Playwright	2026-10-02T02:36:06.9794263Z xvfb is already the newest version (2:21.1.12-1ubuntu1.8).
build	Install Chromium for Playwright	2026-10-02T02:36:06.9795304Z fonts-noto-color-emoji is already the newest version (2.047-0ubuntu0.24.04.1).
build	Install Chromium for Playwright	2026-10-02T02:36:06.9796350Z libfontconfig1 is already the newest version (2.15.0-1.1ubuntu2).
build	Install Chromium for Playwright	2026-10-02T02:36:06.9797121Z libfontconfig1 set to manually installed.
build	Install Chromium for Playwright	2026-10-02T02:36:06.9798080Z libfreetype6 is already the newest version (2.13.2+dfsg-1ubuntu0.1).
build	Install Chromium for Playwright	2026-10-02T02:36:06.9798921Z libfreetype6 set to manually installed.
build	Install Chromium for Playwright	2026-10-02T02:36:06.9799727Z fonts-liberation is already the newest version (1:2.1.5-3).
build	Install Chromium for Playwright	2026-10-02T02:36:06.9800806Z fonts-liberation set to manually installed.
build	Install Chromium for Playwright	2026-10-02T02:36:06.9801359Z The following additional packages will be installed:
build	Install Chromium for Playwright	2026-10-02T02:36:06.9801846Z   libgl1-mesa-dri libglx-mesa0 libwayland-server0 mesa-libgallium
build	Install Chromium for Playwright	2026-10-02T02:36:06.9802267Z   xfonts-encodings xfonts-utils
build	Install Chromium for Playwright	2026-10-02T02:36:06.9802774Z Recommended packages:
build	Install Chromium for Playwright	2026-10-02T02:36:06.9803062Z   fonts-ipafont-mincho fonts-tlwg-loma
build	Install Chromium for Playwright	2026-10-02T02:36:06.9960890Z The following NEW packages will be installed:
build	Install Chromium for Playwright	2026-10-02T02:36:06.9961502Z   fonts-freefont-ttf fonts-ipafont-gothic fonts-tlwg-loma-otf fonts-unifont
build	Install Chromium for Playwright	2026-10-02T02:36:06.9967026Z   fonts-wqy-zenhei libwayland-server0 xfonts-cyrillic xfonts-encodings
build	Install Chromium for Playwright	2026-10-02T02:36:06.9967877Z   xfonts-scalable xfonts-utils
build	Install Chromium for Playwright	2026-10-02T02:36:06.9971858Z The following packages will be upgraded:
build	Install Chromium for Playwright	2026-10-02T02:36:06.9977325Z   libgbm1 libgl1-mesa-dri libglx-mesa0 mesa-libgallium
build	Install Chromium for Playwright	2026-10-02T02:36:07.0138030Z 4 upgraded, 10 newly installed, 0 to remove and 21 not upgraded.
build	Install Chromium for Playwright	2026-10-02T02:36:07.0138547Z Need to get 32.1 MB of archives.
build	Install Chromium for Playwright	2026-10-02T02:36:07.0139137Z After this operation, 79.7 MB of additional disk space will be used.
build	Install Chromium for Playwright	2026-10-02T02:36:07.0140300Z Get:1 file:/etc/apt/apt-mirrors.txt Mirrorlist [144 B]
build	Install Chromium for Playwright	2026-10-02T02:36:07.1625599Z Get:2 http://azure.archive.ubuntu.com/ubuntu noble/universe amd64 fonts-ipafont-gothic all 00303-21ubuntu1 [3513 kB]
build	Install Chromium for Playwright	2026-10-02T02:36:08.2206278Z Get:3 http://azure.archive.ubuntu.com/ubuntu noble/main amd64 fonts-freefont-ttf all 20211204+svn4273-2 [5641 kB]
build	Install Chromium for Playwright	2026-10-02T02:36:08.5496796Z Get:4 http://azure.archive.ubuntu.com/ubuntu noble/universe amd64 fonts-tlwg-loma-otf all 1:0.7.3-1 [107 kB]
build	Install Chromium for Playwright	2026-10-02T02:36:08.6856172Z Get:5 http://azure.archive.ubuntu.com/ubuntu noble/universe amd64 fonts-unifont all 1:15.1.01-1build1 [2993 kB]
build	Install Chromium for Playwright	2026-10-02T02:36:08.8625196Z Get:6 http://azure.archive.ubuntu.com/ubuntu noble/universe amd64 fonts-wqy-zenhei all 0.9.45-8 [7472 kB]
build	Install Chromium for Playwright	2026-10-02T02:36:09.2822533Z Get:7 http://azure.archive.ubuntu.com/ubuntu noble-updates/main amd64 libgl1-mesa-dri amd64 25.2.8-0ubuntu0.24.04.3 [37.9 kB]
build	Install Chromium for Playwright	2026-10-02T02:36:09.4159466Z Get:8 http://azure.archive.ubuntu.com/ubuntu noble/main amd64 libwayland-server0 amd64 1.22.0-2.1build1 [33.9 kB]
build	Install Chromium for Playwright	2026-10-02T02:36:09.5496978Z Get:9 http://azure.archive.ubuntu.com/ubuntu noble-updates/main amd64 libglx-mesa0 amd64 25.2.8-0ubuntu0.24.04.3 [110 kB]
build	Install Chromium for Playwright	2026-10-02T02:36:09.6839417Z Get:10 http://azure.archive.ubuntu.com/ubuntu noble-updates/main amd64 libgbm1 amd64 25.2.8-0ubuntu0.24.04.3 [34.3 kB]
build	Install Chromium for Playwright	2026-10-02T02:36:09.8179408Z Get:11 http://azure.archive.ubuntu.com/ubuntu noble-updates/main amd64 mesa-libgallium amd64 25.2.8-0ubuntu0.24.04.3 [10.8 MB]
build	Install Chromium for Playwright	2026-10-02T02:36:14.4245171Z Get:12 http://azure.archive.ubuntu.com/ubuntu noble/main amd64 xfonts-encodings all 1:1.0.5-0ubuntu2 [578 kB]
build	Install Chromium for Playwright	2026-10-02T02:36:14.5816596Z Get:13 http://azure.archive.ubuntu.com/ubuntu noble/main amd64 xfonts-utils amd64 1:7.7+6build3 [94.4 kB]
build	Install Chromium for Playwright	2026-10-02T02:36:14.7224264Z Get:14 http://azure.archive.ubuntu.com/ubuntu noble/universe amd64 xfonts-cyrillic all 1:1.0.5+nmu1 [384 kB]
build	Install Chromium for Playwright	2026-10-02T02:36:14.8795104Z Get:15 http://azure.archive.ubuntu.com/ubuntu noble/main amd64 xfonts-scalable all 1:1.0.3-1.3 [304 kB]
build	Install Chromium for Playwright	2026-10-02T02:36:15.1353448Z Fetched 32.1 MB in 8s (4066 kB/s)
build	Install Chromium for Playwright	2026-10-02T02:36:15.1601850Z Selecting previously unselected package fonts-ipafont-gothic.
build	Install Chromium for Playwright	2026-10-02T02:36:15.1893198Z (Reading database ... 
build	Install Chromium for Playwright	2026-10-02T02:36:15.1893833Z (Reading database ... 5%
build	Install Chromium for Playwright	2026-10-02T02:36:15.1894388Z (Reading database ... 10%
build	Install Chromium for Playwright	2026-10-02T02:36:15.1894858Z (Reading database ... 15%
build	Install Chromium for Playwright	2026-10-02T02:36:15.1895233Z (Reading database ... 20%
build	Install Chromium for Playwright	2026-10-02T02:36:15.1895585Z (Reading database ... 25%
build	Install Chromium for Playwright	2026-10-02T02:36:15.1895887Z (Reading database ... 30%
build	Install Chromium for Playwright	2026-10-02T02:36:15.1896189Z (Reading database ... 35%
build	Install Chromium for Playwright	2026-10-02T02:36:15.1896490Z (Reading database ... 40%
build	Install Chromium for Playwright	2026-10-02T02:36:15.1896782Z (Reading database ... 45%
build	Install Chromium for Playwright	2026-10-02T02:36:15.1897081Z (Reading database ... 50%
build	Install Chromium for Playwright	2026-10-02T02:36:15.1924975Z (Reading database ... 55%
build	Install Chromium for Playwright	2026-10-02T02:36:15.3271835Z (Reading database ... 60%
build	Install Chromium for Playwright	2026-10-02T02:36:15.5176378Z (Reading database ... 65%
build	Install Chromium for Playwright	2026-10-02T02:36:15.7240700Z (Reading database ... 70%
build	Install Chromium for Playwright	2026-10-02T02:36:15.9254998Z (Reading database ... 75%
build	Install Chromium for Playwright	2026-10-02T02:36:16.0701341Z (Reading database ... 80%
build	Install Chromium for Playwright	2026-10-02T02:36:16.2746902Z (Reading database ... 85%
build	Install Chromium for Playwright	2026-10-02T02:36:16.4772989Z (Reading database ... 90%
build	Install Chromium for Playwright	2026-10-02T02:36:16.5858307Z (Reading database ... 95%
build	Install Chromium for Playwright	2026-10-02T02:36:16.5859164Z (Reading database ... 100%
build	Install Chromium for Playwright	2026-10-02T02:36:16.5860158Z (Reading database ... 202296 files and directories currently installed.)
build	Install Chromium for Playwright	2026-10-02T02:36:16.5899267Z Preparing to unpack .../00-fonts-ipafont-gothic_00303-21ubuntu1_all.deb ...
build	Install Chromium for Playwright	2026-10-02T02:36:16.5987236Z Unpacking fonts-ipafont-gothic (00303-21ubuntu1) ...
build	Install Chromium for Playwright	2026-10-02T02:36:16.8305603Z Selecting previously unselected package fonts-freefont-ttf.
build	Install Chromium for Playwright	2026-10-02T02:36:16.8429160Z Preparing to unpack .../01-fonts-freefont-ttf_20211204+svn4273-2_all.deb ...
build	Install Chromium for Playwright	2026-10-02T02:36:16.8437165Z Unpacking fonts-freefont-ttf (20211204+svn4273-2) ...
build	Install Chromium for Playwright	2026-10-02T02:36:16.9290814Z Selecting previously unselected package fonts-tlwg-loma-otf.
build	Install Chromium for Playwright	2026-10-02T02:36:16.9467411Z Preparing to unpack .../02-fonts-tlwg-loma-otf_1%3a0.7.3-1_all.deb ...
build	Install Chromium for Playwright	2026-10-02T02:36:16.9472069Z Unpacking fonts-tlwg-loma-otf (1:0.7.3-1) ...
build	Install Chromium for Playwright	2026-10-02T02:36:16.9672191Z Selecting previously unselected package fonts-unifont.
build	Install Chromium for Playwright	2026-10-02T02:36:16.9796758Z Preparing to unpack .../03-fonts-unifont_1%3a15.1.01-1build1_all.deb ...
build	Install Chromium for Playwright	2026-10-02T02:36:16.9804235Z Unpacking fonts-unifont (1:15.1.01-1build1) ...
build	Install Chromium for Playwright	2026-10-02T02:36:17.0853186Z Selecting previously unselected package fonts-wqy-zenhei.
build	Install Chromium for Playwright	2026-10-02T02:36:17.0976356Z Preparing to unpack .../04-fonts-wqy-zenhei_0.9.45-8_all.deb ...
build	Install Chromium for Playwright	2026-10-02T02:36:17.1073078Z Unpacking fonts-wqy-zenhei (0.9.45-8) ...
build	Install Chromium for Playwright	2026-10-02T02:36:17.5866498Z Preparing to unpack .../05-libgl1-mesa-dri_25.2.8-0ubuntu0.24.04.3_amd64.deb ...
build	Install Chromium for Playwright	2026-10-02T02:36:17.6041405Z Unpacking libgl1-mesa-dri:amd64 (25.2.8-0ubuntu0.24.04.3) over (25.2.8-0ubuntu0.24.04.2) ...
build	Install Chromium for Playwright	2026-10-02T02:36:17.6388156Z Selecting previously unselected package libwayland-server0:amd64.
build	Install Chromium for Playwright	2026-10-02T02:36:17.6514730Z Preparing to unpack .../06-libwayland-server0_1.22.0-2.1build1_amd64.deb ...
build	Install Chromium for Playwright	2026-10-02T02:36:17.6530032Z Unpacking libwayland-server0:amd64 (1.22.0-2.1build1) ...
build	Install Chromium for Playwright	2026-10-02T02:36:17.6859476Z Preparing to unpack .../07-libglx-mesa0_25.2.8-0ubuntu0.24.04.3_amd64.deb ...
build	Install Chromium for Playwright	2026-10-02T02:36:17.6881046Z Unpacking libglx-mesa0:amd64 (25.2.8-0ubuntu0.24.04.3) over (25.2.8-0ubuntu0.24.04.2) ...
build	Install Chromium for Playwright	2026-10-02T02:36:17.7240360Z Preparing to unpack .../08-libgbm1_25.2.8-0ubuntu0.24.04.3_amd64.deb ...
build	Install Chromium for Playwright	2026-10-02T02:36:17.7260147Z Unpacking libgbm1:amd64 (25.2.8-0ubuntu0.24.04.3) over (25.2.8-0ubuntu0.24.04.2) ...
build	Install Chromium for Playwright	2026-10-02T02:36:17.7605261Z Preparing to unpack .../09-mesa-libgallium_25.2.8-0ubuntu0.24.04.3_amd64.deb ...
build	Install Chromium for Playwright	2026-10-02T02:36:17.7628178Z Unpacking mesa-libgallium:amd64 (25.2.8-0ubuntu0.24.04.3) over (25.2.8-0ubuntu0.24.04.2) ...
build	Install Chromium for Playwright	2026-10-02T02:36:17.9226532Z Selecting previously unselected package xfonts-encodings.
build	Install Chromium for Playwright	2026-10-02T02:36:17.9351577Z Preparing to unpack .../10-xfonts-encodings_1%3a1.0.5-0ubuntu2_all.deb ...
build	Install Chromium for Playwright	2026-10-02T02:36:17.9358281Z Unpacking xfonts-encodings (1:1.0.5-0ubuntu2) ...
build	Install Chromium for Playwright	2026-10-02T02:36:17.9632768Z Selecting previously unselected package xfonts-utils.
build	Install Chromium for Playwright	2026-10-02T02:36:17.9756232Z Preparing to unpack .../11-xfonts-utils_1%3a7.7+6build3_amd64.deb ...
build	Install Chromium for Playwright	2026-10-02T02:36:17.9762289Z Unpacking xfonts-utils (1:7.7+6build3) ...
build	Install Chromium for Playwright	2026-10-02T02:36:18.0092093Z Selecting previously unselected package xfonts-cyrillic.
build	Install Chromium for Playwright	2026-10-02T02:36:18.0215237Z Preparing to unpack .../12-xfonts-cyrillic_1%3a1.0.5+nmu1_all.deb ...
build	Install Chromium for Playwright	2026-10-02T02:36:18.0222306Z Unpacking xfonts-cyrillic (1:1.0.5+nmu1) ...
build	Install Chromium for Playwright	2026-10-02T02:36:18.0548009Z Selecting previously unselected package xfonts-scalable.
build	Install Chromium for Playwright	2026-10-02T02:36:18.0671602Z Preparing to unpack .../13-xfonts-scalable_1%3a1.0.3-1.3_all.deb ...
build	Install Chromium for Playwright	2026-10-02T02:36:18.0678275Z Unpacking xfonts-scalable (1:1.0.3-1.3) ...
build	Install Chromium for Playwright	2026-10-02T02:36:18.1094309Z Setting up libwayland-server0:amd64 (1.22.0-2.1build1) ...
build	Install Chromium for Playwright	2026-10-02T02:36:18.1114207Z Setting up mesa-libgallium:amd64 (25.2.8-0ubuntu0.24.04.3) ...
build	Install Chromium for Playwright	2026-10-02T02:36:18.1141895Z Setting up libgbm1:amd64 (25.2.8-0ubuntu0.24.04.3) ...
build	Install Chromium for Playwright	2026-10-02T02:36:18.1158716Z Setting up libgl1-mesa-dri:amd64 (25.2.8-0ubuntu0.24.04.3) ...
build	Install Chromium for Playwright	2026-10-02T02:36:18.1226919Z Setting up fonts-wqy-zenhei (0.9.45-8) ...
build	Install Chromium for Playwright	2026-10-02T02:36:18.1335547Z Setting up fonts-freefont-ttf (20211204+svn4273-2) ...
build	Install Chromium for Playwright	2026-10-02T02:36:18.1351939Z Setting up fonts-tlwg-loma-otf (1:0.7.3-1) ...
build	Install Chromium for Playwright	2026-10-02T02:36:18.1368469Z Setting up xfonts-encodings (1:1.0.5-0ubuntu2) ...
build	Install Chromium for Playwright	2026-10-02T02:36:18.1385084Z Setting up fonts-ipafont-gothic (00303-21ubuntu1) ...
build	Install Chromium for Playwright	2026-10-02T02:36:18.1447315Z update-alternatives: using /usr/share/fonts/opentype/ipafont-gothic/ipag.ttf to provide /usr/share/fonts/truetype/fonts-japanese-gothic.ttf (fonts-japanese-gothic.ttf) in auto mode
build	Install Chromium for Playwright	2026-10-02T02:36:18.1470591Z Setting up fonts-unifont (1:15.1.01-1build1) ...
build	Install Chromium for Playwright	2026-10-02T02:36:18.1487850Z Setting up libglx-mesa0:amd64 (25.2.8-0ubuntu0.24.04.3) ...
build	Install Chromium for Playwright	2026-10-02T02:36:18.1503581Z Setting up xfonts-utils (1:7.7+6build3) ...
build	Install Chromium for Playwright	2026-10-02T02:36:18.1542231Z Setting up xfonts-cyrillic (1:1.0.5+nmu1) ...
build	Install Chromium for Playwright	2026-10-02T02:36:18.1825307Z Setting up xfonts-scalable (1:1.0.3-1.3) ...
build	Install Chromium for Playwright	2026-10-02T02:36:18.2088378Z Processing triggers for libc-bin (2.39-0ubuntu8.9) ...
build	Install Chromium for Playwright	2026-10-02T02:36:18.2380991Z Processing triggers for man-db (2.12.0-4build2) ...
build	Install Chromium for Playwright	2026-10-02T02:36:18.2402745Z Not building database; man-db/auto-update is not 'true'.
build	Install Chromium for Playwright	2026-10-02T02:36:18.2414145Z Processing triggers for fontconfig (2.15.0-1.1ubuntu2) ...
build	Install Chromium for Playwright	2026-10-02T02:36:18.9384909Z 
build	Install Chromium for Playwright	2026-10-02T02:36:18.9385680Z Running kernel seems to be up-to-date.
build	Install Chromium for Playwright	2026-10-02T02:36:18.9386116Z 
build	Install Chromium for Playwright	2026-10-02T02:36:18.9386345Z No services need to be restarted.
build	Install Chromium for Playwright	2026-10-02T02:36:18.9386575Z 
build	Install Chromium for Playwright	2026-10-02T02:36:18.9386761Z No containers need to be restarted.
build	Install Chromium for Playwright	2026-10-02T02:36:18.9387020Z 
build	Install Chromium for Playwright	2026-10-02T02:36:18.9387243Z No user sessions are running outdated binaries.
build	Install Chromium for Playwright	2026-10-02T02:36:18.9387518Z 
build	Install Chromium for Playwright	2026-10-02T02:36:19.7381345Z No VM guests are running outdated hypervisor (qemu) binaries on this host.
build	Install Chromium for Playwright	2026-10-02T02:36:19.7383258Z Downloading Chrome for Testing 151.0.7922.34 (playwright chromium v1234) from https://cdn.playwright.dev/builds/cft/151.0.7922.34/linux64/chrome-linux64.zip
build	Install Chromium for Playwright	2026-10-02T02:36:20.7488386Z |                                                                                |   0% of 184.3 MiB
build	Install Chromium for Playwright	2026-10-02T02:36:20.9323433Z |■■■■■■■■                                                                        |  10% of 184.3 MiB
build	Install Chromium for Playwright	2026-10-02T02:36:21.0560634Z |■■■■■■■■■■■■■■■■                                                                |  20% of 184.3 MiB
build	Install Chromium for Playwright	2026-10-02T02:36:21.1681096Z |■■■■■■■■■■■■■■■■■■■■■■■■                                                        |  30% of 184.3 MiB
build	Install Chromium for Playwright	2026-10-02T02:36:21.3061933Z |■■■■■■■■■■■■■■■■■■■■■■■■■■■■■■■■                                                |  40% of 184.3 MiB
build	Install Chromium for Playwright	2026-10-02T02:36:21.4110262Z |■■■■■■■■■■■■■■■■■■■■■■■■■■■■■■■■■■■■■■■■                                        |  50% of 184.3 MiB
build	Install Chromium for Playwright	2026-10-02T02:36:21.5027839Z |■■■■■■■■■■■■■■■■■■■■■■■■■■■■■■■■■■■■■■■■■■■■■■■■                                |  60% of 184.3 MiB
build	Install Chromium for Playwright	2026-10-02T02:36:21.6177144Z |■■■■■■■■■■■■■■■■■■■■■■■■■■■■■■■■■■■■■■■■■■■■■■■■■■■■■■■■                        |  70% of 184.3 MiB
build	Install Chromium for Playwright	2026-10-02T02:36:21.7692313Z |■■■■■■■■■■■■■■■■■■■■■■■■■■■■■■■■■■■■■■■■■■■■■■■■■■■■■■■■■■■■■■■■                |  80% of 184.3 MiB
build	Install Chromium for Playwright	2026-10-02T02:36:21.8846020Z |■■■■■■■■■■■■■■■■■■■■■■■■■■■■■■■■■■■■■■■■■■■■■■■■■■■■■■■■■■■■■■■■■■■■■■■■        |  90% of 184.3 MiB
build	Install Chromium for Playwright	2026-10-02T02:36:22.0217533Z |■■■■■■■■■■■■■■■■■■■■■■■■■■■■■■■■■■■■■■■■■■■■■■■■■■■■■■■■■■■■■■■■■■■■■■■■■■■■■■■■| 100% of 184.3 MiB
build	Install Chromium for Playwright	2026-10-02T02:36:24.8174023Z Chrome for Testing 151.0.7922.34 (playwright chromium v1234) downloaded to /home/runner/.cache/ms-playwright/chromium-1234
build	Install Chromium for Playwright	2026-10-02T02:36:24.8177137Z Downloading FFmpeg (playwright ffmpeg v1011) from https://cdn.playwright.dev/dbazure/download/playwright/builds/ffmpeg/1011/ffmpeg-linux.zip
build	Install Chromium for Playwright	2026-10-02T02:36:25.8832552Z |                                                                                |   0% of 2.3 MiB
build	Install Chromium for Playwright	2026-10-02T02:36:25.9328133Z |■■■■■■■■                                                                        |  10% of 2.3 MiB
build	Install Chromium for Playwright	2026-10-02T02:36:25.9614118Z |■■■■■■■■■■■■■■■■                                                                |  20% of 2.3 MiB
build	Install Chromium for Playwright	2026-10-02T02:36:25.9838125Z |■■■■■■■■■■■■■■■■■■■■■■■■                                                        |  30% of 2.3 MiB
build	Install Chromium for Playwright	2026-10-02T02:36:25.9988043Z |■■■■■■■■■■■■■■■■■■■■■■■■■■■■■■■■                                                |  40% of 2.3 MiB
build	Install Chromium for Playwright	2026-10-02T02:36:26.0085887Z |■■■■■■■■■■■■■■■■■■■■■■■■■■■■■■■■■■■■■■■■                                        |  50% of 2.3 MiB
build	Install Chromium for Playwright	2026-10-02T02:36:26.0251231Z |■■■■■■■■■■■■■■■■■■■■■■■■■■■■■■■■■■■■■■■■■■■■■■■■                                |  60% of 2.3 MiB
build	Install Chromium for Playwright	2026-10-02T02:36:26.0295233Z |■■■■■■■■■■■■■■■■■■■■■■■■■■■■■■■■■■■■■■■■■■■■■■■■■■■■■■■■                        |  70% of 2.3 MiB
build	Install Chromium for Playwright	2026-10-02T02:36:26.0343925Z |■■■■■■■■■■■■■■■■■■■■■■■■■■■■■■■■■■■■■■■■■■■■■■■■■■■■■■■■■■■■■■■■                |  80% of 2.3 MiB
build	Install Chromium for Playwright	2026-10-02T02:36:26.0475912Z |■■■■■■■■■■■■■■■■■■■■■■■■■■■■■■■■■■■■■■■■■■■■■■■■■■■■■■■■■■■■■■■■■■■■■■■■        |  90% of 2.3 MiB
build	Install Chromium for Playwright	2026-10-02T02:36:26.0526127Z |■■■■■■■■■■■■■■■■■■■■■■■■■■■■■■■■■■■■■■■■■■■■■■■■■■■■■■■■■■■■■■■■■■■■■■■■■■■■■■■■| 100% of 2.3 MiB
build	Install Chromium for Playwright	2026-10-02T02:36:26.1137396Z FFmpeg (playwright ffmpeg v1011) downloaded to /home/runner/.cache/ms-playwright/ffmpeg-1011
build	Install Chromium for Playwright	2026-10-02T02:36:26.1140932Z Downloading Chrome Headless Shell 151.0.7922.34 (playwright chromium-headless-shell v1234) from https://cdn.playwright.dev/builds/cft/151.0.7922.34/linux64/chrome-headless-shell-linux64.zip
build	Install Chromium for Playwright	2026-10-02T02:36:27.1248995Z |                                                                                |   0% of 114.7 MiB
build	Install Chromium for Playwright	2026-10-02T02:36:27.3187333Z |■■■■■■■■                                                                        |  10% of 114.7 MiB
build	Install Chromium for Playwright	2026-10-02T02:36:27.3853383Z |■■■■■■■■■■■■■■■■                                                                |  20% of 114.7 MiB
build	Install Chromium for Playwright	2026-10-02T02:36:27.4451415Z |■■■■■■■■■■■■■■■■■■■■■■■■                                                        |  30% of 114.7 MiB
build	Install Chromium for Playwright	2026-10-02T02:36:27.5032380Z |■■■■■■■■■■■■■■■■■■■■■■■■■■■■■■■■                                                |  40% of 114.7 MiB
build	Install Chromium for Playwright	2026-10-02T02:36:27.5560185Z |■■■■■■■■■■■■■■■■■■■■■■■■■■■■■■■■■■■■■■■■                                        |  50% of 114.7 MiB
build	Install Chromium for Playwright	2026-10-02T02:36:27.6116332Z |■■■■■■■■■■■■■■■■■■■■■■■■■■■■■■■■■■■■■■■■■■■■■■■■                                |  60% of 114.7 MiB
build	Install Chromium for Playwright	2026-10-02T02:36:27.6660536Z |■■■■■■■■■■■■■■■■■■■■■■■■■■■■■■■■■■■■■■■■■■■■■■■■■■■■■■■■                        |  70% of 114.7 MiB
build	Install Chromium for Playwright	2026-10-02T02:36:27.7203814Z |■■■■■■■■■■■■■■■■■■■■■■■■■■■■■■■■■■■■■■■■■■■■■■■■■■■■■■■■■■■■■■■■                |  80% of 114.7 MiB
build	Install Chromium for Playwright	2026-10-02T02:36:27.7741213Z |■■■■■■■■■■■■■■■■■■■■■■■■■■■■■■■■■■■■■■■■■■■■■■■■■■■■■■■■■■■■■■■■■■■■■■■■        |  90% of 114.7 MiB
build	Install Chromium for Playwright	2026-10-02T02:36:27.8271302Z |■■■■■■■■■■■■■■■■■■■■■■■■■■■■■■■■■■■■■■■■■■■■■■■■■■■■■■■■■■■■■■■■■■■■■■■■■■■■■■■■| 100% of 114.7 MiB
build	Install Chromium for Playwright	2026-10-02T02:36:29.8313693Z Chrome Headless Shell 151.0.7922.34 (playwright chromium-headless-shell v1234) downloaded to /home/runner/.cache/ms-playwright/chromium_headless_shell-1234
build	Gate	﻿2026-10-02T02:36:29.8550274Z ##[group]Run npm run gate
build	Gate	2026-10-02T02:36:29.8550734Z ^[[36;1mnpm run gate^[[0m
build	Gate	2026-10-02T02:36:29.8612909Z shell: /usr/bin/bash -e {0}
build	Gate	2026-10-02T02:36:29.8613192Z ##[endgroup]
build	Gate	2026-10-02T02:36:29.9628550Z 
build	Gate	2026-10-02T02:36:29.9629094Z > starship-simulator-v2@0.1.0 gate
build	Gate	2026-10-02T02:36:29.9630347Z > npm run lint && npm run build && npm run test && npm run coverage && E2E_SKIP_BUILD=1 npm run test:e2e && E2E_SKIP_BUILD=1 npm run test:deploy
build	Gate	2026-10-02T02:36:29.9631041Z 
build	Gate	2026-10-02T02:36:30.0619274Z 
build	Gate	2026-10-02T02:36:30.0620379Z > starship-simulator-v2@0.1.0 lint
build	Gate	2026-10-02T02:36:30.0620971Z > eslint .
build	Gate	2026-10-02T02:36:30.0621204Z 
build	Gate	2026-10-02T02:36:38.1636186Z 
build	Gate	2026-10-02T02:36:38.1637002Z > starship-simulator-v2@0.1.0 build
build	Gate	2026-10-02T02:36:38.1638782Z > tsc -b tsconfig.kit.json && tsc --noEmit -p tsconfig.json && node scripts/check-design-contract.mjs && node scripts/check-ui-contract.mjs && vite build && node scripts/build-sw.mjs dist && node scripts/check-budget.mjs && node scripts/check-entry-graph.mjs dist
build	Gate	2026-10-02T02:36:38.1640377Z 
build	Gate	2026-10-02T02:36:47.3685396Z design contract: ok (11 rules, self-test passed)
build	Gate	2026-10-02T02:36:47.4053885Z copy contract: ok (9 rules, self-test passed)
build	Gate	2026-10-02T02:36:47.7581221Z ^[[36mvite v8.2.2 ^[[32mbuilding client environment for production...^[[36m^[[39m
build	Gate	2026-10-02T02:36:47.7705010Z transforming...
build	Gate	2026-10-02T02:36:48.2590720Z ✓ 2491 modules transformed.
build	Gate	2026-10-02T02:36:48.3242657Z rendering chunks...
build	Gate	2026-10-02T02:36:48.7971541Z computing gzip size...
build	Gate	2026-10-02T02:36:48.8113831Z dist/index.html                                     2.35 kB │ gzip:   0.94 kB
build	Gate	2026-10-02T02:36:48.8114820Z dist/assets/InterTight-SemiBold-DJfiTN08.woff2     11.10 kB
build	Gate	2026-10-02T02:36:48.8115685Z dist/assets/Inter-Regular-BVdEcXjD.woff2           12.00 kB
build	Gate	2026-10-02T02:36:48.8116511Z dist/assets/Inter-SemiBold-DlULF7c_.woff2          12.46 kB
build	Gate	2026-10-02T02:36:48.8117340Z dist/assets/JetBrainsMono-Medium-CMl9fZ9Q.woff2    16.54 kB
build	Gate	2026-10-02T02:36:48.8118097Z dist/assets/charts-BBZhrHKM.css                     0.69 kB │ gzip:   0.35 kB
build	Gate	2026-10-02T02:36:48.8118833Z dist/assets/plots-D2GbP0iN.css                      1.17 kB │ gzip:   0.46 kB
build	Gate	2026-10-02T02:36:48.8119513Z dist/assets/uPlot-CnsZ1jie.css                      1.64 kB │ gzip:   0.69 kB
build	Gate	2026-10-02T02:36:48.8120701Z dist/assets/index-B0OT9yWl.css                     53.06 kB │ gzip:  10.19 kB
build	Gate	2026-10-02T02:36:48.8121407Z dist/assets/webworkerAll-DZ9jEbF-.js                0.05 kB │ gzip:   0.06 kB
build	Gate	2026-10-02T02:36:48.8122555Z dist/assets/getTextureBatchBindGroup-Bt6AC8uX.js    0.40 kB │ gzip:   0.31 kB │ map:     1.78 kB
build	Gate	2026-10-02T02:36:48.8124053Z dist/assets/CanvasPool-ccaPBm8-.js                  0.80 kB │ gzip:   0.45 kB │ map:     3.51 kB
build	Gate	2026-10-02T02:36:48.8125395Z dist/assets/Cache-DGqfkvRQ.js                       1.14 kB │ gzip:   0.59 kB │ map:     4.85 kB
build	Gate	2026-10-02T02:36:48.8126461Z dist/assets/constants-DTgHfLDf.js                   1.62 kB │ gzip:   0.93 kB │ map:    35.34 kB
build	Gate	2026-10-02T02:36:48.8127496Z dist/assets/plots-B7nIMu7j.js                       4.63 kB │ gzip:   2.28 kB │ map:    24.91 kB
build	Gate	2026-10-02T02:36:48.8128242Z dist/assets/canvasUtils-BVPkC6ub.js                 6.06 kB │ gzip:   2.06 kB │ map:    21.91 kB
build	Gate	2026-10-02T02:36:48.8128972Z dist/assets/Debrief-8Vdu7FiM.js                     6.60 kB │ gzip:   2.52 kB │ map:    20.76 kB
build	Gate	2026-10-02T02:36:48.8130310Z dist/assets/BlackBox-WTU71T1U.js                    9.89 kB │ gzip:   4.16 kB │ map:    37.30 kB
build	Gate	2026-10-02T02:36:48.8131426Z dist/assets/BufferResource-CZg6dyUf.js             11.13 kB │ gzip:   2.89 kB │ map:    26.53 kB
build	Gate	2026-10-02T02:36:48.8132510Z dist/assets/state-D62ubXaV.js                      14.91 kB │ gzip:   5.86 kB │ map:   130.93 kB
build	Gate	2026-10-02T02:36:48.8133658Z dist/assets/init-DnH_wx8r.js                       15.66 kB │ gzip:   4.92 kB │ map:    54.96 kB
build	Gate	2026-10-02T02:36:48.8134936Z dist/assets/GCManagedHash-DqPcw2Gj.js              19.37 kB │ gzip:   6.32 kB │ map:    67.25 kB
build	Gate	2026-10-02T02:36:48.8136379Z dist/assets/Menu-7aNi8HFO.js                       23.36 kB │ gzip:   7.77 kB │ map:    73.85 kB
build	Gate	2026-10-02T02:36:48.8138252Z dist/assets/Button-s_Cybpy_.js                     36.83 kB │ gzip:  12.30 kB │ map:   175.21 kB
build	Gate	2026-10-02T02:36:48.8140022Z dist/assets/Filter-C-jCSOcL.js                     38.97 kB │ gzip:  11.18 kB │ map:   182.95 kB
build	Gate	2026-10-02T02:36:48.8141485Z dist/assets/Dialog-BjBNccI1.js                     39.90 kB │ gzip:  13.64 kB │ map:   184.47 kB
build	Gate	2026-10-02T02:36:48.8142995Z dist/assets/browserAll-DrFg1QDL.js                 42.72 kB │ gzip:  11.20 kB │ map:   156.94 kB
build	Gate	2026-10-02T02:36:48.8144503Z dist/assets/uPlot.esm-C4ecZUO0.js                  51.04 kB │ gzip:  22.28 kB │ map:   252.56 kB
build	Gate	2026-10-02T02:36:48.8146008Z dist/assets/RenderTargetSystem-CGVbkJQT.js         57.47 kB │ gzip:  16.21 kB │ map:   213.58 kB
build	Gate	2026-10-02T02:36:48.8147682Z dist/assets/GraphicsContext-DLmAmwc0.js            61.32 kB │ gzip:  20.55 kB │ map:   346.25 kB
build	Gate	2026-10-02T02:36:48.8149198Z dist/assets/Geometry-coEMng49.js                   65.52 kB │ gzip:  21.50 kB │ map:   326.26 kB
build	Gate	2026-10-02T02:36:48.8150870Z dist/assets/index-BeR5PCz4.js                     599.95 kB │ gzip: 187.14 kB │ map: 2,821.67 kB
build	Gate	2026-10-02T02:36:48.8151482Z 
build	Gate	2026-10-02T02:36:48.8151916Z ^[[33m[plugin builtin:vite-reporter] 
build	Gate	2026-10-02T02:36:48.8152421Z (!) Some chunks are larger than 500 kB after minification. Consider:
build	Gate	2026-10-02T02:36:48.8152916Z - Using dynamic import() to code-split the application
build	Gate	2026-10-02T02:36:48.8153770Z - Use build.rolldownOptions.output.codeSplitting to improve chunking: https://rolldown.rs/reference/OutputOptions.codeSplitting
build	Gate	2026-10-02T02:36:48.8155119Z - Adjust chunk size limit for this warning via build.chunkSizeWarningLimit.^[[39m
build	Gate	2026-10-02T02:36:48.8156308Z ^[[32m✓ built in 1.05s^[[39m
build	Gate	2026-10-02T02:36:48.9043008Z service worker: 44 assets precached, version b72a7b0bad39
build	Gate	2026-10-02T02:36:48.9709564Z   assets/index-BeR5PCz4.js                           181.2 kB gzip
build	Gate	2026-10-02T02:36:48.9711657Z   assets/Geometry-coEMng49.js                         20.8 kB gzip
build	Gate	2026-10-02T02:36:48.9712793Z   assets/Button-s_Cybpy_.js                           11.9 kB gzip
build	Gate	2026-10-02T02:36:48.9713814Z   assets/constants-DTgHfLDf.js                         0.9 kB gzip
build	Gate	2026-10-02T02:36:48.9714889Z   assets/state-D62ubXaV.js                             5.7 kB gzip
build	Gate	2026-10-02T02:36:48.9715857Z   assets/Filter-C-jCSOcL.js                           10.9 kB gzip
build	Gate	2026-10-02T02:36:48.9716478Z   assets/canvasUtils-BVPkC6ub.js                       2.0 kB gzip
build	Gate	2026-10-02T02:36:48.9717469Z   assets/Cache-DGqfkvRQ.js                             0.6 kB gzip
build	Gate	2026-10-02T02:36:48.9718558Z   assets/GCManagedHash-DqPcw2Gj.js                     6.2 kB gzip
build	Gate	2026-10-02T02:36:48.9719594Z   assets/RenderTargetSystem-CGVbkJQT.js               15.7 kB gzip
build	Gate	2026-10-02T02:36:48.9720833Z   assets/getTextureBatchBindGroup-Bt6AC8uX.js          0.3 kB gzip
build	Gate	2026-10-02T02:36:48.9721868Z   assets/GraphicsContext-DLmAmwc0.js                  19.9 kB gzip
build	Gate	2026-10-02T02:36:48.9723719Z   assets/CanvasPool-ccaPBm8-.js                        0.4 kB gzip
build	Gate	2026-10-02T02:36:48.9724436Z   assets/BufferResource-CZg6dyUf.js                    2.8 kB gzip
build	Gate	2026-10-02T02:36:48.9725123Z   TOTAL first-load JS                                279.3 kB gzip
build	Gate	2026-10-02T02:36:48.9725719Z   BUDGET                                             300.0 kB gzip
build	Gate	2026-10-02T02:36:48.9727249Z   (lazy chunks, not counted: BlackBox-WTU71T1U.js, Debrief-8Vdu7FiM.js, Dialog-BjBNccI1.js, Menu-7aNi8HFO.js, browserAll-DrFg1QDL.js, init-DnH_wx8r.js, plots-B7nIMu7j.js, uPlot.esm-C4ecZUO0.js, webworkerAll-DZ9jEbF-.js)
build	Gate	2026-10-02T02:36:48.9728755Z   assets/index-B0OT9yWl.css                            9.9 kB gzip (css)
build	Gate	2026-10-02T02:36:48.9729325Z   Inter-Regular-BVdEcXjD.woff2                        11.7 kB raw
build	Gate	2026-10-02T02:36:48.9730181Z   Inter-SemiBold-DlULF7c_.woff2                       12.2 kB raw
build	Gate	2026-10-02T02:36:48.9730809Z   InterTight-SemiBold-DJfiTN08.woff2                  10.8 kB raw
build	Gate	2026-10-02T02:36:48.9731317Z   JetBrainsMono-Medium-CMl9fZ9Q.woff2                 16.2 kB raw
build	Gate	2026-10-02T02:36:48.9746795Z   TOTAL fonts                                         50.9 kB raw
build	Gate	2026-10-02T02:36:48.9747505Z   FONT BUDGET                                         80.0 kB raw
build	Gate	2026-10-02T02:36:48.9748189Z   TOTAL audio                                          0.0 kB raw
build	Gate	2026-10-02T02:36:48.9749064Z   AUDIO BUDGET                                       250.0 kB raw
build	Gate	2026-10-02T02:36:48.9749518Z 
build	Gate	2026-10-02T02:36:48.9750287Z budget: OK — 279.3 kB of 300.0 kB JS
build	Gate	2026-10-02T02:36:48.9750913Z budget: OK — 50.9 kB of 80.0 kB fonts
build	Gate	2026-10-02T02:36:48.9751527Z budget: OK — 0.0 kB of 250.0 kB audio
build	Gate	2026-10-02T02:36:49.0174706Z entry graph: ok (14 first-load files, no uPlot or GSAP)
build	Gate	2026-10-02T02:36:49.1178243Z 
build	Gate	2026-10-02T02:36:49.1178915Z > starship-simulator-v2@0.1.0 test
build	Gate	2026-10-02T02:36:49.1179525Z > vitest run
build	Gate	2026-10-02T02:36:49.1180210Z 
build	Gate	2026-10-02T02:36:49.4474677Z 
build	Gate	2026-10-02T02:36:49.4478830Z ^[[1m^[[30m^[[46m RUN ^[[49m^[[39m^[[22m ^[[36mv4.1.11 ^[[39m^[[90m/home/runner/work/StarShipSimulator/StarShipSimulator^[[39m
build	Gate	2026-10-02T02:36:49.4479941Z 
build	Gate	2026-10-02T02:36:51.5819545Z Not implemented: HTMLCanvasElement's getContext() method: without installing the canvas npm package
build	Gate	2026-10-02T02:36:51.6087778Z Not implemented: HTMLCanvasElement's getContext() method: without installing the canvas npm package
build	Gate	2026-10-02T02:36:51.6641583Z Not implemented: HTMLCanvasElement's getContext() method: without installing the canvas npm package
build	Gate	2026-10-02T02:36:51.6841435Z Not implemented: HTMLCanvasElement's getContext() method: without installing the canvas npm package
build	Gate	2026-10-02T02:36:51.7081511Z Not implemented: HTMLCanvasElement's getContext() method: without installing the canvas npm package
build	Gate	2026-10-02T02:36:51.7244525Z Not implemented: HTMLCanvasElement's getContext() method: without installing the canvas npm package
build	Gate	2026-10-02T02:36:51.7431762Z Not implemented: HTMLCanvasElement's getContext() method: without installing the canvas npm package
build	Gate	2026-10-02T02:36:51.7598140Z Not implemented: HTMLCanvasElement's getContext() method: without installing the canvas npm package
build	Gate	2026-10-02T02:36:51.7752081Z Not implemented: HTMLCanvasElement's getContext() method: without installing the canvas npm package
build	Gate	2026-10-02T02:36:51.7787406Z Not implemented: HTMLCanvasElement's getContext() method: without installing the canvas npm package
build	Gate	2026-10-02T02:36:51.7894133Z Not implemented: HTMLCanvasElement's getContext() method: without installing the canvas npm package
build	Gate	2026-10-02T02:36:51.7939375Z Not implemented: HTMLCanvasElement's getContext() method: without installing the canvas npm package
build	Gate	2026-10-02T02:36:51.8112295Z Not implemented: HTMLCanvasElement's getContext() method: without installing the canvas npm package
build	Gate	2026-10-02T02:36:51.8162048Z  ^[[32m✓^[[39m ^[[30m^[[45m kit ^[[49m^[[39m src/ui/kit/BrickField/BrickField.test.tsx ^[[2m(^[[22m^[[2m15 tests^[[22m^[[2m)^[[22m^[[33m 421^[[2mms^[[22m^[[39m
build	Gate	2026-10-02T02:36:52.2108597Z  ^[[32m✓^[[39m ^[[30m^[[45m kit ^[[49m^[[39m src/ui/kit/ConfirmDialog/ConfirmDialog.test.tsx ^[[2m(^[[22m^[[2m7 tests^[[22m^[[2m)^[[22m^[[33m 727^[[2mms^[[22m^[[39m
build	Gate	2026-10-02T02:36:52.2111787Z    ^[[33m^[[2m✓^[[22m^[[39m queues requests, resolves each once, and preserves alert semantics ^[[33m 405^[[2mms^[[22m^[[39m
build	Gate	2026-10-02T02:36:53.6127107Z  ^[[32m✓^[[39m ^[[30m^[[45m kit ^[[49m^[[39m src/ui/kit/BrickField/brickMotion.test.ts ^[[2m(^[[22m^[[2m8 tests^[[22m^[[2m)^[[22m^[[32m 273^[[2mms^[[22m^[[39m
build	Gate	2026-10-02T02:36:53.7106958Z  ^[[32m✓^[[39m ^[[30m^[[45m kit ^[[49m^[[39m src/ui/kit/input/GamepadNavProvider.test.tsx ^[[2m(^[[22m^[[2m7 tests^[[22m^[[2m)^[[22m^[[33m 566^[[2mms^[[22m^[[39m
build	Gate	2026-10-02T02:36:53.8028318Z  ^[[32m✓^[[39m ^[[30m^[[45m kit ^[[49m^[[39m src/ui/kit/motion/useChipPanelMorph.test.tsx ^[[2m(^[[22m^[[2m7 tests^[[22m^[[2m)^[[22m^[[33m 2433^[[2mms^[[22m^[[39m
build	Gate	2026-10-02T02:36:53.8030949Z    ^[[33m^[[2m✓^[[22m^[[39m mounts at once, hands the frame to the shell and settles after the expansion ^[[33m 581^[[2mms^[[22m^[[39m
build	Gate	2026-10-02T02:36:53.8033040Z    ^[[33m^[[2m✓^[[22m^[[39m ends open and consistent after a rapid open, close, open ^[[33m 493^[[2mms^[[22m^[[39m
build	Gate	2026-10-02T02:36:53.8052021Z    ^[[33m^[[2m✓^[[22m^[[39m ends closed and unmounted after a rapid close, open, close ^[[33m 727^[[2mms^[[22m^[[39m
build	Gate	2026-10-02T02:36:53.8053833Z    ^[[33m^[[2m✓^[[22m^[[39m kills the motion when unmounted mid-flight ^[[33m 317^[[2mms^[[22m^[[39m
build	Gate	2026-10-02T02:36:55.2009563Z  ^[[32m✓^[[39m ^[[30m^[[45m kit ^[[49m^[[39m src/ui/kit/TransitionView/TransitionView.test.tsx ^[[2m(^[[22m^[[2m4 tests^[[22m^[[2m)^[[22m^[[32m 139^[[2mms^[[22m^[[39m
build	Gate	2026-10-02T02:36:55.5912100Z  ^[[32m✓^[[39m ^[[30m^[[45m kit ^[[49m^[[39m src/ui/kit/motion/effects.test.ts ^[[2m(^[[22m^[[2m7 tests^[[22m^[[2m)^[[22m^[[32m 265^[[2mms^[[22m^[[39m
build	Gate	2026-10-02T02:36:55.9258714Z  ^[[32m✓^[[39m ^[[30m^[[45m kit ^[[49m^[[39m src/ui/kit/NumberField/NumberField.test.tsx ^[[2m(^[[22m^[[2m6 tests^[[22m^[[2m)^[[22m^[[33m 480^[[2mms^[[22m^[[39m
build	Gate	2026-10-02T02:36:55.9302047Z      ^[[33m^[[2m✓^[[22m^[[39m keeps empty optional overrides distinct from zero without changing required-field behavior ^[[33m 359^[[2mms^[[22m^[[39m
build	Gate	2026-10-02T02:36:57.3561340Z  ^[[32m✓^[[39m ^[[30m^[[45m kit ^[[49m^[[39m src/ui/kit/input/InputOwnershipProvider.test.tsx ^[[2m(^[[22m^[[2m3 tests^[[22m^[[2m)^[[22m^[[32m 213^[[2mms^[[22m^[[39m
build	Gate	2026-10-02T02:36:57.4842036Z  ^[[32m✓^[[39m ^[[30m^[[45m kit ^[[49m^[[39m src/ui/kit/input/ownership.test.ts ^[[2m(^[[22m^[[2m16 tests^[[22m^[[2m)^[[22m^[[32m 25^[[2mms^[[22m^[[39m
build	Gate	2026-10-02T02:36:57.5377249Z  ^[[32m✓^[[39m ^[[30m^[[45m kit ^[[49m^[[39m src/ui/kit/LoadingState/LoadingState.test.tsx ^[[2m(^[[22m^[[2m4 tests^[[22m^[[2m)^[[22m^[[33m 561^[[2mms^[[22m^[[39m
build	Gate	2026-10-02T02:36:57.5391985Z    ^[[33m^[[2m✓^[[22m^[[39m renders valid measured progress and never derives unknown progress ^[[33m 353^[[2mms^[[22m^[[39m
build	Gate	2026-10-02T02:36:59.0399601Z  ^[[32m✓^[[39m ^[[30m^[[45m kit ^[[49m^[[39m src/ui/kit/BrickField/renderer.test.ts ^[[2m(^[[22m^[[2m3 tests^[[22m^[[2m)^[[22m^[[32m 11^[[2mms^[[22m^[[39m
build	Gate	2026-10-02T02:36:59.1503651Z  ^[[32m✓^[[39m ^[[30m^[[45m kit ^[[49m^[[39m src/ui/kit/motion/useMotionTimeline.test.tsx ^[[2m(^[[22m^[[2m3 tests^[[22m^[[2m)^[[22m^[[32m 40^[[2mms^[[22m^[[39m
build	Gate	2026-10-02T02:36:59.4867258Z  ^[[32m✓^[[39m ^[[30m^[[45m kit ^[[49m^[[39m src/ui/kit/Dialog/Dialog.test.tsx ^[[2m(^[[22m^[[2m2 tests^[[22m^[[2m)^[[22m^[[33m 344^[[2mms^[[22m^[[39m
build	Gate	2026-10-02T02:37:00.4507299Z  ^[[32m✓^[[39m ^[[30m^[[45m kit ^[[49m^[[39m src/ui/kit/BrickField/gpuTimer.test.ts ^[[2m(^[[22m^[[2m3 tests^[[22m^[[2m)^[[22m^[[32m 11^[[2mms^[[22m^[[39m
build	Gate	2026-10-02T02:37:01.1342218Z  ^[[32m✓^[[39m ^[[30m^[[45m kit ^[[49m^[[39m src/ui/kit/ConnectedMedia/ConnectedMedia.test.tsx ^[[2m(^[[22m^[[2m3 tests^[[22m^[[2m)^[[22m^[[33m 314^[[2mms^[[22m^[[39m
build	Gate	2026-10-02T02:37:01.2318310Z  ^[[32m✓^[[39m ^[[30m^[[45m kit ^[[49m^[[39m src/ui/kit/FieldStatus/FieldStatus.test.tsx ^[[2m(^[[22m^[[2m2 tests^[[22m^[[2m)^[[22m^[[32m 255^[[2mms^[[22m^[[39m
build	Gate	2026-10-02T02:37:02.5832541Z  ^[[32m✓^[[39m ^[[30m^[[45m kit ^[[49m^[[39m src/ui/kit/LoadingState/LoadingState.accessibility.test.tsx ^[[2m(^[[22m^[[2m1 test^[[22m^[[2m)^[[22m^[[33m 358^[[2mms^[[22m^[[39m
build	Gate	2026-10-02T02:37:02.5862096Z    ^[[33m^[[2m✓^[[22m^[[39m updates one stable live region immediately outside the keyed inert animation ^[[33m 354^[[2mms^[[22m^[[39m
build	Gate	2026-10-02T02:37:02.7812095Z  ^[[32m✓^[[39m ^[[30m^[[45m kit ^[[49m^[[39m src/ui/kit/InputLegend/InputLegend.test.tsx ^[[2m(^[[22m^[[2m2 tests^[[22m^[[2m)^[[22m^[[32m 72^[[2mms^[[22m^[[39m
build	Gate	2026-10-02T02:37:03.1539250Z  ^[[32m✓^[[39m ^[[30m^[[45m kit ^[[49m^[[39m src/ui/kit/SliderRow/SliderRow.test.tsx ^[[2m(^[[22m^[[2m2 tests^[[22m^[[2m)^[[22m^[[32m 252^[[2mms^[[22m^[[39m
build	Gate	2026-10-02T02:37:03.9847582Z  ^[[32m✓^[[39m ^[[30m^[[45m kit ^[[49m^[[39m src/ui/kit/styles/motion.test.ts ^[[2m(^[[22m^[[2m1 test^[[22m^[[2m)^[[22m^[[32m 5^[[2mms^[[22m^[[39m
build	Gate	2026-10-02T02:37:04.4481983Z  ^[[32m✓^[[39m ^[[30m^[[45m kit ^[[49m^[[39m src/ui/kit/Tile/Tile.test.tsx ^[[2m(^[[22m^[[2m1 test^[[22m^[[2m)^[[22m^[[32m 243^[[2mms^[[22m^[[39m
build	Gate	2026-10-02T02:37:04.8482651Z  ^[[32m✓^[[39m ^[[30m^[[45m kit ^[[49m^[[39m src/ui/kit/motion/useReducedMotion.test.tsx ^[[2m(^[[22m^[[2m1 test^[[22m^[[2m)^[[22m^[[32m 29^[[2mms^[[22m^[[39m
build	Gate	2026-10-02T02:37:05.7842128Z  ^[[32m✓^[[39m ^[[30m^[[45m kit ^[[49m^[[39m src/ui/kit/Button/Button.test.tsx ^[[2m(^[[22m^[[2m1 test^[[22m^[[2m)^[[22m^[[32m 233^[[2mms^[[22m^[[39m
build	Gate	2026-10-02T02:37:06.3706484Z  ^[[32m✓^[[39m ^[[30m^[[45m kit ^[[49m^[[39m src/ui/kit/FormRow/FormRow.test.tsx ^[[2m(^[[22m^[[2m2 tests^[[22m^[[2m)^[[22m^[[32m 265^[[2mms^[[22m^[[39m
build	Gate	2026-10-02T02:37:06.7409787Z  ^[[32m✓^[[39m ^[[30m^[[45m kit ^[[49m^[[39m src/ui/kit/Toggle/Toggle.test.tsx ^[[2m(^[[22m^[[2m1 test^[[22m^[[2m)^[[22m^[[32m 240^[[2mms^[[22m^[[39m
build	Gate	2026-10-02T02:37:07.5542695Z  ^[[32m✓^[[39m ^[[30m^[[45m kit ^[[49m^[[39m src/ui/kit/TabStrip/TabStrip.test.tsx ^[[2m(^[[22m^[[2m1 test^[[22m^[[2m)^[[22m^[[32m 202^[[2mms^[[22m^[[39m
build	Gate	2026-10-02T02:37:08.1032040Z  ^[[32m✓^[[39m ^[[30m^[[45m kit ^[[49m^[[39m src/ui/kit/internal/utils.test.ts ^[[2m(^[[22m^[[2m1 test^[[22m^[[2m)^[[22m^[[32m 12^[[2mms^[[22m^[[39m
build	Gate	2026-10-02T02:37:08.4407858Z  ^[[32m✓^[[39m ^[[30m^[[42m unit ^[[49m^[[39m tests/core/autopilot-stages.test.ts ^[[2m(^[[22m^[[2m40 tests^[[22m^[[2m)^[[22m^[[32m 60^[[2mms^[[22m^[[39m
build	Gate	2026-10-02T02:37:08.5043706Z  ^[[32m✓^[[39m ^[[30m^[[45m kit ^[[49m^[[39m src/ui/kit/public-api.test.ts ^[[2m(^[[22m^[[2m1 test^[[22m^[[2m)^[[22m^[[32m 4^[[2mms^[[22m^[[39m
build	Gate	2026-10-02T02:37:08.7132049Z  ^[[32m✓^[[39m ^[[30m^[[42m unit ^[[49m^[[39m tests/golden/unification.test.ts ^[[2m(^[[22m^[[2m10 tests^[[22m^[[2m)^[[22m^[[32m 18^[[2mms^[[22m^[[39m
build	Gate	2026-10-02T02:37:08.9662247Z  ^[[32m✓^[[39m ^[[30m^[[42m unit ^[[49m^[[39m tests/core/control-contracts.test.ts ^[[2m(^[[22m^[[2m37 tests^[[22m^[[2m)^[[22m^[[32m 184^[[2mms^[[22m^[[39m
build	Gate	2026-10-02T02:37:13.2289088Z  ^[[32m✓^[[39m ^[[30m^[[42m unit ^[[49m^[[39m tests/view/particles.test.ts ^[[2m(^[[22m^[[2m45 tests^[[22m^[[2m)^[[22m^[[33m 3531^[[2mms^[[22m^[[39m
build	Gate	2026-10-02T02:37:13.2291402Z      ^[[33m^[[2m✓^[[22m^[[39m THE LEAK: ten thousand engine shutdowns add nothing ^[[33m 2841^[[2mms^[[22m^[[39m
build	Gate	2026-10-02T02:37:17.8406433Z  ^[[32m✓^[[39m ^[[30m^[[42m unit ^[[49m^[[39m tests/hud/trajectory.test.ts ^[[2m(^[[22m^[[2m39 tests^[[22m^[[2m)^[[22m^[[33m 4375^[[2mms^[[22m^[[39m
build	Gate	2026-10-02T02:37:17.8431129Z      ^[[33m^[[2m✓^[[22m^[[39m launch-pad-takeoff ^[[33m 765^[[2mms^[[22m^[[39m
build	Gate	2026-10-02T02:37:17.8441241Z      ^[[33m^[[2m✓^[[22m^[[39m booster-sep-boostback ^[[33m 950^[[2mms^[[22m^[[39m
build	Gate	2026-10-02T02:37:17.8461259Z      ^[[33m^[[2m✓^[[22m^[[39m rtls-boostback ^[[33m 630^[[2mms^[[22m^[[39m
build	Gate	2026-10-02T02:37:17.8504492Z      ^[[33m^[[2m✓^[[22m^[[39m reentry-autoland ^[[33m 815^[[2mms^[[22m^[[39m
build	Gate	2026-10-02T02:37:17.8530775Z      ^[[33m^[[2m✓^[[22m^[[39m before-flip-autoland ^[[33m 571^[[2mms^[[22m^[[39m
build	Gate	2026-10-02T02:37:18.0732419Z  ^[[32m✓^[[39m ^[[30m^[[42m unit ^[[49m^[[39m tests/core/named-branches.test.ts ^[[2m(^[[22m^[[2m17 tests^[[22m^[[2m)^[[22m^[[32m 43^[[2mms^[[22m^[[39m
build	Gate	2026-10-02T02:37:18.5065301Z  ^[[32m✓^[[39m ^[[30m^[[42m unit ^[[49m^[[39m tests/core/camera.test.ts ^[[2m(^[[22m^[[2m100 tests^[[22m^[[2m)^[[22m^[[33m 10428^[[2mms^[[22m^[[39m
build	Gate	2026-10-02T02:37:18.5067025Z      ^[[33m^[[2m✓^[[22m^[[39m launch-pad-takeoff ^[[33m 326^[[2mms^[[22m^[[39m
build	Gate	2026-10-02T02:37:18.5068382Z      ^[[33m^[[2m✓^[[22m^[[39m before-flip-autoland ^[[33m 624^[[2mms^[[22m^[[39m
build	Gate	2026-10-02T02:37:18.5069627Z      ^[[33m^[[2m✓^[[22m^[[39m launch-pad-takeoff in pad ^[[33m 301^[[2mms^[[22m^[[39m
build	Gate	2026-10-02T02:37:18.5071206Z      ^[[33m^[[2m✓^[[22m^[[39m launch-pad-takeoff in onboard ^[[33m 307^[[2mms^[[22m^[[39m
build	Gate	2026-10-02T02:37:18.5072495Z      ^[[33m^[[2m✓^[[22m^[[39m booster-sep-boostback in pad ^[[33m 402^[[2mms^[[22m^[[39m
build	Gate	2026-10-02T02:37:18.5074317Z      ^[[33m^[[2m✓^[[22m^[[39m booster-sep-boostback in chase ^[[33m 373^[[2mms^[[22m^[[39m
build	Gate	2026-10-02T02:37:18.5075665Z      ^[[33m^[[2m✓^[[22m^[[39m booster-sep-boostback in onboard ^[[33m 371^[[2mms^[[22m^[[39m
build	Gate	2026-10-02T02:37:18.5076906Z      ^[[33m^[[2m✓^[[22m^[[39m rtls-boostback in pad ^[[33m 406^[[2mms^[[22m^[[39m
build	Gate	2026-10-02T02:37:18.5078067Z      ^[[33m^[[2m✓^[[22m^[[39m rtls-boostback in chase ^[[33m 342^[[2mms^[[22m^[[39m
build	Gate	2026-10-02T02:37:18.5079250Z      ^[[33m^[[2m✓^[[22m^[[39m rtls-boostback in onboard ^[[33m 368^[[2mms^[[22m^[[39m
build	Gate	2026-10-02T02:37:18.5080690Z      ^[[33m^[[2m✓^[[22m^[[39m reentry-autoland in pad ^[[33m 465^[[2mms^[[22m^[[39m
build	Gate	2026-10-02T02:37:18.5081893Z      ^[[33m^[[2m✓^[[22m^[[39m reentry-autoland in chase ^[[33m 550^[[2mms^[[22m^[[39m
build	Gate	2026-10-02T02:37:18.5083116Z      ^[[33m^[[2m✓^[[22m^[[39m reentry-autoland in onboard ^[[33m 540^[[2mms^[[22m^[[39m
build	Gate	2026-10-02T02:37:18.5084356Z      ^[[33m^[[2m✓^[[22m^[[39m before-flip-autoland in pad ^[[33m 658^[[2mms^[[22m^[[39m
build	Gate	2026-10-02T02:37:18.5085606Z      ^[[33m^[[2m✓^[[22m^[[39m before-flip-autoland in chase ^[[33m 648^[[2mms^[[22m^[[39m
build	Gate	2026-10-02T02:37:18.5087241Z      ^[[33m^[[2m✓^[[22m^[[39m before-flip-autoland in onboard ^[[33m 649^[[2mms^[[22m^[[39m
build	Gate	2026-10-02T02:37:18.7344222Z  ^[[32m✓^[[39m ^[[30m^[[42m unit ^[[49m^[[39m tests/audio/engine.test.ts ^[[2m(^[[22m^[[2m31 tests^[[22m^[[2m)^[[22m^[[33m 341^[[2mms^[[22m^[[39m
build	Gate	2026-10-02T02:37:20.1662252Z  ^[[32m✓^[[39m ^[[30m^[[42m unit ^[[49m^[[39m tests/core/domain-edges.test.ts ^[[2m(^[[22m^[[2m28 tests^[[22m^[[2m)^[[22m^[[33m 1369^[[2mms^[[22m^[[39m
build	Gate	2026-10-02T02:37:20.1664475Z      ^[[33m^[[2m✓^[[22m^[[39m and getAttackAngles really does wrap into [-pi, pi] ^[[33m 866^[[2mms^[[22m^[[39m
build	Gate	2026-10-02T02:37:20.4498185Z  ^[[32m✓^[[39m ^[[30m^[[42m unit ^[[49m^[[39m tests/core/isa.test.ts ^[[2m(^[[22m^[[2m30 tests^[[22m^[[2m)^[[22m^[[32m 92^[[2mms^[[22m^[[39m
build	Gate	2026-10-02T02:37:31.1501057Z  ^[[32m✓^[[39m ^[[30m^[[42m unit ^[[49m^[[39m tests/hud/debrief.test.ts ^[[2m(^[[22m^[[2m51 tests^[[22m^[[2m)^[[22m^[[33m 10452^[[2mms^[[22m^[[39m
build	Gate	2026-10-02T02:37:31.1521115Z      ^[[33m^[[2m✓^[[22m^[[39m launch-pad-takeoff ^[[33m 346^[[2mms^[[22m^[[39m
build	Gate	2026-10-02T02:37:31.1548973Z      ^[[33m^[[2m✓^[[22m^[[39m booster-sep-boostback ^[[33m 338^[[2mms^[[22m^[[39m
build	Gate	2026-10-02T02:37:31.1580846Z      ^[[33m^[[2m✓^[[22m^[[39m rtls-boostback ^[[33m 319^[[2mms^[[22m^[[39m
build	Gate	2026-10-02T02:37:31.1624109Z      ^[[33m^[[2m✓^[[22m^[[39m before-flip-autoland ^[[33m 513^[[2mms^[[22m^[[39m
build	Gate	2026-10-02T02:37:31.1642035Z      ^[[33m^[[2m✓^[[22m^[[39m before-flip-autoland ^[[33m 335^[[2mms^[[22m^[[39m
build	Gate	2026-10-02T02:37:31.1651233Z      ^[[33m^[[2m✓^[[22m^[[39m reentry-autoland ^[[33m 301^[[2mms^[[22m^[[39m
build	Gate	2026-10-02T02:37:31.1652443Z      ^[[33m^[[2m✓^[[22m^[[39m before-flip-autoland ^[[33m 947^[[2mms^[[22m^[[39m
build	Gate	2026-10-02T02:37:31.1653665Z      ^[[33m^[[2m✓^[[22m^[[39m launch-pad-takeoff ^[[33m 345^[[2mms^[[22m^[[39m
build	Gate	2026-10-02T02:37:31.1654976Z      ^[[33m^[[2m✓^[[22m^[[39m booster-sep-boostback ^[[33m 459^[[2mms^[[22m^[[39m
build	Gate	2026-10-02T02:37:31.1656126Z      ^[[33m^[[2m✓^[[22m^[[39m rtls-boostback ^[[33m 438^[[2mms^[[22m^[[39m
build	Gate	2026-10-02T02:37:31.1657225Z      ^[[33m^[[2m✓^[[22m^[[39m reentry-autoland ^[[33m 600^[[2mms^[[22m^[[39m
build	Gate	2026-10-02T02:37:31.1658472Z      ^[[33m^[[2m✓^[[22m^[[39m before-flip-autoland ^[[33m 1060^[[2mms^[[22m^[[39m
build	Gate	2026-10-02T02:37:31.1659644Z      ^[[33m^[[2m✓^[[22m^[[39m reentry-autoland ^[[33m 344^[[2mms^[[22m^[[39m
build	Gate	2026-10-02T02:37:31.1661039Z      ^[[33m^[[2m✓^[[22m^[[39m before-flip-autoland ^[[33m 557^[[2mms^[[22m^[[39m
build	Gate	2026-10-02T02:37:33.9606592Z  ^[[32m✓^[[39m ^[[30m^[[42m unit ^[[49m^[[39m tests/view/dynamic-pressure.test.ts ^[[2m(^[[22m^[[2m19 tests^[[22m^[[2m)^[[22m^[[32m 47^[[2mms^[[22m^[[39m
build	Gate	2026-10-02T02:37:34.2672773Z  ^[[32m✓^[[39m ^[[30m^[[42m unit ^[[49m^[[39m tests/view/stars.test.ts ^[[2m(^[[22m^[[2m24 tests^[[22m^[[2m)^[[22m^[[32m 34^[[2mms^[[22m^[[39m
build	Gate	2026-10-02T02:37:34.5372257Z  ^[[32m✓^[[39m ^[[30m^[[42m unit ^[[49m^[[39m tests/view/sun.test.ts ^[[2m(^[[22m^[[2m33 tests^[[22m^[[2m)^[[22m^[[32m 41^[[2mms^[[22m^[[39m
build	Gate	2026-10-02T02:37:35.0415874Z  ^[[32m✓^[[39m ^[[30m^[[42m unit ^[[49m^[[39m tests/app/view-clock.test.ts ^[[2m(^[[22m^[[2m40 tests^[[22m^[[2m)^[[22m^[[33m 16068^[[2mms^[[22m^[[39m
build	Gate	2026-10-02T02:37:35.0417955Z      ^[[33m^[[2m✓^[[22m^[[39m reentry-autoland, with frames dropping ^[[33m 322^[[2mms^[[22m^[[39m
build	Gate	2026-10-02T02:37:35.0420147Z      ^[[33m^[[2m✓^[[22m^[[39m before-flip-autoland, with frames dropping ^[[33m 687^[[2mms^[[22m^[[39m
build	Gate	2026-10-02T02:37:35.0421712Z      ^[[33m^[[2m✓^[[22m^[[39m before-flip-autoland, at 9x warp ^[[33m 541^[[2mms^[[22m^[[39m
build	Gate	2026-10-02T02:37:35.0423017Z      ^[[33m^[[2m✓^[[22m^[[39m reentry-autoland, at 1/9 speed ^[[33m 339^[[2mms^[[22m^[[39m
build	Gate	2026-10-02T02:37:35.0424342Z      ^[[33m^[[2m✓^[[22m^[[39m before-flip-autoland, at 1/9 speed ^[[33m 564^[[2mms^[[22m^[[39m
build	Gate	2026-10-02T02:37:35.0426167Z      ^[[33m^[[2m✓^[[22m^[[39m launch-pad-takeoff lands the camera on the same metre at 60 fps, with stalls, and at 9x ^[[33m 636^[[2mms^[[22m^[[39m
build	Gate	2026-10-02T02:37:35.0427554Z      ^[[33m^[[2m✓^[[22m^[[39m booster-sep-boostback lands the camera on the same metre at 60 fps, with stalls, and at 9x ^[[33m 735^[[2mms^[[22m^[[39m
build	Gate	2026-10-02T02:37:35.0428748Z      ^[[33m^[[2m✓^[[22m^[[39m rtls-boostback lands the camera on the same metre at 60 fps, with stalls, and at 9x ^[[33m 642^[[2mms^[[22m^[[39m
build	Gate	2026-10-02T02:37:35.0430218Z      ^[[33m^[[2m✓^[[22m^[[39m reentry-autoland lands the camera on the same metre at 60 fps, with stalls, and at 9x ^[[33m 982^[[2mms^[[22m^[[39m
build	Gate	2026-10-02T02:37:35.0431860Z      ^[[33m^[[2m✓^[[22m^[[39m before-flip-autoland lands the camera on the same metre at 60 fps, with stalls, and at 9x ^[[33m 1351^[[2mms^[[22m^[[39m
build	Gate	2026-10-02T02:37:35.0432916Z      ^[[33m^[[2m✓^[[22m^[[39m the wall clock loses the vehicle when frames drop ^[[33m 933^[[2mms^[[22m^[[39m
build	Gate	2026-10-02T02:37:35.0433880Z      ^[[33m^[[2m✓^[[22m^[[39m the wall clock loses it at 9x warp, failing the other way round ^[[33m 1302^[[2mms^[[22m^[[39m
build	Gate	2026-10-02T02:37:35.0434871Z      ^[[33m^[[2m✓^[[22m^[[39m and simulated time once per FRAME is better, but still not enough ^[[33m 1281^[[2mms^[[22m^[[39m
build	Gate	2026-10-02T02:37:35.0435881Z      ^[[33m^[[2m✓^[[22m^[[39m all three agree when nothing goes wrong, which is why this survived ^[[33m 2402^[[2mms^[[22m^[[39m
build	Gate	2026-10-02T02:37:37.0123105Z Not implemented: HTMLCanvasElement's getContext() method: without installing the canvas npm package
build	Gate	2026-10-02T02:37:37.4489310Z  ^[[32m✓^[[39m ^[[30m^[[42m unit ^[[49m^[[39m tests/proofs/trig-collapse.test.ts ^[[2m(^[[22m^[[2m23 tests^[[22m^[[2m)^[[22m^[[33m 2159^[[2mms^[[22m^[[39m
build	Gate	2026-10-02T02:37:37.4511524Z      ^[[33m^[[2m✓^[[22m^[[39m 'verticalDrag = -cos(x)' ^[[33m 346^[[2mms^[[22m^[[39m
build	Gate	2026-10-02T02:37:37.4545110Z      ^[[33m^[[2m✓^[[22m^[[39m 'verticalThrust = cos(x)' ^[[33m 305^[[2mms^[[22m^[[39m
build	Gate	2026-10-02T02:37:39.7003735Z  ^[[32m✓^[[39m ^[[30m^[[42m unit ^[[49m^[[39m tests/ui/shell/Menu.test.tsx ^[[2m(^[[22m^[[2m22 tests^[[22m^[[2m)^[[22m^[[33m 2333^[[2mms^[[22m^[[39m
build	Gate	2026-10-02T02:37:39.7031349Z      ^[[33m^[[2m✓^[[22m^[[39m opens on the menu layer only ^[[33m 368^[[2mms^[[22m^[[39m
build	Gate	2026-10-02T02:37:40.7752493Z ^[[90mstdout^[[2m | tests/hud/prediction.test.ts^[[2m > ^[[22m^[[2mthe claim, tested against itself^[[2m > ^[[22m^[[2ma genuinely unpowered fall lands near where it was predicted to
build	Gate	2026-10-02T02:37:40.7781394Z ^[[22m^[[39munpowered drop · fell 0.2 km · predicted -0.00 km in 3.4 s · actual 0.00 km in 3.4 s · error 0.00 km
build	Gate	2026-10-02T02:37:40.7810158Z 
build	Gate	2026-10-02T02:37:40.9002637Z ^[[90mstdout^[[2m | tests/hud/prediction.test.ts^[[2m > ^[[22m^[[2mthe claim, tested against itself^[[2m > ^[[22m^[[2mreports how wrong it is from high altitude, where the model is weakest
build	Gate	2026-10-02T02:37:40.9011353Z ^[[22m^[[39mfrom 40 km unpowered · predicted 11.9 km in 95 s · actual 20.2 km in 101 s · error 8.3 km
build	Gate	2026-10-02T02:37:40.9040246Z 
build	Gate	2026-10-02T02:37:41.2203892Z ^[[90mstdout^[[2m | tests/hud/prediction.test.ts^[[2m > ^[[22m^[[2mthe error against seven real flights^[[2m > ^[[22m^[[2mbefore-flip-autoland converges as the ground approaches
build	Gate	2026-10-02T02:37:41.2206516Z ^[[22m^[[39mbefore-flip-autoland: touchdown at 0.00 km · at 1.0 km up, error 0.10 km · at 28 m up, error 0 m
build	Gate	2026-10-02T02:37:41.2210527Z 
build	Gate	2026-10-02T02:37:41.2383209Z ^[[90mstdout^[[2m | tests/hud/prediction.test.ts^[[2m > ^[[22m^[[2mthe error against seven real flights^[[2m > ^[[22m^[[2mlanding-burn-autoland converges as the ground approaches
build	Gate	2026-10-02T02:37:41.2386578Z ^[[22m^[[39mlanding-burn-autoland: touchdown at 0.00 km · at 0.2 km up, error 0.00 km · at 26 m up, error 0 m
build	Gate	2026-10-02T02:37:41.2388204Z 
build	Gate	2026-10-02T02:37:41.2557598Z ^[[90mstdout^[[2m | tests/hud/prediction.test.ts^[[2m > ^[[22m^[[2mthe error against seven real flights^[[2m > ^[[22m^[[2mintro-demo converges as the ground approaches
build	Gate	2026-10-02T02:37:41.2561094Z ^[[22m^[[39mintro-demo: touchdown at 0.00 km · at 0.2 km up, error 0.00 km · at 25 m up, error 0 m
build	Gate	2026-10-02T02:37:41.2562116Z 
build	Gate	2026-10-02T02:37:41.2578790Z  ^[[32m✓^[[39m ^[[30m^[[42m unit ^[[49m^[[39m tests/hud/prediction.test.ts ^[[2m(^[[22m^[[2m13 tests^[[22m^[[2m)^[[22m^[[33m 3533^[[2mms^[[22m^[[39m
build	Gate	2026-10-02T02:37:41.2581153Z      ^[[33m^[[2m✓^[[22m^[[39m never returns a non-finite number to a caller ^[[33m 2980^[[2mms^[[22m^[[39m
build	Gate	2026-10-02T02:37:41.2583035Z      ^[[33m^[[2m✓^[[22m^[[39m before-flip-autoland converges as the ground approaches ^[[33m 319^[[2mms^[[22m^[[39m
build	Gate	2026-10-02T02:37:41.8497588Z  ^[[32m✓^[[39m ^[[30m^[[42m unit ^[[49m^[[39m tests/view/clouds.test.ts ^[[2m(^[[22m^[[2m18 tests^[[22m^[[2m)^[[22m^[[33m 1374^[[2mms^[[22m^[[39m
build	Gate	2026-10-02T02:37:41.8499157Z      ^[[33m^[[2m✓^[[22m^[[39m is continuous and monotonic through the crossing ^[[33m 957^[[2mms^[[22m^[[39m
build	Gate	2026-10-02T02:37:43.0876336Z Not implemented: HTMLCanvasElement's getContext() method: without installing the canvas npm package
build	Gate	2026-10-02T02:37:44.5675110Z  ^[[32m✓^[[39m ^[[30m^[[42m unit ^[[49m^[[39m tests/ui/shell/Controls.test.tsx ^[[2m(^[[22m^[[2m17 tests^[[22m^[[2m)^[[22m^[[33m 1255^[[2mms^[[22m^[[39m
build	Gate	2026-10-02T02:37:44.5677221Z      ^[[33m^[[2m✓^[[22m^[[39m renders every control this surface owns ^[[33m 380^[[2mms^[[22m^[[39m
build	Gate	2026-10-02T02:37:45.4354161Z  ^[[32m✓^[[39m ^[[30m^[[42m unit ^[[49m^[[39m tests/hud/timeline.test.ts ^[[2m(^[[22m^[[2m29 tests^[[22m^[[2m)^[[22m^[[33m 3358^[[2mms^[[22m^[[39m
build	Gate	2026-10-02T02:37:45.4357433Z      ^[[33m^[[2m✓^[[22m^[[39m 'booster-sep-boostback' fires its events in order, flown live ^[[33m 327^[[2mms^[[22m^[[39m
build	Gate	2026-10-02T02:37:45.4359625Z      ^[[33m^[[2m✓^[[22m^[[39m 'before-flip-autoland' fires its events in order, flown live ^[[33m 695^[[2mms^[[22m^[[39m
build	Gate	2026-10-02T02:37:45.9015282Z  ^[[32m✓^[[39m ^[[30m^[[42m unit ^[[49m^[[39m tests/ui/menu.test.ts ^[[2m(^[[22m^[[2m25 tests^[[22m^[[2m)^[[22m^[[32m 195^[[2mms^[[22m^[[39m
build	Gate	2026-10-02T02:37:47.3892234Z  ^[[32m✓^[[39m ^[[30m^[[42m unit ^[[49m^[[39m tests/view/distant-earth.test.ts ^[[2m(^[[22m^[[2m23 tests^[[22m^[[2m)^[[22m^[[33m 2149^[[2mms^[[22m^[[39m
build	Gate	2026-10-02T02:37:47.3894321Z      ^[[33m^[[2m✓^[[22m^[[39m before-flip-autoland stays readable ^[[33m 663^[[2mms^[[22m^[[39m
build	Gate	2026-10-02T02:37:47.6950660Z  ^[[32m✓^[[39m ^[[30m^[[42m unit ^[[49m^[[39m tests/core/mass.test.ts ^[[2m(^[[22m^[[2m20 tests^[[22m^[[2m)^[[22m^[[32m 150^[[2mms^[[22m^[[39m
build	Gate	2026-10-02T02:37:49.1891961Z  ^[[32m✓^[[39m ^[[30m^[[42m unit ^[[49m^[[39m tests/ui/blackbox.test.ts ^[[2m(^[[22m^[[2m22 tests^[[22m^[[2m)^[[22m^[[33m 828^[[2mms^[[22m^[[39m
build	Gate	2026-10-02T02:37:49.1901381Z      ^[[33m^[[2m✓^[[22m^[[39m round-trips every sample of a real flight, bit for bit ^[[33m 784^[[2mms^[[22m^[[39m
build	Gate	2026-10-02T02:37:51.1467195Z  ^[[32m✓^[[39m ^[[30m^[[42m unit ^[[49m^[[39m tests/core/guidance-physics.test.ts ^[[2m(^[[22m^[[2m24 tests^[[22m^[[2m)^[[22m^[[33m 1683^[[2mms^[[22m^[[39m
build	Gate	2026-10-02T02:37:51.1481859Z      ^[[33m^[[2m✓^[[22m^[[39m rises with descent speed and with mass on one engine, the ladder's usual plan (property) ^[[33m 322^[[2mms^[[22m^[[39m
build	Gate	2026-10-02T02:37:51.1483558Z      ^[[33m^[[2m✓^[[22m^[[39m re-entering from 70 km ^[[33m 388^[[2mms^[[22m^[[39m
build	Gate	2026-10-02T02:38:05.9087468Z  ^[[32m✓^[[39m ^[[30m^[[42m unit ^[[49m^[[39m tests/core/orbit-demo.test.ts ^[[2m(^[[22m^[[2m31 tests^[[22m^[[2m)^[[22m^[[33m 43187^[[2mms^[[22m^[[39m
build	Gate	2026-10-02T02:38:05.9089588Z      ^[[33m^[[2m✓^[[22m^[[39m a 150 km orbit holds for a full 88-minute lap ^[[33m 4837^[[2mms^[[22m^[[39m
build	Gate	2026-10-02T02:38:05.9091776Z      ^[[33m^[[2m✓^[[22m^[[39m and 100 km still does not — which is why the presets are at 150 ^[[33m 2640^[[2mms^[[22m^[[39m
build	Gate	2026-10-02T02:38:05.9093346Z      ^[[33m^[[2m✓^[[22m^[[39m is deterministic — the same flight twice ^[[33m 4750^[[2mms^[[22m^[[39m
build	Gate	2026-10-02T02:38:05.9094925Z      ^[[33m^[[2m✓^[[22m^[[39m from a different starting longitude — half a lap further round ^[[33m 8866^[[2mms^[[22m^[[39m
build	Gate	2026-10-02T02:38:05.9096411Z      ^[[33m^[[2m✓^[[22m^[[39m 100 tonnes lighter at ignition ^[[33m 5051^[[2mms^[[22m^[[39m
build	Gate	2026-10-02T02:38:05.9098750Z      ^[[33m^[[2m✓^[[22m^[[39m with an engine already failed, so the burn is a third longer ^[[33m 4734^[[2mms^[[22m^[[39m
build	Gate	2026-10-02T02:38:05.9100528Z      ^[[33m^[[2m✓^[[22m^[[39m from 120 km, below the presets ^[[33m 4521^[[2mms^[[22m^[[39m
build	Gate	2026-10-02T02:38:05.9102035Z      ^[[33m^[[2m✓^[[22m^[[39m from 300 km it still lands, but the envelope is showing ^[[33m 4259^[[2mms^[[22m^[[39m
build	Gate	2026-10-02T02:38:05.9103661Z      ^[[33m^[[2m✓^[[22m^[[39m spends the coast turning around, because RCS is slow ^[[33m 1742^[[2mms^[[22m^[[39m
build	Gate	2026-10-02T02:38:05.9105230Z      ^[[33m^[[2m✓^[[22m^[[39m does not fire until the ground track is right ^[[33m 1734^[[2mms^[[22m^[[39m
build	Gate	2026-10-02T02:38:06.7517680Z  ^[[32m✓^[[39m ^[[30m^[[42m unit ^[[49m^[[39m tests/core/loop.test.ts ^[[2m(^[[22m^[[2m24 tests^[[22m^[[2m)^[[22m^[[33m 610^[[2mms^[[22m^[[39m
build	Gate	2026-10-02T02:38:06.7520252Z      ^[[33m^[[2m✓^[[22m^[[39m 60 fps and 30 fps reach the identical state after the same simulated time ^[[33m 387^[[2mms^[[22m^[[39m
build	Gate	2026-10-02T02:38:06.9296339Z  ^[[32m✓^[[39m ^[[30m^[[42m unit ^[[49m^[[39m tests/core/analytic-laws.test.ts ^[[2m(^[[22m^[[2m14 tests^[[22m^[[2m)^[[22m^[[32m 8^[[2mms^[[22m^[[39m
build	Gate	2026-10-02T02:38:07.5019449Z  ^[[32m✓^[[39m ^[[30m^[[42m unit ^[[49m^[[39m tests/hud/metrics.test.ts ^[[2m(^[[22m^[[2m22 tests^[[22m^[[2m)^[[22m^[[32m 297^[[2mms^[[22m^[[39m
build	Gate	2026-10-02T02:38:07.7810469Z  ^[[32m✓^[[39m ^[[30m^[[42m unit ^[[49m^[[39m tests/core/physical-scale.test.ts ^[[2m(^[[22m^[[2m20 tests^[[22m^[[2m)^[[22m^[[32m 18^[[2mms^[[22m^[[39m
build	Gate	2026-10-02T02:38:10.0008054Z  ^[[32m✓^[[39m ^[[30m^[[42m unit ^[[49m^[[39m tests/view/plume.test.ts ^[[2m(^[[22m^[[2m13 tests^[[22m^[[2m)^[[22m^[[33m 1537^[[2mms^[[22m^[[39m
build	Gate	2026-10-02T02:38:10.0010426Z      ^[[33m^[[2m✓^[[22m^[[39m reports the range each flight puts the plume through ^[[33m 1457^[[2mms^[[22m^[[39m
build	Gate	2026-10-02T02:38:11.4464328Z ^[[90mstdout^[[2m | tests/audio/vacuum.test.ts^[[2m > ^[[22m^[[2mthe two fades differ, and that IS the milestone^[[2m > ^[[22m^[[2mreaches the floor by 50 km, over the real atmosphere model
build	Gate	2026-10-02T02:38:11.4470160Z ^[[22m^[[39mabove 50 km · at 70 km: aero 2.21e-3, engine air 0.2490
build	Gate	2026-10-02T02:38:11.4471092Z 
build	Gate	2026-10-02T02:38:11.6291921Z ^[[90mstdout^[[2m | tests/audio/vacuum.test.ts^[[2m > ^[[22m^[[2mthe two fades differ, and that IS the milestone^[[2m > ^[[22m^[[2mthe airflow is loud where the flight is fast and low
build	Gate	2026-10-02T02:38:11.6296200Z ^[[22m^[[39mlaunch: peak airflow 0.689 at 5.5 km
build	Gate	2026-10-02T02:38:11.6297012Z 
build	Gate	2026-10-02T02:38:11.8433982Z ^[[90mstdout^[[2m | tests/audio/vacuum.test.ts^[[2m > ^[[22m^[[2mthe re-entry golden, rendered as it climbs out^[[2m > ^[[22m^[[2mthe level falls as the air does
build	Gate	2026-10-02T02:38:11.8440549Z ^[[22m^[[39m70 km -> RMS 0.00023 · 109 km -> RMS 0.02862 · 134 km -> RMS 0.02841
build	Gate	2026-10-02T02:38:11.8441361Z 
build	Gate	2026-10-02T02:38:11.8705743Z ^[[90mstdout^[[2m | tests/audio/vacuum.test.ts^[[2m > ^[[22m^[[2mthe re-entry golden, rendered as it climbs out^[[2m > ^[[22m^[[2mthe same vehicle is measurably louder in air than in vacuum
build	Gate	2026-10-02T02:38:11.8707814Z ^[[22m^[[39msame vehicle · in air RMS 0.13151 · in vacuum RMS 0.02820
build	Gate	2026-10-02T02:38:11.8708667Z 
build	Gate	2026-10-02T02:38:11.8802129Z  ^[[32m✓^[[39m ^[[30m^[[42m unit ^[[49m^[[39m tests/audio/vacuum.test.ts ^[[2m(^[[22m^[[2m11 tests^[[22m^[[2m)^[[22m^[[33m 1563^[[2mms^[[22m^[[39m
build	Gate	2026-10-02T02:38:11.8841621Z      ^[[33m^[[2m✓^[[22m^[[39m reaches the floor by 50 km, over the real atmosphere model ^[[33m 1131^[[2mms^[[22m^[[39m
build	Gate	2026-10-02T02:38:12.2314971Z  ^[[32m✓^[[39m ^[[30m^[[42m unit ^[[49m^[[39m tests/core/fin-fraction.test.ts ^[[2m(^[[22m^[[2m11 tests^[[22m^[[2m)^[[22m^[[32m 85^[[2mms^[[22m^[[39m
build	Gate	2026-10-02T02:38:13.7437765Z ^[[90mstdout^[[2m | tests/view/perf.test.ts^[[2m > ^[[22m^[[2mparticle pool headroom, with the velocity streaks added^[[2m > ^[[22m^[[2mreports peak usage across all seven scenarios against the 576 baseline
build	Gate	2026-10-02T02:38:13.7496003Z ^[[22m^[[39mlaunch-pad-takeoff: peak 735 · booster-sep-boostback: peak 491 · rtls-boostback: peak 544 · reentry-autoland: peak 602 · before-flip-autoland: peak 631 · landing-burn-autoland: peak 636 · landing-burn-headwind: peak 649 · intro-demo: peak 656
build	Gate	2026-10-02T02:38:13.7553573Z    worst 735 of 4000 (82% free), at launch-pad-takeoff; baseline before M7.5 was 576
build	Gate	2026-10-02T02:38:13.7580131Z 
build	Gate	2026-10-02T02:38:13.7816945Z  ^[[32m✓^[[39m ^[[30m^[[42m unit ^[[49m^[[39m tests/core/scenarios.test.ts ^[[2m(^[[22m^[[2m51 tests^[[22m^[[2m)^[[22m^[[33m 1282^[[2mms^[[22m^[[39m
build	Gate	2026-10-02T02:38:14.0714947Z  ^[[32m✓^[[39m ^[[30m^[[42m unit ^[[49m^[[39m tests/core/ignition.test.ts ^[[2m(^[[22m^[[2m14 tests^[[22m^[[2m)^[[22m^[[32m 65^[[2mms^[[22m^[[39m
build	Gate	2026-10-02T02:38:15.1681815Z  ^[[32m✓^[[39m ^[[30m^[[42m unit ^[[49m^[[39m tests/core/orbit.test.ts ^[[2m(^[[22m^[[2m18 tests^[[22m^[[2m)^[[22m^[[33m 28997^[[2mms^[[22m^[[39m
build	Gate	2026-10-02T02:38:15.1683897Z      ^[[33m^[[2m✓^[[22m^[[39m altitude holds within a kilometre over a full lap ^[[33m 4619^[[2mms^[[22m^[[39m
build	Gate	2026-10-02T02:38:15.1685687Z      ^[[33m^[[2m✓^[[22m^[[39m speed holds within a metre per second over a full lap ^[[33m 4527^[[2mms^[[22m^[[39m
build	Gate	2026-10-02T02:38:15.1687332Z      ^[[33m^[[2m✓^[[22m^[[39m never dips into the atmosphere or climbs away ^[[33m 5212^[[2mms^[[22m^[[39m
build	Gate	2026-10-02T02:38:15.1688939Z      ^[[33m^[[2m✓^[[22m^[[39m completes a full revolution of downrange distance ^[[33m 5114^[[2mms^[[22m^[[39m
build	Gate	2026-10-02T02:38:15.1691629Z      ^[[33m^[[2m✓^[[22m^[[39m specific orbital energy drifts by less than one part in a thousand ^[[33m 667^[[2mms^[[22m^[[39m
build	Gate	2026-10-02T02:38:15.1693484Z      ^[[33m^[[2m✓^[[22m^[[39m specific angular momentum is conserved as the vehicle climbs ^[[33m 386^[[2mms^[[22m^[[39m
build	Gate	2026-10-02T02:38:15.1695108Z      ^[[33m^[[2m✓^[[22m^[[39m an elliptical orbit comes back down again ^[[33m 8336^[[2mms^[[22m^[[39m
build	Gate	2026-10-02T02:38:17.0267502Z  ^[[32m✓^[[39m ^[[30m^[[42m unit ^[[49m^[[39m tests/view/perf.test.ts ^[[2m(^[[22m^[[2m8 tests^[[22m^[[2m)^[[22m^[[33m 25233^[[2mms^[[22m^[[39m
build	Gate	2026-10-02T02:38:17.0271625Z      ^[[33m^[[2m✓^[[22m^[[39m the particle pool is fixed for the life of the system ^[[33m 2099^[[2mms^[[22m^[[39m
build	Gate	2026-10-02T02:38:17.0273641Z      ^[[33m^[[2m✓^[[22m^[[39m the M6.7 and M7.5 effects do not grow it either ^[[33m 6147^[[2mms^[[22m^[[39m
build	Gate	2026-10-02T02:38:17.0275334Z      ^[[33m^[[2m✓^[[22m^[[39m a long flight does not grow the heap without bound ^[[33m 415^[[2mms^[[22m^[[39m
build	Gate	2026-10-02T02:38:17.0277408Z      ^[[33m^[[2m✓^[[22m^[[39m reports peak usage across all seven scenarios against the 576 baseline ^[[33m 13080^[[2mms^[[22m^[[39m
build	Gate	2026-10-02T02:38:17.0279382Z      ^[[33m^[[2m✓^[[22m^[[39m the shock-banded core does not grow the pool either ^[[33m 3281^[[2mms^[[22m^[[39m
build	Gate	2026-10-02T02:38:17.5317643Z ^[[90mstdout^[[2m | tests/audio/params.test.ts^[[2m > ^[[22m^[[2mat the throttles and engine counts the seven scenarios reach^[[2m > ^[[22m^[[2mreports the range each flight actually visits
build	Gate	2026-10-02T02:38:17.5325559Z ^[[22m^[[39mlaunch-pad-takeoff: engine level 0.00–1.00, up to 3 lit
build	Gate	2026-10-02T02:38:17.5327081Z booster-sep-boostback: engine level 0.00–1.00, up to 3 lit
build	Gate	2026-10-02T02:38:17.5328343Z rtls-boostback: engine level 0.00–1.00, up to 3 lit
build	Gate	2026-10-02T02:38:17.5347987Z reentry-autoland: engine level 0.00–0.00, up to 0 lit
build	Gate	2026-10-02T02:38:17.5366887Z before-flip-autoland: engine level 0.00–0.73, up to 3 lit
build	Gate	2026-10-02T02:38:17.5370473Z landing-burn-autoland: engine level 0.00–0.73, up to 3 lit
build	Gate	2026-10-02T02:38:17.5376178Z landing-burn-headwind: engine level 0.00–0.73, up to 3 lit
build	Gate	2026-10-02T02:38:17.5381352Z intro-demo: engine level 0.00–0.86, up to 3 lit
build	Gate	2026-10-02T02:38:17.5381988Z 
build	Gate	2026-10-02T02:38:17.5383090Z  ^[[32m✓^[[39m ^[[30m^[[42m unit ^[[49m^[[39m tests/audio/params.test.ts ^[[2m(^[[22m^[[2m19 tests^[[22m^[[2m)^[[22m^[[33m 2098^[[2mms^[[22m^[[39m
build	Gate	2026-10-02T02:38:17.5402261Z      ^[[33m^[[2m✓^[[22m^[[39m reports the range each flight actually visits ^[[33m 2071^[[2mms^[[22m^[[39m
build	Gate	2026-10-02T02:38:19.2151464Z Not implemented: HTMLCanvasElement's getContext() method: without installing the canvas npm package
build	Gate	2026-10-02T02:38:20.0358704Z  ^[[32m✓^[[39m ^[[30m^[[42m unit ^[[49m^[[39m tests/ui/shell/BlackBox.test.tsx ^[[2m(^[[22m^[[2m12 tests^[[22m^[[2m)^[[22m^[[33m 624^[[2mms^[[22m^[[39m
build	Gate	2026-10-02T02:38:20.2749036Z  ^[[32m✓^[[39m ^[[30m^[[42m unit ^[[49m^[[39m tests/offline.test.ts ^[[2m(^[[22m^[[2m14 tests^[[22m^[[2m)^[[22m^[[32m 69^[[2mms^[[22m^[[39m
build	Gate	2026-10-02T02:38:20.4901833Z  ^[[32m✓^[[39m ^[[30m^[[42m unit ^[[49m^[[39m tests/core/thrust-altitude.test.ts ^[[2m(^[[22m^[[2m15 tests^[[22m^[[2m)^[[22m^[[32m 18^[[2mms^[[22m^[[39m
build	Gate	2026-10-02T02:38:21.2907435Z  ^[[32m✓^[[39m ^[[30m^[[42m unit ^[[49m^[[39m tests/view/particle-textures.test.ts ^[[2m(^[[22m^[[2m11 tests^[[22m^[[2m)^[[22m^[[32m 241^[[2mms^[[22m^[[39m
build	Gate	2026-10-02T02:38:21.7958278Z  ^[[32m✓^[[39m ^[[30m^[[42m unit ^[[49m^[[39m tests/view/horizon.test.ts ^[[2m(^[[22m^[[2m12 tests^[[22m^[[2m)^[[22m^[[32m 17^[[2mms^[[22m^[[39m
build	Gate	2026-10-02T02:38:28.3725726Z  ^[[32m✓^[[39m ^[[30m^[[42m unit ^[[49m^[[39m tests/golden/replay.test.ts ^[[2m(^[[22m^[[2m17 tests^[[22m^[[2m)^[[22m^[[33m 6270^[[2mms^[[22m^[[39m
build	Gate	2026-10-02T02:38:28.3741903Z      ^[[33m^[[2m✓^[[22m^[[39m replays field for field, sample for sample ^[[33m 582^[[2mms^[[22m^[[39m
build	Gate	2026-10-02T02:38:28.3744707Z      ^[[33m^[[2m✓^[[22m^[[39m replays field for field, sample for sample ^[[33m 593^[[2mms^[[22m^[[39m
build	Gate	2026-10-02T02:38:28.3750349Z      ^[[33m^[[2m✓^[[22m^[[39m replays field for field, sample for sample ^[[33m 598^[[2mms^[[22m^[[39m
build	Gate	2026-10-02T02:38:28.3791089Z      ^[[33m^[[2m✓^[[22m^[[39m replays field for field, sample for sample ^[[33m 738^[[2mms^[[22m^[[39m
build	Gate	2026-10-02T02:38:28.3793226Z      ^[[33m^[[2m✓^[[22m^[[39m replays field for field, sample for sample ^[[33m 648^[[2mms^[[22m^[[39m
build	Gate	2026-10-02T02:38:28.3795668Z      ^[[33m^[[2m✓^[[22m^[[39m round-trip through the serialiser preserves every value exactly ^[[33m 2263^[[2mms^[[22m^[[39m
build	Gate	2026-10-02T02:38:29.8635416Z  ^[[32m✓^[[39m ^[[30m^[[42m unit ^[[49m^[[39m tests/core/verlet.test.ts ^[[2m(^[[22m^[[2m8 tests^[[22m^[[2m)^[[22m^[[33m 15552^[[2mms^[[22m^[[39m
build	Gate	2026-10-02T02:38:29.8638678Z      ^[[33m^[[2m✓^[[22m^[[39m halving dt quarters the error — the ratio is 4, where Euler gave 2 ^[[33m 1917^[[2mms^[[22m^[[39m
build	Gate	2026-10-02T02:38:29.8641243Z      ^[[33m^[[2m✓^[[22m^[[39m and is millimetres at 15 Hz, where Euler was 796 metres ^[[33m 2368^[[2mms^[[22m^[[39m
build	Gate	2026-10-02T02:38:29.8643144Z      ^[[33m^[[2m✓^[[22m^[[39m to a part in 10^10 or better at every rate the simulation runs at ^[[33m 4925^[[2mms^[[22m^[[39m
build	Gate	2026-10-02T02:38:29.8644942Z      ^[[33m^[[2m✓^[[22m^[[39m altitude drift is a centimetre, and does not depend on dt ^[[33m 5574^[[2mms^[[22m^[[39m
build	Gate	2026-10-02T02:38:29.8646724Z      ^[[33m^[[2m✓^[[22m^[[39m and in true vacuum, at 800 km, energy and altitude do not move at all ^[[33m 751^[[2mms^[[22m^[[39m
build	Gate	2026-10-02T02:38:30.0565888Z  ^[[32m✓^[[39m ^[[30m^[[42m unit ^[[49m^[[39m tests/core/wind.test.ts ^[[2m(^[[22m^[[2m10 tests^[[22m^[[2m)^[[22m^[[32m 13^[[2mms^[[22m^[[39m
build	Gate	2026-10-02T02:38:30.8285433Z ^[[90mstdout^[[2m | tests/audio/warnings.test.ts^[[2m > ^[[22m^[[2mear and eye read the same thresholds^[[2m > ^[[22m^[[2mstays quiet through all seven, and reports how much margin they had
build	Gate	2026-10-02T02:38:30.8320987Z ^[[22m^[[39mlaunch-pad-takeoff: nominal (heat 0.02, Q 0.53 of limit)
build	Gate	2026-10-02T02:38:30.8321981Z booster-sep-boostback: nominal (heat 0.01, Q 0.00 of limit)
build	Gate	2026-10-02T02:38:30.8360718Z rtls-boostback: nominal (heat 0.02, Q 0.57 of limit)
build	Gate	2026-10-02T02:38:30.8361780Z reentry-autoland: nominal (heat 0.64, Q 0.17 of limit)
build	Gate	2026-10-02T02:38:30.8362667Z before-flip-autoland: nominal (heat 0.00, Q 0.06 of limit)
build	Gate	2026-10-02T02:38:30.8364032Z landing-burn-autoland: nominal (heat 0.00, Q 0.02 of limit)
build	Gate	2026-10-02T02:38:30.8364913Z landing-burn-headwind: nominal (heat 0.00, Q 0.02 of limit)
build	Gate	2026-10-02T02:38:30.8365698Z intro-demo: nominal (heat 0.00, Q 0.03 of limit)
build	Gate	2026-10-02T02:38:30.8366138Z 
build	Gate	2026-10-02T02:38:30.8577004Z  ^[[32m✓^[[39m ^[[30m^[[42m unit ^[[49m^[[39m tests/audio/warnings.test.ts ^[[2m(^[[22m^[[2m11 tests^[[22m^[[2m)^[[22m^[[33m 2233^[[2mms^[[22m^[[39m
build	Gate	2026-10-02T02:38:30.8611577Z      ^[[33m^[[2m✓^[[22m^[[39m stays quiet through all seven, and reports how much margin they had ^[[33m 2199^[[2mms^[[22m^[[39m
build	Gate	2026-10-02T02:38:31.1591913Z  ^[[32m✓^[[39m ^[[30m^[[42m unit ^[[49m^[[39m tests/core/atmosphere-strato.test.ts ^[[2m(^[[22m^[[2m12 tests^[[22m^[[2m)^[[22m^[[32m 82^[[2mms^[[22m^[[39m
build	Gate	2026-10-02T02:38:32.2292227Z  ^[[32m✓^[[39m ^[[30m^[[42m unit ^[[49m^[[39m tests/core/autopilot.test.ts ^[[2m(^[[22m^[[2m13 tests^[[22m^[[2m)^[[22m^[[33m 1998^[[2mms^[[22m^[[39m
build	Gate	2026-10-02T02:38:32.2311834Z      ^[[33m^[[2m✓^[[22m^[[39m computes a belly-flop trigger altitude and ends the aero descent below it ^[[33m 1439^[[2mms^[[22m^[[39m
build	Gate	2026-10-02T02:38:33.3155178Z ^[[90mstdout^[[2m | tests/view/motion-cues.test.ts^[[2m > ^[[22m^[[2mat the speeds the seven scenarios actually reach^[[2m > ^[[22m^[[2mreports where the streaks are silent and where they blow
build	Gate	2026-10-02T02:38:33.3161348Z ^[[22m^[[39mlaunch-pad-takeoff: peak 646 m/s -> streak 0.18, silent 33% of the flight
build	Gate	2026-10-02T02:38:33.3162870Z booster-sep-boostback: peak 1599 m/s -> streak 0.88, silent 0% of the flight
build	Gate	2026-10-02T02:38:33.3164168Z rtls-boostback: peak 542 m/s -> streak 0.12, silent 46% of the flight
build	Gate	2026-10-02T02:38:33.3165472Z reentry-autoland: peak 7300 m/s -> streak 1.00, silent 0% of the flight
build	Gate	2026-10-02T02:38:33.3166754Z before-flip-autoland: peak 70 m/s -> streak 0.00, silent 100% of the flight
build	Gate	2026-10-02T02:38:33.3168064Z landing-burn-autoland: peak 38 m/s -> streak 0.00, silent 100% of the flight
build	Gate	2026-10-02T02:38:33.3169369Z landing-burn-headwind: peak 37 m/s -> streak 0.00, silent 100% of the flight
build	Gate	2026-10-02T02:38:33.3170801Z intro-demo: peak 51 m/s -> streak 0.00, silent 100% of the flight
build	Gate	2026-10-02T02:38:33.3172054Z 
build	Gate	2026-10-02T02:38:33.4991961Z  ^[[32m✓^[[39m ^[[30m^[[42m unit ^[[49m^[[39m tests/core/wind-profile.test.ts ^[[2m(^[[22m^[[2m20 tests^[[22m^[[2m)^[[22m^[[33m 468^[[2mms^[[22m^[[39m
build	Gate	2026-10-02T02:38:33.5892804Z ^[[90mstdout^[[2m | tests/view/motion-cues.test.ts^[[2m > ^[[22m^[[2mthe flight-path marker^[[2m > ^[[22m^[[2mlaunch-pad-takeoff: the marker never disagrees with the state vector
build	Gate	2026-10-02T02:38:33.5931237Z ^[[22m^[[39mlaunch-pad-takeoff: nose and flight path diverge by up to 4°
build	Gate	2026-10-02T02:38:33.5950342Z 
build	Gate	2026-10-02T02:38:33.7887494Z  ^[[32m✓^[[39m ^[[30m^[[42m unit ^[[49m^[[39m tests/app/input.test.ts ^[[2m(^[[22m^[[2m32 tests^[[22m^[[2m)^[[22m^[[32m 24^[[2mms^[[22m^[[39m
build	Gate	2026-10-02T02:38:33.8082748Z ^[[90mstdout^[[2m | tests/view/motion-cues.test.ts^[[2m > ^[[22m^[[2mthe flight-path marker^[[2m > ^[[22m^[[2mbooster-sep-boostback: the marker never disagrees with the state vector
build	Gate	2026-10-02T02:38:33.8087455Z ^[[22m^[[39mbooster-sep-boostback: nose and flight path diverge by up to 134°
build	Gate	2026-10-02T02:38:33.8088668Z 
build	Gate	2026-10-02T02:38:33.9582506Z ^[[90mstdout^[[2m | tests/view/motion-cues.test.ts^[[2m > ^[[22m^[[2mthe flight-path marker^[[2m > ^[[22m^[[2mrtls-boostback: the marker never disagrees with the state vector
build	Gate	2026-10-02T02:38:33.9641149Z ^[[22m^[[39mrtls-boostback: nose and flight path diverge by up to 179°
build	Gate	2026-10-02T02:38:33.9690541Z 
build	Gate	2026-10-02T02:38:34.2455487Z ^[[90mstdout^[[2m | tests/view/motion-cues.test.ts^[[2m > ^[[22m^[[2mthe flight-path marker^[[2m > ^[[22m^[[2mreentry-autoland: the marker never disagrees with the state vector
build	Gate	2026-10-02T02:38:34.2457625Z ^[[22m^[[39mreentry-autoland: nose and flight path diverge by up to 96°
build	Gate	2026-10-02T02:38:34.2458443Z 
build	Gate	2026-10-02T02:38:34.7545999Z ^[[90mstdout^[[2m | tests/view/motion-cues.test.ts^[[2m > ^[[22m^[[2mthe flight-path marker^[[2m > ^[[22m^[[2mbefore-flip-autoland: the marker never disagrees with the state vector
build	Gate	2026-10-02T02:38:34.7561658Z ^[[22m^[[39mbefore-flip-autoland: nose and flight path diverge by up to 180°
build	Gate	2026-10-02T02:38:34.7582155Z 
build	Gate	2026-10-02T02:38:34.7983378Z ^[[90mstdout^[[2m | tests/view/motion-cues.test.ts^[[2m > ^[[22m^[[2mthe flight-path marker^[[2m > ^[[22m^[[2mlanding-burn-autoland: the marker never disagrees with the state vector
build	Gate	2026-10-02T02:38:34.7985525Z ^[[22m^[[39mlanding-burn-autoland: nose and flight path diverge by up to 180°
build	Gate	2026-10-02T02:38:34.7986408Z 
build	Gate	2026-10-02T02:38:34.8454536Z ^[[90mstdout^[[2m | tests/view/motion-cues.test.ts^[[2m > ^[[22m^[[2mthe flight-path marker^[[2m > ^[[22m^[[2mlanding-burn-headwind: the marker never disagrees with the state vector
build	Gate	2026-10-02T02:38:34.8456662Z ^[[22m^[[39mlanding-burn-headwind: nose and flight path diverge by up to 180°
build	Gate	2026-10-02T02:38:34.8457593Z 
build	Gate	2026-10-02T02:38:34.8825869Z ^[[90mstdout^[[2m | tests/view/motion-cues.test.ts^[[2m > ^[[22m^[[2mthe flight-path marker^[[2m > ^[[22m^[[2mintro-demo: the marker never disagrees with the state vector
build	Gate	2026-10-02T02:38:34.8828008Z ^[[22m^[[39mintro-demo: nose and flight path diverge by up to 180°
build	Gate	2026-10-02T02:38:34.8828867Z 
build	Gate	2026-10-02T02:38:35.1715793Z  ^[[32m✓^[[39m ^[[30m^[[42m unit ^[[49m^[[39m tests/view/motion-cues.test.ts ^[[2m(^[[22m^[[2m19 tests^[[22m^[[2m)^[[22m^[[33m 3446^[[2mms^[[22m^[[39m
build	Gate	2026-10-02T02:38:35.1741276Z      ^[[33m^[[2m✓^[[22m^[[39m reports where the streaks are silent and where they blow ^[[33m 1578^[[2mms^[[22m^[[39m
build	Gate	2026-10-02T02:38:35.1771548Z      ^[[33m^[[2m✓^[[22m^[[39m before-flip-autoland: the marker never disagrees with the state vector ^[[33m 509^[[2mms^[[22m^[[39m
build	Gate	2026-10-02T02:38:35.6601728Z Not implemented: HTMLCanvasElement's getContext() method: without installing the canvas npm package
build	Gate	2026-10-02T02:38:35.9835400Z  ^[[32m✓^[[39m ^[[30m^[[42m unit ^[[49m^[[39m tests/view/terrain.test.ts ^[[2m(^[[22m^[[2m11 tests^[[22m^[[2m)^[[22m^[[32m 269^[[2mms^[[22m^[[39m
build	Gate	2026-10-02T02:38:36.0824929Z  ^[[32m✓^[[39m ^[[30m^[[42m unit ^[[49m^[[39m tests/core/angular-momentum.test.ts ^[[2m(^[[22m^[[2m8 tests^[[22m^[[2m)^[[22m^[[33m 18792^[[2mms^[[22m^[[39m
build	Gate	2026-10-02T02:38:36.0826430Z      ^[[33m^[[2m✓^[[22m^[[39m to better than a part in ten thousand over a hundred minutes ^[[33m 7865^[[2mms^[[22m^[[39m
build	Gate	2026-10-02T02:38:36.0828107Z      ^[[33m^[[2m✓^[[22m^[[39m and the orbit reaches the apogee the energy says it should ^[[33m 6652^[[2mms^[[22m^[[39m
build	Gate	2026-10-02T02:38:36.0829332Z      ^[[33m^[[2m✓^[[22m^[[39m the simulation agrees to within a kilometre in five thousand ^[[33m 704^[[2mms^[[22m^[[39m
build	Gate	2026-10-02T02:38:36.0830767Z      ^[[33m^[[2m✓^[[22m^[[39m and the guidance's conic predicts the ground arc the simulation flies ^[[33m 609^[[2mms^[[22m^[[39m
build	Gate	2026-10-02T02:38:36.0832351Z      ^[[33m^[[2m✓^[[22m^[[39m and CONVERGES — which is how a model error tells itself from an integrator one ^[[33m 2951^[[2mms^[[22m^[[39m
build	Gate	2026-10-02T02:38:36.8714245Z  ^[[32m✓^[[39m ^[[30m^[[42m unit ^[[49m^[[39m tests/core/step.test.ts ^[[2m(^[[22m^[[2m15 tests^[[22m^[[2m)^[[22m^[[33m 516^[[2mms^[[22m^[[39m
build	Gate	2026-10-02T02:38:37.0015932Z  ^[[32m✓^[[39m ^[[30m^[[42m unit ^[[49m^[[39m tests/ui/shell/Hud.test.tsx ^[[2m(^[[22m^[[2m9 tests^[[22m^[[2m)^[[22m^[[33m 966^[[2mms^[[22m^[[39m
build	Gate	2026-10-02T02:38:37.0018293Z      ^[[33m^[[2m✓^[[22m^[[39m gives its zone to the debrief once the flight has ended, and takes it back ^[[33m 335^[[2mms^[[22m^[[39m
build	Gate	2026-10-02T02:38:38.6043674Z Not implemented: HTMLCanvasElement's getContext() method: without installing the canvas npm package
build	Gate	2026-10-02T02:38:38.6045771Z  ^[[32m✓^[[39m ^[[30m^[[42m unit ^[[49m^[[39m tests/hud/binder.test.ts ^[[2m(^[[22m^[[2m9 tests^[[22m^[[2m)^[[22m^[[33m 1352^[[2mms^[[22m^[[39m
build	Gate	2026-10-02T02:38:38.6091617Z      ^[[33m^[[2m✓^[[22m^[[39m a real flight writes a small fraction of what an undiffed binder would ^[[33m 1277^[[2mms^[[22m^[[39m
build	Gate	2026-10-02T02:38:39.1289184Z  ^[[32m✓^[[39m ^[[30m^[[42m unit ^[[49m^[[39m tests/ui/shell/Debrief.test.tsx ^[[2m(^[[22m^[[2m10 tests^[[22m^[[2m)^[[22m^[[33m 443^[[2mms^[[22m^[[39m
build	Gate	2026-10-02T02:38:39.4942247Z ^[[90mstdout^[[2m | tests/audio/render.test.ts^[[2m > ^[[22m^[[2mthe engine is louder at 100% than at 40% — measured, not asserted^[[2m > ^[[22m^[[2mrises with throttle
build	Gate	2026-10-02T02:38:39.4971173Z ^[[22m^[[39mthree engines: 40% RMS 0.09131 · 100% RMS 0.13051
build	Gate	2026-10-02T02:38:39.4972093Z 
build	Gate	2026-10-02T02:38:39.5031673Z ^[[90mstdout^[[2m | tests/audio/render.test.ts^[[2m > ^[[22m^[[2mthe engine is louder at 100% than at 40% — measured, not asserted^[[2m > ^[[22m^[[2mrises with engine count
build	Gate	2026-10-02T02:38:39.5060956Z ^[[22m^[[39mat 100%: one engine RMS 0.07535 · three RMS 0.13051
build	Gate	2026-10-02T02:38:39.5061776Z 
build	Gate	2026-10-02T02:38:39.5151909Z ^[[90mstdout^[[2m | tests/audio/render.test.ts^[[2m > ^[[22m^[[2mthe engine is louder at 100% than at 40% — measured, not asserted^[[2m > ^[[22m^[[2mdistinguishes three engines at 40% from two at 100%
build	Gate	2026-10-02T02:38:39.5180752Z ^[[22m^[[39mthree at 40% RMS 0.09131 · two at 100% RMS 0.10656
build	Gate	2026-10-02T02:38:39.5213484Z 
build	Gate	2026-10-02T02:38:39.5251952Z ^[[90mstdout^[[2m | tests/audio/render.test.ts^[[2m > ^[[22m^[[2mthe air fade, rendered^[[2m > ^[[22m^[[2mfalls toward its floor in vacuum without reaching silence
build	Gate	2026-10-02T02:38:39.5311517Z ^[[22m^[[39msea level RMS 0.13051 · vacuum RMS 0.02871 · ratio 0.2200 against a floor of 0.22
build	Gate	2026-10-02T02:38:39.5337443Z 
build	Gate	2026-10-02T02:38:39.5476795Z  ^[[32m✓^[[39m ^[[30m^[[42m unit ^[[49m^[[39m tests/audio/render.test.ts ^[[2m(^[[22m^[[2m7 tests^[[22m^[[2m)^[[22m^[[32m 73^[[2mms^[[22m^[[39m
build	Gate	2026-10-02T02:38:39.7474812Z  ^[[32m✓^[[39m ^[[30m^[[42m unit ^[[49m^[[39m tests/core/rng.test.ts ^[[2m(^[[22m^[[2m15 tests^[[22m^[[2m)^[[22m^[[33m 982^[[2mms^[[22m^[[39m
build	Gate	2026-10-02T02:38:39.7477352Z      ^[[33m^[[2m✓^[[22m^[[39m stays in [0, 1) ^[[33m 872^[[2mms^[[22m^[[39m
build	Gate	2026-10-02T02:38:40.4539529Z  ^[[32m✓^[[39m ^[[30m^[[42m unit ^[[49m^[[39m tests/hud/timeline-binder.test.ts ^[[2m(^[[22m^[[2m8 tests^[[22m^[[2m)^[[22m^[[33m 434^[[2mms^[[22m^[[39m
build	Gate	2026-10-02T02:38:40.7507945Z  ^[[32m✓^[[39m ^[[30m^[[42m unit ^[[49m^[[39m tests/ui/controls.test.ts ^[[2m(^[[22m^[[2m20 tests^[[22m^[[2m)^[[22m^[[32m 49^[[2mms^[[22m^[[39m
build	Gate	2026-10-02T02:38:41.1771995Z  ^[[32m✓^[[39m ^[[30m^[[42m unit ^[[49m^[[39m tests/view/atmosphere-look.test.ts ^[[2m(^[[22m^[[2m22 tests^[[22m^[[2m)^[[22m^[[33m 4498^[[2mms^[[22m^[[39m
build	Gate	2026-10-02T02:38:41.1801196Z      ^[[33m^[[2m✓^[[22m^[[39m rises monotonically between the two ^[[33m 4323^[[2mms^[[22m^[[39m
build	Gate	2026-10-02T02:38:41.4867151Z  ^[[32m✓^[[39m ^[[30m^[[42m unit ^[[49m^[[39m tests/core/rotating-frame.test.ts ^[[2m(^[[22m^[[2m13 tests^[[22m^[[2m)^[[22m^[[32m 62^[[2mms^[[22m^[[39m
build	Gate	2026-10-02T02:38:41.5265513Z ^[[90mstdout^[[2m | tests/audio/transients.test.ts^[[2m > ^[[22m^[[2mthe latch fires once per event^[[2m > ^[[22m^[[2mlaunch-pad-takeoff
build	Gate	2026-10-02T02:38:41.5290756Z ^[[22m^[[39mlaunch-pad-takeoff: ignition x3
build	Gate	2026-10-02T02:38:41.5307155Z 
build	Gate	2026-10-02T02:38:41.8095831Z ^[[90mstdout^[[2m | tests/audio/transients.test.ts^[[2m > ^[[22m^[[2mthe latch fires once per event^[[2m > ^[[22m^[[2mbooster-sep-boostback
build	Gate	2026-10-02T02:38:41.8096654Z ^[[22m^[[39mbooster-sep-boostback: ignition x3
build	Gate	2026-10-02T02:38:41.8096885Z 
build	Gate	2026-10-02T02:38:42.0221125Z ^[[90mstdout^[[2m | tests/audio/transients.test.ts^[[2m > ^[[22m^[[2mthe latch fires once per event^[[2m > ^[[22m^[[2mrtls-boostback
build	Gate	2026-10-02T02:38:42.0223033Z ^[[22m^[[39mrtls-boostback: ignition x6, shutdown x6
build	Gate	2026-10-02T02:38:42.0223756Z 
build	Gate	2026-10-02T02:38:42.1884362Z ^[[90mstdout^[[2m | tests/audio/transients.test.ts^[[2m > ^[[22m^[[2mthe latch fires once per event^[[2m > ^[[22m^[[2mreentry-autoland
build	Gate	2026-10-02T02:38:42.1888105Z ^[[22m^[[39mreentry-autoland: nothing
build	Gate	2026-10-02T02:38:42.1889052Z 
build	Gate	2026-10-02T02:38:42.9071907Z ^[[90mstdout^[[2m | tests/audio/transients.test.ts^[[2m > ^[[22m^[[2mthe latch fires once per event^[[2m > ^[[22m^[[2mbefore-flip-autoland
build	Gate	2026-10-02T02:38:42.9073741Z ^[[22m^[[39mbefore-flip-autoland: ignition x3, shutdown x3, touchdown x1
build	Gate	2026-10-02T02:38:42.9074718Z 
build	Gate	2026-10-02T02:38:42.9986165Z ^[[90mstdout^[[2m | tests/audio/transients.test.ts^[[2m > ^[[22m^[[2mthe latch fires once per event^[[2m > ^[[22m^[[2mlanding-burn-autoland
build	Gate	2026-10-02T02:38:42.9988149Z ^[[22m^[[39mlanding-burn-autoland: ignition x3, shutdown x3, touchdown x1
build	Gate	2026-10-02T02:38:42.9988947Z 
build	Gate	2026-10-02T02:38:43.1373300Z ^[[90mstdout^[[2m | tests/audio/transients.test.ts^[[2m > ^[[22m^[[2mthe latch fires once per event^[[2m > ^[[22m^[[2mlanding-burn-headwind
build	Gate	2026-10-02T02:38:43.1378780Z ^[[22m^[[39mlanding-burn-headwind: ignition x3, shutdown x3, touchdown x1
build	Gate	2026-10-02T02:38:43.1379647Z 
build	Gate	2026-10-02T02:38:43.2056166Z ^[[90mstdout^[[2m | tests/audio/transients.test.ts^[[2m > ^[[22m^[[2mthe latch fires once per event^[[2m > ^[[22m^[[2mintro-demo
build	Gate	2026-10-02T02:38:43.2058705Z ^[[22m^[[39mintro-demo: ignition x3, shutdown x3, touchdown x1
build	Gate	2026-10-02T02:38:43.2059534Z 
build	Gate	2026-10-02T02:38:43.3371985Z  ^[[32m✓^[[39m ^[[30m^[[42m unit ^[[49m^[[39m tests/audio/transients.test.ts ^[[2m(^[[22m^[[2m16 tests^[[22m^[[2m)^[[22m^[[33m 2184^[[2mms^[[22m^[[39m
build	Gate	2026-10-02T02:38:43.3373790Z      ^[[33m^[[2m✓^[[22m^[[39m launch-pad-takeoff ^[[33m 375^[[2mms^[[22m^[[39m
build	Gate	2026-10-02T02:38:43.3394921Z      ^[[33m^[[2m✓^[[22m^[[39m before-flip-autoland ^[[33m 718^[[2mms^[[22m^[[39m
build	Gate	2026-10-02T02:38:43.5031906Z Not implemented: HTMLCanvasElement's getContext() method: without installing the canvas npm package
build	Gate	2026-10-02T02:38:44.0142816Z  ^[[32m✓^[[39m ^[[30m^[[42m unit ^[[49m^[[39m tests/ui/shell/StatusBar.test.tsx ^[[2m(^[[22m^[[2m9 tests^[[22m^[[2m)^[[22m^[[33m 448^[[2mms^[[22m^[[39m
build	Gate	2026-10-02T02:38:44.0585176Z  ^[[32m✓^[[39m ^[[30m^[[42m unit ^[[49m^[[39m tests/view/sky.test.ts ^[[2m(^[[22m^[[2m17 tests^[[22m^[[2m)^[[22m^[[32m 35^[[2mms^[[22m^[[39m
build	Gate	2026-10-02T02:38:44.2165387Z  ^[[32m✓^[[39m ^[[30m^[[42m unit ^[[49m^[[39m tests/core/heat-argument.test.ts ^[[2m(^[[22m^[[2m9 tests^[[22m^[[2m)^[[22m^[[32m 14^[[2mms^[[22m^[[39m
build	Gate	2026-10-02T02:38:44.4382281Z  ^[[32m✓^[[39m ^[[30m^[[42m unit ^[[49m^[[39m tests/core/rvac.test.ts ^[[2m(^[[22m^[[2m13 tests^[[22m^[[2m)^[[22m^[[32m 20^[[2mms^[[22m^[[39m
build	Gate	2026-10-02T02:38:44.9551983Z  ^[[32m✓^[[39m ^[[30m^[[42m unit ^[[49m^[[39m tests/app/recorder.test.ts ^[[2m(^[[22m^[[2m12 tests^[[22m^[[2m)^[[22m^[[32m 255^[[2mms^[[22m^[[39m
build	Gate	2026-10-02T02:38:45.2752355Z  ^[[32m✓^[[39m ^[[30m^[[42m unit ^[[49m^[[39m tests/budget.test.ts ^[[2m(^[[22m^[[2m11 tests^[[22m^[[2m)^[[22m^[[32m 162^[[2mms^[[22m^[[39m
build	Gate	2026-10-02T02:38:45.5680524Z  ^[[32m✓^[[39m ^[[30m^[[42m unit ^[[49m^[[39m tests/core/collapsed-trig.test.ts ^[[2m(^[[22m^[[2m11 tests^[[22m^[[2m)^[[22m^[[32m 116^[[2mms^[[22m^[[39m
build	Gate	2026-10-02T02:38:45.7435838Z  ^[[32m✓^[[39m ^[[30m^[[42m unit ^[[49m^[[39m tests/ui/no-neumorphism.test.ts ^[[2m(^[[22m^[[2m5 tests^[[22m^[[2m)^[[22m^[[32m 27^[[2mms^[[22m^[[39m
build	Gate	2026-10-02T02:38:46.0343195Z  ^[[32m✓^[[39m ^[[30m^[[42m unit ^[[49m^[[39m tests/core/pitch-rate.test.ts ^[[2m(^[[22m^[[2m11 tests^[[22m^[[2m)^[[22m^[[32m 114^[[2mms^[[22m^[[39m
build	Gate	2026-10-02T02:38:46.2754062Z  ^[[32m✓^[[39m ^[[30m^[[42m unit ^[[49m^[[39m tests/core/rcs-dead-zone.test.ts ^[[2m(^[[22m^[[2m7 tests^[[22m^[[2m)^[[22m^[[33m 1975^[[2mms^[[22m^[[39m
build	Gate	2026-10-02T02:38:46.2777076Z      ^[[33m^[[2m✓^[[22m^[[39m and then HOLDS it, rather than carrying on rotating ^[[33m 1113^[[2mms^[[22m^[[39m
build	Gate	2026-10-02T02:38:46.2804252Z      ^[[33m^[[2m✓^[[22m^[[39m the thrusters fire below saturation, not only at the cap ^[[33m 472^[[2mms^[[22m^[[39m
build	Gate	2026-10-02T02:38:46.6014525Z  ^[[32m✓^[[39m ^[[30m^[[42m unit ^[[49m^[[39m tests/ui/contrast.test.ts ^[[2m(^[[22m^[[2m12 tests^[[22m^[[2m)^[[22m^[[32m 9^[[2mms^[[22m^[[39m
build	Gate	2026-10-02T02:38:46.9836430Z  ^[[32m✓^[[39m ^[[30m^[[42m unit ^[[49m^[[39m tests/hud/indicators.test.ts ^[[2m(^[[22m^[[2m8 tests^[[22m^[[2m)^[[22m^[[32m 169^[[2mms^[[22m^[[39m
build	Gate	2026-10-02T02:38:47.6171745Z  ^[[32m✓^[[39m ^[[30m^[[42m unit ^[[49m^[[39m tests/view/lighting.test.ts ^[[2m(^[[22m^[[2m9 tests^[[22m^[[2m)^[[22m^[[32m 16^[[2mms^[[22m^[[39m
build	Gate	2026-10-02T02:38:48.3441441Z  ^[[32m✓^[[39m ^[[30m^[[42m unit ^[[49m^[[39m tests/lint-walls/walls.test.ts ^[[2m(^[[22m^[[2m14 tests^[[22m^[[2m)^[[22m^[[33m 1681^[[2mms^[[22m^[[39m
build	Gate	2026-10-02T02:38:48.3457250Z      ^[[33m^[[2m✓^[[22m^[[39m wall 1: no view/ ui/ hud/ app/ PIXI or React imports ^[[33m 1450^[[2mms^[[22m^[[39m
build	Gate	2026-10-02T02:38:48.6378144Z  ^[[32m✓^[[39m ^[[30m^[[42m unit ^[[49m^[[39m tests/core/speed-of-sound.test.ts ^[[2m(^[[22m^[[2m13 tests^[[22m^[[2m)^[[22m^[[32m 61^[[2mms^[[22m^[[39m
build	Gate	2026-10-02T02:38:49.1270239Z  ^[[32m✓^[[39m ^[[30m^[[42m unit ^[[49m^[[39m tests/proofs/dt-substitution.test.ts ^[[2m(^[[22m^[[2m4 tests^[[22m^[[2m)^[[22m^[[32m 266^[[2mms^[[22m^[[39m
build	Gate	2026-10-02T02:38:49.3729250Z  ^[[32m✓^[[39m ^[[30m^[[42m unit ^[[49m^[[39m tests/ui/tabular-digits.test.ts ^[[2m(^[[22m^[[2m22 tests^[[22m^[[2m)^[[22m^[[32m 13^[[2mms^[[22m^[[39m
build	Gate	2026-10-02T02:38:49.3944608Z Not implemented: HTMLCanvasElement's getContext() method: without installing the canvas npm package
build	Gate	2026-10-02T02:38:49.9891123Z  ^[[32m✓^[[39m ^[[30m^[[42m unit ^[[49m^[[39m tests/ui/shell/TrajectoryCard.test.tsx ^[[2m(^[[22m^[[2m9 tests^[[22m^[[2m)^[[22m^[[32m 294^[[2mms^[[22m^[[39m
build	Gate	2026-10-02T02:38:50.2122207Z  ^[[32m✓^[[39m ^[[30m^[[42m unit ^[[49m^[[39m tests/ui/preferences.test.ts ^[[2m(^[[22m^[[2m6 tests^[[22m^[[2m)^[[22m^[[32m 28^[[2mms^[[22m^[[39m
build	Gate	2026-10-02T02:38:50.9638690Z  ^[[32m✓^[[39m ^[[30m^[[42m unit ^[[49m^[[39m tests/view/reentry.test.ts ^[[2m(^[[22m^[[2m8 tests^[[22m^[[2m)^[[22m^[[32m 10^[[2mms^[[22m^[[39m
build	Gate	2026-10-02T02:38:51.2961433Z  ^[[32m✓^[[39m ^[[30m^[[42m unit ^[[49m^[[39m tests/proofs/rcs-reserve.test.ts ^[[2m(^[[22m^[[2m5 tests^[[22m^[[2m)^[[22m^[[32m 8^[[2mms^[[22m^[[39m
build	Gate	2026-10-02T02:38:51.6141672Z  ^[[32m✓^[[39m ^[[30m^[[42m unit ^[[49m^[[39m tests/ui/shell/BlackBoxPlots.test.ts ^[[2m(^[[22m^[[2m4 tests^[[22m^[[2m)^[[22m^[[33m 695^[[2mms^[[22m^[[39m
build	Gate	2026-10-02T02:38:51.6143758Z      ^[[33m^[[2m✓^[[22m^[[39m draws one cell per plot, keyed by the recorder ids ^[[33m 396^[[2mms^[[22m^[[39m
build	Gate	2026-10-02T02:38:51.7452786Z  ^[[32m✓^[[39m ^[[30m^[[42m unit ^[[49m^[[39m tests/flies-every-scenario.test.ts ^[[2m(^[[22m^[[2m17 tests^[[22m^[[2m)^[[22m^[[33m 11933^[[2mms^[[22m^[[39m
build	Gate	2026-10-02T02:38:51.7454456Z      ^[[33m^[[2m✓^[[22m^[[39m launch-pad flies ^[[33m 661^[[2mms^[[22m^[[39m
build	Gate	2026-10-02T02:38:51.7455489Z      ^[[33m^[[2m✓^[[22m^[[39m circularize flies ^[[33m 692^[[2mms^[[22m^[[39m
build	Gate	2026-10-02T02:38:51.7456382Z      ^[[33m^[[2m✓^[[22m^[[39m deorbit flies ^[[33m 687^[[2mms^[[22m^[[39m
build	Gate	2026-10-02T02:38:51.7457391Z      ^[[33m^[[2m✓^[[22m^[[39m booster-sep: auto-land landed ^[[33m 2422^[[2mms^[[22m^[[39m
build	Gate	2026-10-02T02:38:51.7458644Z      ^[[33m^[[2m✓^[[22m^[[39m rtls: auto-land landed ^[[33m 2102^[[2mms^[[22m^[[39m
build	Gate	2026-10-02T02:38:51.7460128Z      ^[[33m^[[2m✓^[[22m^[[39m before-flip: auto-land landed ^[[33m 536^[[2mms^[[22m^[[39m
build	Gate	2026-10-02T02:38:51.7461380Z      ^[[33m^[[2m✓^[[22m^[[39m reentry: auto-land landed ^[[33m 1883^[[2mms^[[22m^[[39m
build	Gate	2026-10-02T02:38:51.7462703Z      ^[[33m^[[2m✓^[[22m^[[39m reentry: survives the heat it now actually meets ^[[33m 2203^[[2mms^[[22m^[[39m
build	Gate	2026-10-02T02:38:51.8279671Z  ^[[32m✓^[[39m ^[[30m^[[42m unit ^[[49m^[[39m tests/hud/haptics.test.ts ^[[2m(^[[22m^[[2m8 tests^[[22m^[[2m)^[[22m^[[32m 13^[[2mms^[[22m^[[39m
build	Gate	2026-10-02T02:38:52.1987766Z  ^[[32m✓^[[39m ^[[30m^[[42m unit ^[[49m^[[39m tests/core/random-failure.test.ts ^[[2m(^[[22m^[[2m8 tests^[[22m^[[2m)^[[22m^[[32m 117^[[2mms^[[22m^[[39m
build	Gate	2026-10-02T02:38:53.4759586Z Not implemented: HTMLCanvasElement's getContext() method: without installing the canvas npm package
build	Gate	2026-10-02T02:38:53.7690083Z  ^[[32m✓^[[39m ^[[30m^[[42m unit ^[[49m^[[39m tests/ui/shell/FirstFlight.test.tsx ^[[2m(^[[22m^[[2m8 tests^[[22m^[[2m)^[[22m^[[32m 111^[[2mms^[[22m^[[39m
build	Gate	2026-10-02T02:38:53.9645814Z Not implemented: HTMLCanvasElement's getContext() method: without installing the canvas npm package
build	Gate	2026-10-02T02:38:53.9999033Z  ^[[32m✓^[[39m ^[[30m^[[42m unit ^[[49m^[[39m tests/hud/readouts.test.ts ^[[2m(^[[22m^[[2m9 tests^[[22m^[[2m)^[[22m^[[32m 18^[[2mms^[[22m^[[39m
build	Gate	2026-10-02T02:38:54.0502814Z  ^[[32m✓^[[39m ^[[30m^[[42m unit ^[[49m^[[39m tests/ui/session.test.ts ^[[2m(^[[22m^[[2m7 tests^[[22m^[[2m)^[[22m^[[32m 13^[[2mms^[[22m^[[39m
build	Gate	2026-10-02T02:38:54.2585903Z  ^[[32m✓^[[39m ^[[30m^[[42m unit ^[[49m^[[39m tests/ui/guide.test.ts ^[[2m(^[[22m^[[2m5 tests^[[22m^[[2m)^[[22m^[[32m 14^[[2mms^[[22m^[[39m
build	Gate	2026-10-02T02:38:54.3006246Z  ^[[32m✓^[[39m ^[[30m^[[42m unit ^[[49m^[[39m tests/core/invariants.test.ts ^[[2m(^[[22m^[[2m4 tests^[[22m^[[2m)^[[22m^[[33m 2735^[[2mms^[[22m^[[39m
build	Gate	2026-10-02T02:38:54.3008421Z      ^[[33m^[[2m✓^[[22m^[[39m every number stays finite, or is a sentinel it started as ^[[33m 877^[[2mms^[[22m^[[39m
build	Gate	2026-10-02T02:38:54.3010588Z      ^[[33m^[[2m✓^[[22m^[[39m mass never increases, and propellant never goes negative ^[[33m 965^[[2mms^[[22m^[[39m
build	Gate	2026-10-02T02:38:54.3012559Z      ^[[33m^[[2m✓^[[22m^[[39m with the engines off and no wind, orbital energy never rises beyond integrator error ^[[33m 756^[[2mms^[[22m^[[39m
build	Gate	2026-10-02T02:38:54.3558448Z  ^[[32m✓^[[39m ^[[30m^[[42m unit ^[[49m^[[39m tests/app/debug.test.ts ^[[2m(^[[22m^[[2m9 tests^[[22m^[[2m)^[[22m^[[32m 27^[[2mms^[[22m^[[39m
build	Gate	2026-10-02T02:38:54.5955794Z  ^[[32m✓^[[39m ^[[30m^[[42m unit ^[[49m^[[39m tests/core/tank-empty.test.ts ^[[2m(^[[22m^[[2m4 tests^[[22m^[[2m)^[[22m^[[32m 14^[[2mms^[[22m^[[39m
build	Gate	2026-10-02T02:38:54.6080166Z  ^[[32m✓^[[39m ^[[30m^[[42m unit ^[[49m^[[39m tests/core/guidance-truth.test.ts ^[[2m(^[[22m^[[2m4 tests^[[22m^[[2m)^[[22m^[[32m 128^[[2mms^[[22m^[[39m
build	Gate	2026-10-02T02:38:54.8312399Z  ^[[32m✓^[[39m ^[[30m^[[42m unit ^[[49m^[[39m tests/view/zoom.test.ts ^[[2m(^[[22m^[[2m7 tests^[[22m^[[2m)^[[22m^[[32m 8^[[2mms^[[22m^[[39m
build	Gate	2026-10-02T02:38:55.0535238Z  ^[[32m✓^[[39m ^[[30m^[[42m unit ^[[49m^[[39m tests/offline-classic.test.ts ^[[2m(^[[22m^[[2m3 tests^[[22m^[[2m)^[[22m^[[32m 15^[[2mms^[[22m^[[39m
build	Gate	2026-10-02T02:38:55.2178228Z  ^[[32m✓^[[39m ^[[30m^[[42m unit ^[[49m^[[39m tests/view/post.test.ts ^[[2m(^[[22m^[[2m12 tests^[[22m^[[2m)^[[22m^[[32m 9^[[2mms^[[22m^[[39m
build	Gate	2026-10-02T02:38:55.3300590Z  ^[[32m✓^[[39m ^[[30m^[[42m unit ^[[49m^[[39m tests/proofs/isa-into.test.ts ^[[2m(^[[22m^[[2m1 test^[[22m^[[2m)^[[22m^[[32m 31^[[2mms^[[22m^[[39m
build	Gate	2026-10-02T02:38:55.4912271Z  ^[[32m✓^[[39m ^[[30m^[[42m unit ^[[49m^[[39m tests/core/felt-g.test.ts ^[[2m(^[[22m^[[2m4 tests^[[22m^[[2m)^[[22m^[[32m 12^[[2mms^[[22m^[[39m
build	Gate	2026-10-02T02:38:55.5535124Z  ^[[32m✓^[[39m ^[[30m^[[42m unit ^[[49m^[[39m tests/core/landing-burn.test.ts ^[[2m(^[[22m^[[2m6 tests^[[22m^[[2m)^[[22m^[[32m 24^[[2mms^[[22m^[[39m
build	Gate	2026-10-02T02:38:55.6656508Z  ^[[32m✓^[[39m ^[[30m^[[42m unit ^[[49m^[[39m tests/ui/testids.test.ts ^[[2m(^[[22m^[[2m6 tests^[[22m^[[2m)^[[22m^[[32m 11^[[2mms^[[22m^[[39m
build	Gate	2026-10-02T02:38:55.7438569Z  ^[[32m✓^[[39m ^[[30m^[[42m unit ^[[49m^[[39m tests/ui/kit-boundary.test.ts ^[[2m(^[[22m^[[2m3 tests^[[22m^[[2m)^[[22m^[[32m 6^[[2mms^[[22m^[[39m
build	Gate	2026-10-02T02:38:56.8614103Z  ^[[32m✓^[[39m ^[[30m^[[42m unit ^[[49m^[[39m tests/core/random-failure-diff.test.ts ^[[2m(^[[22m^[[2m10 tests^[[22m^[[2m)^[[22m^[[33m 2327^[[2mms^[[22m^[[39m
build	Gate	2026-10-02T02:38:56.8641750Z      ^[[33m^[[2m✓^[[22m^[[39m before-flip is deterministic and identical across runs ^[[33m 814^[[2mms^[[22m^[[39m
build	Gate	2026-10-02T02:38:57.2484164Z  ^[[32m✓^[[39m ^[[30m^[[42m unit ^[[49m^[[39m tests/golden/compare.test.ts ^[[2m(^[[22m^[[2m5 tests^[[22m^[[2m)^[[22m^[[32m 147^[[2mms^[[22m^[[39m
build	Gate	2026-10-02T02:38:57.4602678Z  ^[[32m✓^[[39m ^[[30m^[[42m unit ^[[49m^[[39m tests/core/thermosphere.test.ts ^[[2m(^[[22m^[[2m10 tests^[[22m^[[2m)^[[22m^[[32m 9^[[2mms^[[22m^[[39m
build	Gate	2026-10-02T02:38:57.7264428Z  ^[[32m✓^[[39m ^[[30m^[[42m unit ^[[49m^[[39m tests/core/spawn-mach.test.ts ^[[2m(^[[22m^[[2m19 tests^[[22m^[[2m)^[[22m^[[32m 21^[[2mms^[[22m^[[39m
build	Gate	2026-10-02T02:38:57.9539201Z  ^[[32m✓^[[39m ^[[30m^[[42m unit ^[[49m^[[39m tests/core/propellant.test.ts ^[[2m(^[[22m^[[2m3 tests^[[22m^[[2m)^[[22m^[[32m 7^[[2mms^[[22m^[[39m
build	Gate	2026-10-02T02:38:58.1914403Z  ^[[32m✓^[[39m ^[[30m^[[42m unit ^[[49m^[[39m tests/reference/bands.test.ts ^[[2m(^[[22m^[[2m6 tests^[[22m^[[2m)^[[22m^[[32m 11^[[2mms^[[22m^[[39m
build	Gate	2026-10-02T02:38:58.4112147Z  ^[[32m✓^[[39m ^[[30m^[[42m unit ^[[49m^[[39m tests/reference/ratchet.test.ts ^[[2m(^[[22m^[[2m3 tests^[[22m^[[2m)^[[22m^[[32m 9^[[2mms^[[22m^[[39m
build	Gate	2026-10-02T02:38:59.3886191Z  ^[[32m✓^[[39m ^[[30m^[[42m unit ^[[49m^[[39m tests/core/rotating-frame-step.test.ts ^[[2m(^[[22m^[[2m2 tests^[[22m^[[2m)^[[22m^[[33m 3416^[[2mms^[[22m^[[39m
build	Gate	2026-10-02T02:38:59.3888825Z      ^[[33m^[[2m✓^[[22m^[[39m a circular inertial orbit stays circular when flown at its ground-relative speed ^[[33m 1464^[[2mms^[[22m^[[39m
build	Gate	2026-10-02T02:38:59.3891253Z      ^[[33m^[[2m✓^[[22m^[[39m a body at the synchronous radius with no ground speed stays over the same point ^[[33m 1951^[[2mms^[[22m^[[39m
build	Gate	2026-10-02T02:38:59.6228159Z  ^[[32m✓^[[39m ^[[30m^[[42m unit ^[[49m^[[39m tests/ui/shell/fields-presets.test.ts ^[[2m(^[[22m^[[2m9 tests^[[22m^[[2m)^[[22m^[[32m 15^[[2mms^[[22m^[[39m
build	Gate	2026-10-02T02:38:59.7832184Z  ^[[32m✓^[[39m ^[[30m^[[42m unit ^[[49m^[[39m tests/core/engine-out-landings.test.ts ^[[2m(^[[22m^[[2m4 tests^[[22m^[[2m)^[[22m^[[33m 1094^[[2mms^[[22m^[[39m
build	Gate	2026-10-02T02:38:59.7834395Z      ^[[33m^[[2m✓^[[22m^[[39m before-flip-autoland/one-out: landed ^[[33m 561^[[2mms^[[22m^[[39m
build	Gate	2026-10-02T02:38:59.7836092Z      ^[[33m^[[2m✓^[[22m^[[39m before-flip-autoland/two-out: landed ^[[33m 427^[[2mms^[[22m^[[39m
build	Gate	2026-10-02T02:39:10.9768114Z  ^[[32m✓^[[39m ^[[30m^[[42m unit ^[[49m^[[39m tests/core/deorbit-range.test.ts ^[[2m(^[[22m^[[2m6 tests^[[22m^[[2m)^[[22m^[[33m 10273^[[2mms^[[22m^[[39m
build	Gate	2026-10-02T02:39:10.9769314Z      ^[[33m^[[2m✓^[[22m^[[39m engine 0 out ^[[33m 3452^[[2mms^[[22m^[[39m
build	Gate	2026-10-02T02:39:10.9770306Z      ^[[33m^[[2m✓^[[22m^[[39m engine 1 out ^[[33m 3439^[[2mms^[[22m^[[39m
build	Gate	2026-10-02T02:39:10.9771014Z      ^[[33m^[[2m✓^[[22m^[[39m engine 2 out ^[[33m 3377^[[2mms^[[22m^[[39m
build	Gate	2026-10-02T02:39:10.9831983Z 
build	Gate	2026-10-02T02:39:10.9843977Z ^[[2m Test Files ^[[22m ^[[1m^[[32m147 passed^[[39m^[[22m^[[90m (147)^[[39m
build	Gate	2026-10-02T02:39:10.9853933Z ^[[2m      Tests ^[[22m ^[[1m^[[32m1941 passed^[[39m^[[22m^[[90m (1941)^[[39m
build	Gate	2026-10-02T02:39:10.9855054Z ^[[2m   Start at ^[[22m 02:36:49
build	Gate	2026-10-02T02:39:10.9858259Z ^[[2m   Duration ^[[22m 141.51s^[[2m (transform 5.34s, setup 2.97s, import 51.58s, tests 280.73s, environment 40.29s)^[[22m
build	Gate	2026-10-02T02:39:10.9860588Z 
build	Gate	2026-10-02T02:39:11.1349595Z 
build	Gate	2026-10-02T02:39:11.1350492Z > starship-simulator-v2@0.1.0 coverage
build	Gate	2026-10-02T02:39:11.1351065Z > vitest run --coverage --testTimeout=120000
build	Gate	2026-10-02T02:39:11.1351311Z 
build	Gate	2026-10-02T02:39:11.5584047Z 
build	Gate	2026-10-02T02:39:11.5588082Z ^[[1m^[[30m^[[46m RUN ^[[49m^[[39m^[[22m ^[[36mv4.1.11 ^[[39m^[[90m/home/runner/work/StarShipSimulator/StarShipSimulator^[[39m
build	Gate	2026-10-02T02:39:11.5588872Z       ^[[2mCoverage enabled with ^[[22m^[[33mv8^[[39m
build	Gate	2026-10-02T02:39:11.5589128Z 
build	Gate	2026-10-02T02:39:14.2540904Z  ^[[32m✓^[[39m ^[[30m^[[45m kit ^[[49m^[[39m src/ui/kit/input/GamepadNavProvider.test.tsx ^[[2m(^[[22m^[[2m7 tests^[[22m^[[2m)^[[22m^[[33m 724^[[2mms^[[22m^[[39m
build	Gate	2026-10-02T02:39:14.4057709Z  ^[[32m✓^[[39m ^[[30m^[[45m kit ^[[49m^[[39m src/ui/kit/ConfirmDialog/ConfirmDialog.test.tsx ^[[2m(^[[22m^[[2m7 tests^[[22m^[[2m)^[[22m^[[33m 813^[[2mms^[[22m^[[39m
build	Gate	2026-10-02T02:39:14.4060367Z    ^[[33m^[[2m✓^[[22m^[[39m queues requests, resolves each once, and preserves alert semantics ^[[33m 439^[[2mms^[[22m^[[39m
build	Gate	2026-10-02T02:39:16.2474859Z  ^[[32m✓^[[39m ^[[30m^[[45m kit ^[[49m^[[39m src/ui/kit/motion/useChipPanelMorph.test.tsx ^[[2m(^[[22m^[[2m7 tests^[[22m^[[2m)^[[22m^[[33m 2416^[[2mms^[[22m^[[39m
build	Gate	2026-10-02T02:39:16.2511970Z    ^[[33m^[[2m✓^[[22m^[[39m mounts at once, hands the frame to the shell and settles after the expansion ^[[33m 536^[[2mms^[[22m^[[39m
build	Gate	2026-10-02T02:39:16.2513343Z    ^[[33m^[[2m✓^[[22m^[[39m ends open and consistent after a rapid open, close, open ^[[33m 470^[[2mms^[[22m^[[39m
build	Gate	2026-10-02T02:39:16.2541481Z    ^[[33m^[[2m✓^[[22m^[[39m ends closed and unmounted after a rapid close, open, close ^[[33m 739^[[2mms^[[22m^[[39m
build	Gate	2026-10-02T02:39:16.2571286Z    ^[[33m^[[2m✓^[[22m^[[39m kills the motion when unmounted mid-flight ^[[33m 322^[[2mms^[[22m^[[39m
build	Gate	2026-10-02T02:39:16.2867552Z  ^[[32m✓^[[39m ^[[30m^[[45m kit ^[[49m^[[39m src/ui/kit/NumberField/NumberField.test.tsx ^[[2m(^[[22m^[[2m6 tests^[[22m^[[2m)^[[22m^[[33m 436^[[2mms^[[22m^[[39m
build	Gate	2026-10-02T02:39:16.2891777Z      ^[[33m^[[2m✓^[[22m^[[39m keeps empty optional overrides distinct from zero without changing required-field behavior ^[[33m 305^[[2mms^[[22m^[[39m
build	Gate	2026-10-02T02:39:16.2896794Z  ^[[32m✓^[[39m ^[[30m^[[45m kit ^[[49m^[[39m src/ui/kit/LoadingState/LoadingState.test.tsx ^[[2m(^[[22m^[[2m4 tests^[[22m^[[2m)^[[22m^[[33m 420^[[2mms^[[22m^[[39m
build	Gate	2026-10-02T02:39:18.2385555Z Not implemented: HTMLCanvasElement's getContext() method: without installing the canvas npm package
build	Gate	2026-10-02T02:39:18.2886297Z Not implemented: HTMLCanvasElement's getContext() method: without installing the canvas npm package
build	Gate	2026-10-02T02:39:18.3453373Z Not implemented: HTMLCanvasElement's getContext() method: without installing the canvas npm package
build	Gate	2026-10-02T02:39:18.3665376Z Not implemented: HTMLCanvasElement's getContext() method: without installing the canvas npm package
build	Gate	2026-10-02T02:39:18.3967286Z Not implemented: HTMLCanvasElement's getContext() method: without installing the canvas npm package
build	Gate	2026-10-02T02:39:18.4391443Z Not implemented: HTMLCanvasElement's getContext() method: without installing the canvas npm package
build	Gate	2026-10-02T02:39:18.4679179Z Not implemented: HTMLCanvasElement's getContext() method: without installing the canvas npm package
build	Gate	2026-10-02T02:39:18.4937023Z Not implemented: HTMLCanvasElement's getContext() method: without installing the canvas npm package
build	Gate	2026-10-02T02:39:18.5291588Z Not implemented: HTMLCanvasElement's getContext() method: without installing the canvas npm package
build	Gate	2026-10-02T02:39:18.5384756Z Not implemented: HTMLCanvasElement's getContext() method: without installing the canvas npm package
build	Gate	2026-10-02T02:39:18.5532879Z Not implemented: HTMLCanvasElement's getContext() method: without installing the canvas npm package
build	Gate	2026-10-02T02:39:18.5585196Z Not implemented: HTMLCanvasElement's getContext() method: without installing the canvas npm package
build	Gate	2026-10-02T02:39:18.5919741Z Not implemented: HTMLCanvasElement's getContext() method: without installing the canvas npm package
build	Gate	2026-10-02T02:39:18.6422507Z  ^[[32m✓^[[39m ^[[30m^[[45m kit ^[[49m^[[39m src/ui/kit/BrickField/BrickField.test.tsx ^[[2m(^[[22m^[[2m15 tests^[[22m^[[2m)^[[22m^[[33m 673^[[2mms^[[22m^[[39m
build	Gate	2026-10-02T02:39:18.6425195Z    ^[[33m^[[2m✓^[[22m^[[39m runs one frame chain only while active, visible, and intersecting ^[[33m 319^[[2mms^[[22m^[[39m
build	Gate	2026-10-02T02:39:18.7172259Z  ^[[32m✓^[[39m ^[[30m^[[45m kit ^[[49m^[[39m src/ui/kit/Dialog/Dialog.test.tsx ^[[2m(^[[22m^[[2m2 tests^[[22m^[[2m)^[[22m^[[33m 401^[[2mms^[[22m^[[39m
build	Gate	2026-10-02T02:39:18.7201539Z    ^[[33m^[[2m✓^[[22m^[[39m uses the safe viewport shell and keeps one scroll owner ^[[33m 351^[[2mms^[[22m^[[39m
build	Gate	2026-10-02T02:39:18.7952764Z  ^[[32m✓^[[39m ^[[30m^[[45m kit ^[[49m^[[39m src/ui/kit/LoadingState/LoadingState.accessibility.test.tsx ^[[2m(^[[22m^[[2m1 test^[[22m^[[2m)^[[22m^[[33m 440^[[2mms^[[22m^[[39m
build	Gate	2026-10-02T02:39:18.7955059Z    ^[[33m^[[2m✓^[[22m^[[39m updates one stable live region immediately outside the keyed inert animation ^[[33m 435^[[2mms^[[22m^[[39m
build	Gate	2026-10-02T02:39:20.6782567Z  ^[[32m✓^[[39m ^[[30m^[[45m kit ^[[49m^[[39m src/ui/kit/ConnectedMedia/ConnectedMedia.test.tsx ^[[2m(^[[22m^[[2m3 tests^[[22m^[[2m)^[[22m^[[33m 319^[[2mms^[[22m^[[39m
build	Gate	2026-10-02T02:39:20.8439363Z  ^[[32m✓^[[39m ^[[30m^[[45m kit ^[[49m^[[39m src/ui/kit/BrickField/brickMotion.test.ts ^[[2m(^[[22m^[[2m8 tests^[[22m^[[2m)^[[22m^[[33m 547^[[2mms^[[22m^[[39m
build	Gate	2026-10-02T02:39:20.8862452Z  ^[[32m✓^[[39m ^[[30m^[[45m kit ^[[49m^[[39m src/ui/kit/motion/effects.test.ts ^[[2m(^[[22m^[[2m7 tests^[[22m^[[2m)^[[22m^[[33m 364^[[2mms^[[22m^[[39m
build	Gate	2026-10-02T02:39:22.7131315Z  ^[[32m✓^[[39m ^[[30m^[[45m kit ^[[49m^[[39m src/ui/kit/FormRow/FormRow.test.tsx ^[[2m(^[[22m^[[2m2 tests^[[22m^[[2m)^[[22m^[[33m 347^[[2mms^[[22m^[[39m
build	Gate	2026-10-02T02:39:22.9323138Z  ^[[32m✓^[[39m ^[[30m^[[45m kit ^[[49m^[[39m src/ui/kit/SliderRow/SliderRow.test.tsx ^[[2m(^[[22m^[[2m2 tests^[[22m^[[2m)^[[22m^[[33m 309^[[2mms^[[22m^[[39m
build	Gate	2026-10-02T02:39:22.9866942Z  ^[[32m✓^[[39m ^[[30m^[[45m kit ^[[49m^[[39m src/ui/kit/FieldStatus/FieldStatus.test.tsx ^[[2m(^[[22m^[[2m2 tests^[[22m^[[2m)^[[22m^[[33m 344^[[2mms^[[22m^[[39m
build	Gate	2026-10-02T02:39:22.9892045Z      ^[[33m^[[2m✓^[[22m^[[39m announces pending and explicitly applied states as polite status ^[[33m 308^[[2mms^[[22m^[[39m
build	Gate	2026-10-02T02:39:24.7931801Z  ^[[32m✓^[[39m ^[[30m^[[45m kit ^[[49m^[[39m src/ui/kit/Tile/Tile.test.tsx ^[[2m(^[[22m^[[2m1 test^[[22m^[[2m)^[[22m^[[33m 364^[[2mms^[[22m^[[39m
build	Gate	2026-10-02T02:39:24.7961419Z    ^[[33m^[[2m✓^[[22m^[[39m exposes selection independently from activation and preserves native disabled behavior ^[[33m 360^[[2mms^[[22m^[[39m
build	Gate	2026-10-02T02:39:24.9199664Z  ^[[32m✓^[[39m ^[[30m^[[45m kit ^[[49m^[[39m src/ui/kit/Toggle/Toggle.test.tsx ^[[2m(^[[22m^[[2m1 test^[[22m^[[2m)^[[22m^[[33m 359^[[2mms^[[22m^[[39m
build	Gate	2026-10-02T02:39:24.9211080Z    ^[[33m^[[2m✓^[[22m^[[39m reports switch state and does not toggle while disabled ^[[33m 355^[[2mms^[[22m^[[39m
build	Gate	2026-10-02T02:39:25.0512167Z  ^[[32m✓^[[39m ^[[30m^[[45m kit ^[[49m^[[39m src/ui/kit/Button/Button.test.tsx ^[[2m(^[[22m^[[2m1 test^[[22m^[[2m)^[[22m^[[33m 303^[[2mms^[[22m^[[39m
build	Gate	2026-10-02T02:39:26.8302175Z  ^[[32m✓^[[39m ^[[30m^[[45m kit ^[[49m^[[39m src/ui/kit/input/InputOwnershipProvider.test.tsx ^[[2m(^[[22m^[[2m3 tests^[[22m^[[2m)^[[22m^[[33m 323^[[2mms^[[22m^[[39m
build	Gate	2026-10-02T02:39:26.9313442Z  ^[[32m✓^[[39m ^[[30m^[[45m kit ^[[49m^[[39m src/ui/kit/TransitionView/TransitionView.test.tsx ^[[2m(^[[22m^[[2m4 tests^[[22m^[[2m)^[[22m^[[32m 115^[[2mms^[[22m^[[39m
build	Gate	2026-10-02T02:39:26.9412119Z  ^[[32m✓^[[39m ^[[30m^[[45m kit ^[[49m^[[39m src/ui/kit/TabStrip/TabStrip.test.tsx ^[[2m(^[[22m^[[2m1 test^[[22m^[[2m)^[[22m^[[33m 321^[[2mms^[[22m^[[39m
build	Gate	2026-10-02T02:39:26.9415747Z    ^[[33m^[[2m✓^[[22m^[[39m preserves tab roles, selection and activation callbacks ^[[33m 316^[[2mms^[[22m^[[39m
build	Gate	2026-10-02T02:39:28.4701996Z  ^[[32m✓^[[39m ^[[30m^[[45m kit ^[[49m^[[39m src/ui/kit/InputLegend/InputLegend.test.tsx ^[[2m(^[[22m^[[2m2 tests^[[22m^[[2m)^[[22m^[[32m 80^[[2mms^[[22m^[[39m
build	Gate	2026-10-02T02:39:28.7222240Z  ^[[32m✓^[[39m ^[[30m^[[45m kit ^[[49m^[[39m src/ui/kit/motion/useReducedMotion.test.tsx ^[[2m(^[[22m^[[2m1 test^[[22m^[[2m)^[[22m^[[32m 40^[[2mms^[[22m^[[39m
build	Gate	2026-10-02T02:39:28.8603009Z  ^[[32m✓^[[39m ^[[30m^[[45m kit ^[[49m^[[39m src/ui/kit/motion/useMotionTimeline.test.tsx ^[[2m(^[[22m^[[2m3 tests^[[22m^[[2m)^[[22m^[[32m 41^[[2mms^[[22m^[[39m
build	Gate	2026-10-02T02:39:29.9581335Z  ^[[32m✓^[[39m ^[[30m^[[45m kit ^[[49m^[[39m src/ui/kit/input/ownership.test.ts ^[[2m(^[[22m^[[2m16 tests^[[22m^[[2m)^[[22m^[[32m 26^[[2mms^[[22m^[[39m
build	Gate	2026-10-02T02:39:30.1631843Z  ^[[32m✓^[[39m ^[[30m^[[45m kit ^[[49m^[[39m src/ui/kit/internal/utils.test.ts ^[[2m(^[[22m^[[2m1 test^[[22m^[[2m)^[[22m^[[32m 17^[[2mms^[[22m^[[39m
build	Gate	2026-10-02T02:39:30.4678214Z  ^[[32m✓^[[39m ^[[30m^[[45m kit ^[[49m^[[39m src/ui/kit/BrickField/renderer.test.ts ^[[2m(^[[22m^[[2m3 tests^[[22m^[[2m)^[[22m^[[32m 25^[[2mms^[[22m^[[39m
build	Gate	2026-10-02T02:39:31.4955064Z  ^[[32m✓^[[39m ^[[30m^[[45m kit ^[[49m^[[39m src/ui/kit/BrickField/gpuTimer.test.ts ^[[2m(^[[22m^[[2m3 tests^[[22m^[[2m)^[[22m^[[32m 15^[[2mms^[[22m^[[39m
build	Gate	2026-10-02T02:39:31.6418909Z  ^[[32m✓^[[39m ^[[30m^[[45m kit ^[[49m^[[39m src/ui/kit/styles/motion.test.ts ^[[2m(^[[22m^[[2m1 test^[[22m^[[2m)^[[22m^[[32m 6^[[2mms^[[22m^[[39m
build	Gate	2026-10-02T02:39:32.4884505Z  ^[[32m✓^[[39m ^[[30m^[[45m kit ^[[49m^[[39m src/ui/kit/public-api.test.ts ^[[2m(^[[22m^[[2m1 test^[[22m^[[2m)^[[22m^[[32m 5^[[2mms^[[22m^[[39m
build	Gate	2026-10-02T02:40:51.0457657Z  ^[[32m✓^[[39m ^[[30m^[[42m unit ^[[49m^[[39m tests/core/orbit.test.ts ^[[2m(^[[22m^[[2m18 tests^[[22m^[[2m)^[[22m^[[33m 79002^[[2mms^[[22m^[[39m
build	Gate	2026-10-02T02:40:51.0461348Z      ^[[33m^[[2m✓^[[22m^[[39m altitude holds within a kilometre over a full lap ^[[33m 9725^[[2mms^[[22m^[[39m
build	Gate	2026-10-02T02:40:51.0463044Z      ^[[33m^[[2m✓^[[22m^[[39m speed holds within a metre per second over a full lap ^[[33m 13356^[[2mms^[[22m^[[39m
build	Gate	2026-10-02T02:40:51.0464607Z      ^[[33m^[[2m✓^[[22m^[[39m never dips into the atmosphere or climbs away ^[[33m 14623^[[2mms^[[22m^[[39m
build	Gate	2026-10-02T02:40:51.0466098Z      ^[[33m^[[2m✓^[[22m^[[39m completes a full revolution of downrange distance ^[[33m 13926^[[2mms^[[22m^[[39m
build	Gate	2026-10-02T02:40:51.0467789Z      ^[[33m^[[2m✓^[[22m^[[39m specific orbital energy drifts by less than one part in a thousand ^[[33m 1635^[[2mms^[[22m^[[39m
build	Gate	2026-10-02T02:40:51.0470156Z      ^[[33m^[[2m✓^[[22m^[[39m specific angular momentum is conserved as the vehicle climbs ^[[33m 907^[[2mms^[[22m^[[39m
build	Gate	2026-10-02T02:40:51.0471708Z      ^[[33m^[[2m✓^[[22m^[[39m an elliptical orbit comes back down again ^[[33m 24452^[[2mms^[[22m^[[39m
build	Gate	2026-10-02T02:40:51.0473318Z      ^[[33m^[[2m✓^[[22m^[[39m a vehicle at orbital speed holds altitude now, and could not have then ^[[33m 367^[[2mms^[[22m^[[39m
build	Gate	2026-10-02T02:40:58.1590187Z ^[[90mstdout^[[2m | tests/view/perf.test.ts^[[2m > ^[[22m^[[2mparticle pool headroom, with the velocity streaks added^[[2m > ^[[22m^[[2mreports peak usage across all seven scenarios against the 576 baseline
build	Gate	2026-10-02T02:40:58.1600550Z ^[[22m^[[39mlaunch-pad-takeoff: peak 735 · booster-sep-boostback: peak 491 · rtls-boostback: peak 544 · reentry-autoland: peak 602 · before-flip-autoland: peak 631 · landing-burn-autoland: peak 636 · landing-burn-headwind: peak 649 · intro-demo: peak 656
build	Gate	2026-10-02T02:40:58.1603192Z    worst 735 of 4000 (82% free), at launch-pad-takeoff; baseline before M7.5 was 576
build	Gate	2026-10-02T02:40:58.1604060Z 
build	Gate	2026-10-02T02:41:08.7075841Z  ^[[32m✓^[[39m ^[[30m^[[42m unit ^[[49m^[[39m tests/view/perf.test.ts ^[[2m(^[[22m^[[2m8 tests^[[22m^[[2m)^[[22m^[[33m 95552^[[2mms^[[22m^[[39m
build	Gate	2026-10-02T02:41:08.7078002Z      ^[[33m^[[2m✓^[[22m^[[39m the particle pool is fixed for the life of the system ^[[33m 8717^[[2mms^[[22m^[[39m
build	Gate	2026-10-02T02:41:08.7079761Z      ^[[33m^[[2m✓^[[22m^[[39m the M6.7 and M7.5 effects do not grow it either ^[[33m 23144^[[2mms^[[22m^[[39m
build	Gate	2026-10-02T02:41:08.7081699Z      ^[[33m^[[2m✓^[[22m^[[39m a long flight does not grow the heap without bound ^[[33m 642^[[2mms^[[22m^[[39m
build	Gate	2026-10-02T02:41:08.7083417Z      ^[[33m^[[2m✓^[[22m^[[39m reports peak usage across all seven scenarios against the 576 baseline ^[[33m 52151^[[2mms^[[22m^[[39m
build	Gate	2026-10-02T02:41:08.7085132Z      ^[[33m^[[2m✓^[[22m^[[39m the shock-banded core does not grow the pool either ^[[33m 10519^[[2mms^[[22m^[[39m
build	Gate	2026-10-02T02:41:38.3347834Z  ^[[32m✓^[[39m ^[[30m^[[42m unit ^[[49m^[[39m tests/core/angular-momentum.test.ts ^[[2m(^[[22m^[[2m8 tests^[[22m^[[2m)^[[22m^[[33m 46962^[[2mms^[[22m^[[39m
build	Gate	2026-10-02T02:41:38.3356050Z      ^[[33m^[[2m✓^[[22m^[[39m to better than a part in ten thousand over a hundred minutes ^[[33m 17945^[[2mms^[[22m^[[39m
build	Gate	2026-10-02T02:41:38.3357893Z      ^[[33m^[[2m✓^[[22m^[[39m and the orbit reaches the apogee the energy says it should ^[[33m 17124^[[2mms^[[22m^[[39m
build	Gate	2026-10-02T02:41:38.3359735Z      ^[[33m^[[2m✓^[[22m^[[39m the simulation agrees to within a kilometre in five thousand ^[[33m 1625^[[2mms^[[22m^[[39m
build	Gate	2026-10-02T02:41:38.3361908Z      ^[[33m^[[2m✓^[[22m^[[39m and the guidance's conic predicts the ground arc the simulation flies ^[[33m 1000^[[2mms^[[22m^[[39m
build	Gate	2026-10-02T02:41:38.3363784Z      ^[[33m^[[2m✓^[[22m^[[39m and CONVERGES — which is how a model error tells itself from an integrator one ^[[33m 9260^[[2mms^[[22m^[[39m
build	Gate	2026-10-02T02:41:49.3156891Z  ^[[32m✓^[[39m ^[[30m^[[42m unit ^[[49m^[[39m tests/app/view-clock.test.ts ^[[2m(^[[22m^[[2m40 tests^[[22m^[[2m)^[[22m^[[33m 40303^[[2mms^[[22m^[[39m
build	Gate	2026-10-02T02:41:49.3159759Z      ^[[33m^[[2m✓^[[22m^[[39m launch-pad-takeoff, with frames dropping ^[[33m 439^[[2mms^[[22m^[[39m
build	Gate	2026-10-02T02:41:49.3161683Z      ^[[33m^[[2m✓^[[22m^[[39m booster-sep-boostback, with frames dropping ^[[33m 403^[[2mms^[[22m^[[39m
build	Gate	2026-10-02T02:41:49.3163219Z      ^[[33m^[[2m✓^[[22m^[[39m rtls-boostback, with frames dropping ^[[33m 434^[[2mms^[[22m^[[39m
build	Gate	2026-10-02T02:41:49.3164602Z      ^[[33m^[[2m✓^[[22m^[[39m reentry-autoland, with frames dropping ^[[33m 399^[[2mms^[[22m^[[39m
build	Gate	2026-10-02T02:41:49.3166033Z      ^[[33m^[[2m✓^[[22m^[[39m before-flip-autoland, with frames dropping ^[[33m 1139^[[2mms^[[22m^[[39m
build	Gate	2026-10-02T02:41:49.3167363Z      ^[[33m^[[2m✓^[[22m^[[39m rtls-boostback, at 9x warp ^[[33m 331^[[2mms^[[22m^[[39m
build	Gate	2026-10-02T02:41:49.3168592Z      ^[[33m^[[2m✓^[[22m^[[39m reentry-autoland, at 9x warp ^[[33m 396^[[2mms^[[22m^[[39m
build	Gate	2026-10-02T02:41:49.3170075Z      ^[[33m^[[2m✓^[[22m^[[39m before-flip-autoland, at 9x warp ^[[33m 1006^[[2mms^[[22m^[[39m
build	Gate	2026-10-02T02:41:49.3171531Z      ^[[33m^[[2m✓^[[22m^[[39m booster-sep-boostback, at 1/9 speed ^[[33m 322^[[2mms^[[22m^[[39m
build	Gate	2026-10-02T02:41:49.3173234Z      ^[[33m^[[2m✓^[[22m^[[39m rtls-boostback, at 1/9 speed ^[[33m 312^[[2mms^[[22m^[[39m
build	Gate	2026-10-02T02:41:49.3174487Z      ^[[33m^[[2m✓^[[22m^[[39m reentry-autoland, at 1/9 speed ^[[33m 446^[[2mms^[[22m^[[39m
build	Gate	2026-10-02T02:41:49.3175783Z      ^[[33m^[[2m✓^[[22m^[[39m before-flip-autoland, at 1/9 speed ^[[33m 1544^[[2mms^[[22m^[[39m
build	Gate	2026-10-02T02:41:49.3177531Z      ^[[33m^[[2m✓^[[22m^[[39m launch-pad-takeoff lands the camera on the same metre at 60 fps, with stalls, and at 9x ^[[33m 863^[[2mms^[[22m^[[39m
build	Gate	2026-10-02T02:41:49.3179599Z      ^[[33m^[[2m✓^[[22m^[[39m booster-sep-boostback lands the camera on the same metre at 60 fps, with stalls, and at 9x ^[[33m 1212^[[2mms^[[22m^[[39m
build	Gate	2026-10-02T02:41:49.3181904Z      ^[[33m^[[2m✓^[[22m^[[39m rtls-boostback lands the camera on the same metre at 60 fps, with stalls, and at 9x ^[[33m 1156^[[2mms^[[22m^[[39m
build	Gate	2026-10-02T02:41:49.3183876Z      ^[[33m^[[2m✓^[[22m^[[39m reentry-autoland lands the camera on the same metre at 60 fps, with stalls, and at 9x ^[[33m 1670^[[2mms^[[22m^[[39m
build	Gate	2026-10-02T02:41:49.3185919Z      ^[[33m^[[2m✓^[[22m^[[39m before-flip-autoland lands the camera on the same metre at 60 fps, with stalls, and at 9x ^[[33m 4035^[[2mms^[[22m^[[39m
build	Gate	2026-10-02T02:41:49.3187967Z      ^[[33m^[[2m✓^[[22m^[[39m landing-burn-autoland lands the camera on the same metre at 60 fps, with stalls, and at 9x ^[[33m 378^[[2mms^[[22m^[[39m
build	Gate	2026-10-02T02:41:49.3190209Z      ^[[33m^[[2m✓^[[22m^[[39m landing-burn-headwind lands the camera on the same metre at 60 fps, with stalls, and at 9x ^[[33m 423^[[2mms^[[22m^[[39m
build	Gate	2026-10-02T02:41:49.3192200Z      ^[[33m^[[2m✓^[[22m^[[39m intro-demo lands the camera on the same metre at 60 fps, with stalls, and at 9x ^[[33m 749^[[2mms^[[22m^[[39m
build	Gate	2026-10-02T02:41:49.3193862Z      ^[[33m^[[2m✓^[[22m^[[39m the wall clock loses the vehicle when frames drop ^[[33m 3012^[[2mms^[[22m^[[39m
build	Gate	2026-10-02T02:41:49.3195544Z      ^[[33m^[[2m✓^[[22m^[[39m the wall clock loses it at 9x warp, failing the other way round ^[[33m 4524^[[2mms^[[22m^[[39m
build	Gate	2026-10-02T02:41:49.3197254Z      ^[[33m^[[2m✓^[[22m^[[39m and simulated time once per FRAME is better, but still not enough ^[[33m 4303^[[2mms^[[22m^[[39m
build	Gate	2026-10-02T02:41:49.3199323Z      ^[[33m^[[2m✓^[[22m^[[39m all three agree when nothing goes wrong, which is why this survived ^[[33m 8935^[[2mms^[[22m^[[39m
build	Gate	2026-10-02T02:42:07.5026523Z  ^[[32m✓^[[39m ^[[30m^[[42m unit ^[[49m^[[39m tests/core/orbit-demo.test.ts ^[[2m(^[[22m^[[2m31 tests^[[22m^[[2m)^[[22m^[[33m 118565^[[2mms^[[22m^[[39m
build	Gate	2026-10-02T02:42:07.5041486Z      ^[[33m^[[2m✓^[[22m^[[39m a 150 km orbit holds for a full 88-minute lap ^[[33m 10311^[[2mms^[[22m^[[39m
build	Gate	2026-10-02T02:42:07.5074850Z      ^[[33m^[[2m✓^[[22m^[[39m and 100 km still does not — which is why the presets are at 150 ^[[33m 4100^[[2mms^[[22m^[[39m
build	Gate	2026-10-02T02:42:07.5101232Z      ^[[33m^[[2m✓^[[22m^[[39m is deterministic — the same flight twice ^[[33m 10134^[[2mms^[[22m^[[39m
build	Gate	2026-10-02T02:42:07.5132719Z      ^[[33m^[[2m✓^[[22m^[[39m from a different starting longitude — half a lap further round ^[[33m 27640^[[2mms^[[22m^[[39m
build	Gate	2026-10-02T02:42:07.5160113Z      ^[[33m^[[2m✓^[[22m^[[39m 100 tonnes lighter at ignition ^[[33m 18684^[[2mms^[[22m^[[39m
build	Gate	2026-10-02T02:42:07.5173615Z      ^[[33m^[[2m✓^[[22m^[[39m with an engine already failed, so the burn is a third longer ^[[33m 15334^[[2mms^[[22m^[[39m
build	Gate	2026-10-02T02:42:07.5175255Z      ^[[33m^[[2m✓^[[22m^[[39m from 120 km, below the presets ^[[33m 12498^[[2mms^[[22m^[[39m
build	Gate	2026-10-02T02:42:07.5176730Z      ^[[33m^[[2m✓^[[22m^[[39m from 300 km it still lands, but the envelope is showing ^[[33m 10150^[[2mms^[[22m^[[39m
build	Gate	2026-10-02T02:42:07.5178340Z      ^[[33m^[[2m✓^[[22m^[[39m spends the coast turning around, because RCS is slow ^[[33m 4759^[[2mms^[[22m^[[39m
build	Gate	2026-10-02T02:42:07.5180094Z      ^[[33m^[[2m✓^[[22m^[[39m does not fire until the ground track is right ^[[33m 4866^[[2mms^[[22m^[[39m
build	Gate	2026-10-02T02:42:12.7220852Z  ^[[32m✓^[[39m ^[[30m^[[42m unit ^[[49m^[[39m tests/core/verlet.test.ts ^[[2m(^[[22m^[[2m8 tests^[[22m^[[2m)^[[22m^[[33m 34113^[[2mms^[[22m^[[39m
build	Gate	2026-10-02T02:42:12.7224305Z      ^[[33m^[[2m✓^[[22m^[[39m halving dt quarters the error — the ratio is 4, where Euler gave 2 ^[[33m 4059^[[2mms^[[22m^[[39m
build	Gate	2026-10-02T02:42:12.7226645Z      ^[[33m^[[2m✓^[[22m^[[39m and is millimetres at 15 Hz, where Euler was 796 metres ^[[33m 4005^[[2mms^[[22m^[[39m
build	Gate	2026-10-02T02:42:12.7228583Z      ^[[33m^[[2m✓^[[22m^[[39m to a part in 10^10 or better at every rate the simulation runs at ^[[33m 12652^[[2mms^[[22m^[[39m
build	Gate	2026-10-02T02:42:12.7230431Z      ^[[33m^[[2m✓^[[22m^[[39m altitude drift is a centimetre, and does not depend on dt ^[[33m 11163^[[2mms^[[22m^[[39m
build	Gate	2026-10-02T02:42:12.7232096Z      ^[[33m^[[2m✓^[[22m^[[39m and in true vacuum, at 800 km, energy and altitude do not move at all ^[[33m 2203^[[2mms^[[22m^[[39m
build	Gate	2026-10-02T02:42:25.7331490Z  ^[[32m✓^[[39m ^[[30m^[[42m unit ^[[49m^[[39m tests/flies-every-scenario.test.ts ^[[2m(^[[22m^[[2m17 tests^[[22m^[[2m)^[[22m^[[33m 36130^[[2mms^[[22m^[[39m
build	Gate	2026-10-02T02:42:25.7337916Z      ^[[33m^[[2m✓^[[22m^[[39m launch-pad flies ^[[33m 1998^[[2mms^[[22m^[[39m
build	Gate	2026-10-02T02:42:25.7339167Z      ^[[33m^[[2m✓^[[22m^[[39m booster-sep flies ^[[33m 976^[[2mms^[[22m^[[39m
build	Gate	2026-10-02T02:42:25.7340665Z      ^[[33m^[[2m✓^[[22m^[[39m rtls flies ^[[33m 521^[[2mms^[[22m^[[39m
build	Gate	2026-10-02T02:42:25.7341747Z      ^[[33m^[[2m✓^[[22m^[[39m reentry flies ^[[33m 444^[[2mms^[[22m^[[39m
build	Gate	2026-10-02T02:42:25.7342770Z      ^[[33m^[[2m✓^[[22m^[[39m circularize flies ^[[33m 1941^[[2mms^[[22m^[[39m
build	Gate	2026-10-02T02:42:25.7343887Z      ^[[33m^[[2m✓^[[22m^[[39m deorbit flies ^[[33m 1931^[[2mms^[[22m^[[39m
build	Gate	2026-10-02T02:42:25.7344995Z      ^[[33m^[[2m✓^[[22m^[[39m booster-sep: auto-land landed ^[[33m 7494^[[2mms^[[22m^[[39m
build	Gate	2026-10-02T02:42:25.7346291Z      ^[[33m^[[2m✓^[[22m^[[39m rtls: auto-land landed ^[[33m 6008^[[2mms^[[22m^[[39m
build	Gate	2026-10-02T02:42:25.7347448Z      ^[[33m^[[2m✓^[[22m^[[39m before-flip: auto-land landed ^[[33m 1173^[[2mms^[[22m^[[39m
build	Gate	2026-10-02T02:42:25.7348602Z      ^[[33m^[[2m✓^[[22m^[[39m reentry: auto-land landed ^[[33m 6028^[[2mms^[[22m^[[39m
build	Gate	2026-10-02T02:42:25.7350113Z      ^[[33m^[[2m✓^[[22m^[[39m reentry: survives the heat it now actually meets ^[[33m 7257^[[2mms^[[22m^[[39m
build	Gate	2026-10-02T02:42:28.3710102Z  ^[[32m✓^[[39m ^[[30m^[[42m unit ^[[49m^[[39m tests/core/camera.test.ts ^[[2m(^[[22m^[[2m100 tests^[[22m^[[2m)^[[22m^[[33m 15305^[[2mms^[[22m^[[39m
build	Gate	2026-10-02T02:42:28.3713781Z      ^[[33m^[[2m✓^[[22m^[[39m launch-pad-takeoff ^[[33m 402^[[2mms^[[22m^[[39m
build	Gate	2026-10-02T02:42:28.3715529Z      ^[[33m^[[2m✓^[[22m^[[39m booster-sep-boostback ^[[33m 364^[[2mms^[[22m^[[39m
build	Gate	2026-10-02T02:42:28.3716702Z      ^[[33m^[[2m✓^[[22m^[[39m rtls-boostback ^[[33m 492^[[2mms^[[22m^[[39m
build	Gate	2026-10-02T02:42:28.3717819Z      ^[[33m^[[2m✓^[[22m^[[39m reentry-autoland ^[[33m 790^[[2mms^[[22m^[[39m
build	Gate	2026-10-02T02:42:28.3718952Z      ^[[33m^[[2m✓^[[22m^[[39m before-flip-autoland ^[[33m 1282^[[2mms^[[22m^[[39m
build	Gate	2026-10-02T02:42:28.3720412Z      ^[[33m^[[2m✓^[[22m^[[39m launch-pad-takeoff in pad ^[[33m 548^[[2mms^[[22m^[[39m
build	Gate	2026-10-02T02:42:28.3721689Z      ^[[33m^[[2m✓^[[22m^[[39m launch-pad-takeoff in chase ^[[33m 431^[[2mms^[[22m^[[39m
build	Gate	2026-10-02T02:42:28.3722954Z      ^[[33m^[[2m✓^[[22m^[[39m launch-pad-takeoff in onboard ^[[33m 316^[[2mms^[[22m^[[39m
build	Gate	2026-10-02T02:42:28.3724188Z      ^[[33m^[[2m✓^[[22m^[[39m booster-sep-boostback in pad ^[[33m 410^[[2mms^[[22m^[[39m
build	Gate	2026-10-02T02:42:28.3725456Z      ^[[33m^[[2m✓^[[22m^[[39m booster-sep-boostback in chase ^[[33m 410^[[2mms^[[22m^[[39m
build	Gate	2026-10-02T02:42:28.3727088Z      ^[[33m^[[2m✓^[[22m^[[39m booster-sep-boostback in onboard ^[[33m 407^[[2mms^[[22m^[[39m
build	Gate	2026-10-02T02:42:28.3728308Z      ^[[33m^[[2m✓^[[22m^[[39m rtls-boostback in pad ^[[33m 417^[[2mms^[[22m^[[39m
build	Gate	2026-10-02T02:42:28.3729475Z      ^[[33m^[[2m✓^[[22m^[[39m rtls-boostback in chase ^[[33m 403^[[2mms^[[22m^[[39m
build	Gate	2026-10-02T02:42:28.3730909Z      ^[[33m^[[2m✓^[[22m^[[39m rtls-boostback in onboard ^[[33m 398^[[2mms^[[22m^[[39m
build	Gate	2026-10-02T02:42:28.3732084Z      ^[[33m^[[2m✓^[[22m^[[39m reentry-autoland in pad ^[[33m 601^[[2mms^[[22m^[[39m
build	Gate	2026-10-02T02:42:28.3733247Z      ^[[33m^[[2m✓^[[22m^[[39m reentry-autoland in chase ^[[33m 593^[[2mms^[[22m^[[39m
build	Gate	2026-10-02T02:42:28.3734492Z      ^[[33m^[[2m✓^[[22m^[[39m reentry-autoland in onboard ^[[33m 572^[[2mms^[[22m^[[39m
build	Gate	2026-10-02T02:42:28.3735698Z      ^[[33m^[[2m✓^[[22m^[[39m before-flip-autoland in pad ^[[33m 1065^[[2mms^[[22m^[[39m
build	Gate	2026-10-02T02:42:28.3736938Z      ^[[33m^[[2m✓^[[22m^[[39m before-flip-autoland in chase ^[[33m 1056^[[2mms^[[22m^[[39m
build	Gate	2026-10-02T02:42:28.3738413Z      ^[[33m^[[2m✓^[[22m^[[39m before-flip-autoland in onboard ^[[33m 1071^[[2mms^[[22m^[[39m
build	Gate	2026-10-02T02:42:39.1312873Z  ^[[32m✓^[[39m ^[[30m^[[42m unit ^[[49m^[[39m tests/hud/debrief.test.ts ^[[2m(^[[22m^[[2m51 tests^[[22m^[[2m)^[[22m^[[33m 31300^[[2mms^[[22m^[[39m
build	Gate	2026-10-02T02:42:39.1314565Z      ^[[33m^[[2m✓^[[22m^[[39m launch-pad-takeoff ^[[33m 531^[[2mms^[[22m^[[39m
build	Gate	2026-10-02T02:42:39.1315824Z      ^[[33m^[[2m✓^[[22m^[[39m booster-sep-boostback ^[[33m 583^[[2mms^[[22m^[[39m
build	Gate	2026-10-02T02:42:39.1317043Z      ^[[33m^[[2m✓^[[22m^[[39m rtls-boostback ^[[33m 554^[[2mms^[[22m^[[39m
build	Gate	2026-10-02T02:42:39.1318160Z      ^[[33m^[[2m✓^[[22m^[[39m reentry-autoland ^[[33m 659^[[2mms^[[22m^[[39m
build	Gate	2026-10-02T02:42:39.1319289Z      ^[[33m^[[2m✓^[[22m^[[39m before-flip-autoland ^[[33m 1911^[[2mms^[[22m^[[39m
build	Gate	2026-10-02T02:42:39.1320826Z      ^[[33m^[[2m✓^[[22m^[[39m launch-pad-takeoff ^[[33m 445^[[2mms^[[22m^[[39m
build	Gate	2026-10-02T02:42:39.1322231Z      ^[[33m^[[2m✓^[[22m^[[39m booster-sep-boostback ^[[33m 586^[[2mms^[[22m^[[39m
build	Gate	2026-10-02T02:42:39.1323353Z      ^[[33m^[[2m✓^[[22m^[[39m rtls-boostback ^[[33m 584^[[2mms^[[22m^[[39m
build	Gate	2026-10-02T02:42:39.1324494Z      ^[[33m^[[2m✓^[[22m^[[39m reentry-autoland ^[[33m 824^[[2mms^[[22m^[[39m
build	Gate	2026-10-02T02:42:39.1325616Z      ^[[33m^[[2m✓^[[22m^[[39m before-flip-autoland ^[[33m 1788^[[2mms^[[22m^[[39m
build	Gate	2026-10-02T02:42:39.1326750Z      ^[[33m^[[2m✓^[[22m^[[39m launch-pad-takeoff ^[[33m 464^[[2mms^[[22m^[[39m
build	Gate	2026-10-02T02:42:39.1327901Z      ^[[33m^[[2m✓^[[22m^[[39m booster-sep-boostback ^[[33m 1080^[[2mms^[[22m^[[39m
build	Gate	2026-10-02T02:42:39.1329021Z      ^[[33m^[[2m✓^[[22m^[[39m rtls-boostback ^[[33m 1075^[[2mms^[[22m^[[39m
build	Gate	2026-10-02T02:42:39.1330344Z      ^[[33m^[[2m✓^[[22m^[[39m reentry-autoland ^[[33m 1244^[[2mms^[[22m^[[39m
build	Gate	2026-10-02T02:42:39.1331570Z      ^[[33m^[[2m✓^[[22m^[[39m before-flip-autoland ^[[33m 3420^[[2mms^[[22m^[[39m
build	Gate	2026-10-02T02:42:39.1332700Z      ^[[33m^[[2m✓^[[22m^[[39m launch-pad-takeoff ^[[33m 737^[[2mms^[[22m^[[39m
build	Gate	2026-10-02T02:42:39.1333836Z      ^[[33m^[[2m✓^[[22m^[[39m booster-sep-boostback ^[[33m 1130^[[2mms^[[22m^[[39m
build	Gate	2026-10-02T02:42:39.1334938Z      ^[[33m^[[2m✓^[[22m^[[39m rtls-boostback ^[[33m 1098^[[2mms^[[22m^[[39m
build	Gate	2026-10-02T02:42:39.1336393Z      ^[[33m^[[2m✓^[[22m^[[39m reentry-autoland ^[[33m 1381^[[2mms^[[22m^[[39m
build	Gate	2026-10-02T02:42:39.1337512Z      ^[[33m^[[2m✓^[[22m^[[39m before-flip-autoland ^[[33m 3448^[[2mms^[[22m^[[39m
build	Gate	2026-10-02T02:42:39.1338627Z      ^[[33m^[[2m✓^[[22m^[[39m launch-pad-takeoff ^[[33m 409^[[2mms^[[22m^[[39m
build	Gate	2026-10-02T02:42:39.1339761Z      ^[[33m^[[2m✓^[[22m^[[39m booster-sep-boostback ^[[33m 535^[[2mms^[[22m^[[39m
build	Gate	2026-10-02T02:42:39.1341126Z      ^[[33m^[[2m✓^[[22m^[[39m rtls-boostback ^[[33m 481^[[2mms^[[22m^[[39m
build	Gate	2026-10-02T02:42:39.1342201Z      ^[[33m^[[2m✓^[[22m^[[39m reentry-autoland ^[[33m 675^[[2mms^[[22m^[[39m
build	Gate	2026-10-02T02:42:39.1343347Z      ^[[33m^[[2m✓^[[22m^[[39m before-flip-autoland ^[[33m 1788^[[2mms^[[22m^[[39m
build	Gate	2026-10-02T02:42:39.1344627Z      ^[[33m^[[2m✓^[[22m^[[39m and they are read from core, not restated ^[[33m 383^[[2mms^[[22m^[[39m
build	Gate	2026-10-02T02:42:39.1346135Z      ^[[33m^[[2m✓^[[22m^[[39m and a reset watch forgets the flight it was watching ^[[33m 483^[[2mms^[[22m^[[39m
build	Gate	2026-10-02T02:42:43.0470951Z  ^[[32m✓^[[39m ^[[30m^[[42m unit ^[[49m^[[39m tests/golden/replay.test.ts ^[[2m(^[[22m^[[2m17 tests^[[22m^[[2m)^[[22m^[[33m 14178^[[2mms^[[22m^[[39m
build	Gate	2026-10-02T02:42:43.0473154Z      ^[[33m^[[2m✓^[[22m^[[39m replays field for field, sample for sample ^[[33m 1194^[[2mms^[[22m^[[39m
build	Gate	2026-10-02T02:42:43.0474622Z      ^[[33m^[[2m✓^[[22m^[[39m replays field for field, sample for sample ^[[33m 1310^[[2mms^[[22m^[[39m
build	Gate	2026-10-02T02:42:43.0476031Z      ^[[33m^[[2m✓^[[22m^[[39m replays field for field, sample for sample ^[[33m 1285^[[2mms^[[22m^[[39m
build	Gate	2026-10-02T02:42:43.0477438Z      ^[[33m^[[2m✓^[[22m^[[39m replays field for field, sample for sample ^[[33m 1937^[[2mms^[[22m^[[39m
build	Gate	2026-10-02T02:42:43.0478816Z      ^[[33m^[[2m✓^[[22m^[[39m replays field for field, sample for sample ^[[33m 2366^[[2mms^[[22m^[[39m
build	Gate	2026-10-02T02:42:43.0480413Z      ^[[33m^[[2m✓^[[22m^[[39m replays field for field, sample for sample ^[[33m 453^[[2mms^[[22m^[[39m
build	Gate	2026-10-02T02:42:43.0481840Z      ^[[33m^[[2m✓^[[22m^[[39m replays field for field, sample for sample ^[[33m 529^[[2mms^[[22m^[[39m
build	Gate	2026-10-02T02:42:43.0483227Z      ^[[33m^[[2m✓^[[22m^[[39m replays field for field, sample for sample ^[[33m 482^[[2mms^[[22m^[[39m
build	Gate	2026-10-02T02:42:43.0484865Z      ^[[33m^[[2m✓^[[22m^[[39m round-trip through the serialiser preserves every value exactly ^[[33m 4203^[[2mms^[[22m^[[39m
build	Gate	2026-10-02T02:42:44.8095119Z  ^[[32m✓^[[39m ^[[30m^[[42m unit ^[[49m^[[39m tests/view/atmosphere-look.test.ts ^[[2m(^[[22m^[[2m22 tests^[[22m^[[2m)^[[22m^[[33m 4867^[[2mms^[[22m^[[39m
build	Gate	2026-10-02T02:42:44.8098005Z      ^[[33m^[[2m✓^[[22m^[[39m rises monotonically between the two ^[[33m 4721^[[2mms^[[22m^[[39m
build	Gate	2026-10-02T02:42:50.6737381Z ^[[90mstdout^[[2m | tests/hud/prediction.test.ts^[[2m > ^[[22m^[[2mthe claim, tested against itself^[[2m > ^[[22m^[[2ma genuinely unpowered fall lands near where it was predicted to
build	Gate	2026-10-02T02:42:50.6741221Z ^[[22m^[[39munpowered drop · fell 0.2 km · predicted -0.00 km in 3.4 s · actual 0.00 km in 3.4 s · error 0.00 km
build	Gate	2026-10-02T02:42:50.6742278Z 
build	Gate	2026-10-02T02:42:50.9089215Z ^[[90mstdout^[[2m | tests/hud/prediction.test.ts^[[2m > ^[[22m^[[2mthe claim, tested against itself^[[2m > ^[[22m^[[2mreports how wrong it is from high altitude, where the model is weakest
build	Gate	2026-10-02T02:42:50.9113787Z ^[[22m^[[39mfrom 40 km unpowered · predicted 11.9 km in 95 s · actual 20.2 km in 101 s · error 8.3 km
build	Gate	2026-10-02T02:42:50.9140217Z 
build	Gate	2026-10-02T02:42:51.8869360Z ^[[90mstdout^[[2m | tests/hud/prediction.test.ts^[[2m > ^[[22m^[[2mthe error against seven real flights^[[2m > ^[[22m^[[2mbefore-flip-autoland converges as the ground approaches
build	Gate	2026-10-02T02:42:51.8874561Z ^[[22m^[[39mbefore-flip-autoland: touchdown at 0.00 km · at 1.0 km up, error 0.10 km · at 28 m up, error 0 m
build	Gate	2026-10-02T02:42:51.8875654Z 
build	Gate	2026-10-02T02:42:51.9273218Z ^[[90mstdout^[[2m | tests/hud/prediction.test.ts^[[2m > ^[[22m^[[2mthe error against seven real flights^[[2m > ^[[22m^[[2mlanding-burn-autoland converges as the ground approaches
build	Gate	2026-10-02T02:42:51.9277415Z ^[[22m^[[39mlanding-burn-autoland: touchdown at 0.00 km · at 0.2 km up, error 0.00 km · at 26 m up, error 0 m
build	Gate	2026-10-02T02:42:51.9278552Z 
build	Gate	2026-10-02T02:42:51.9615651Z ^[[90mstdout^[[2m | tests/hud/prediction.test.ts^[[2m > ^[[22m^[[2mthe error against seven real flights^[[2m > ^[[22m^[[2mintro-demo converges as the ground approaches
build	Gate	2026-10-02T02:42:51.9619562Z ^[[22m^[[39mintro-demo: touchdown at 0.00 km · at 0.2 km up, error 0.00 km · at 25 m up, error 0 m
build	Gate	2026-10-02T02:42:51.9620848Z 
build	Gate	2026-10-02T02:42:51.9737428Z  ^[[32m✓^[[39m ^[[30m^[[42m unit ^[[49m^[[39m tests/hud/prediction.test.ts ^[[2m(^[[22m^[[2m13 tests^[[22m^[[2m)^[[22m^[[33m 6879^[[2mms^[[22m^[[39m
build	Gate	2026-10-02T02:42:51.9739478Z      ^[[33m^[[2m✓^[[22m^[[39m never returns a non-finite number to a caller ^[[33m 5517^[[2mms^[[22m^[[39m
build	Gate	2026-10-02T02:42:51.9741656Z      ^[[33m^[[2m✓^[[22m^[[39m before-flip-autoland converges as the ground approaches ^[[33m 977^[[2mms^[[22m^[[39m
build	Gate	2026-10-02T02:42:53.4842061Z  ^[[32m✓^[[39m ^[[30m^[[42m unit ^[[49m^[[39m tests/hud/trajectory.test.ts ^[[2m(^[[22m^[[2m39 tests^[[22m^[[2m)^[[22m^[[33m 10095^[[2mms^[[22m^[[39m
build	Gate	2026-10-02T02:42:53.4870921Z      ^[[33m^[[2m✓^[[22m^[[39m launch-pad-takeoff ^[[33m 1194^[[2mms^[[22m^[[39m
build	Gate	2026-10-02T02:42:53.4876133Z      ^[[33m^[[2m✓^[[22m^[[39m booster-sep-boostback ^[[33m 1146^[[2mms^[[22m^[[39m
build	Gate	2026-10-02T02:42:53.4877737Z      ^[[33m^[[2m✓^[[22m^[[39m rtls-boostback ^[[33m 1592^[[2mms^[[22m^[[39m
build	Gate	2026-10-02T02:42:53.4879031Z      ^[[33m^[[2m✓^[[22m^[[39m reentry-autoland ^[[33m 2739^[[2mms^[[22m^[[39m
build	Gate	2026-10-02T02:42:53.4880501Z      ^[[33m^[[2m✓^[[22m^[[39m before-flip-autoland ^[[33m 2028^[[2mms^[[22m^[[39m
build	Gate	2026-10-02T02:42:53.4881710Z      ^[[33m^[[2m✓^[[22m^[[39m landing-burn-autoland ^[[33m 365^[[2mms^[[22m^[[39m
build	Gate	2026-10-02T02:42:53.4882867Z      ^[[33m^[[2m✓^[[22m^[[39m landing-burn-headwind ^[[33m 438^[[2mms^[[22m^[[39m
build	Gate	2026-10-02T02:42:58.5332154Z ^[[90mstdout^[[2m | tests/view/motion-cues.test.ts^[[2m > ^[[22m^[[2mat the speeds the seven scenarios actually reach^[[2m > ^[[22m^[[2mreports where the streaks are silent and where they blow
build	Gate	2026-10-02T02:42:58.5334256Z ^[[22m^[[39mlaunch-pad-takeoff: peak 646 m/s -> streak 0.18, silent 33% of the flight
build	Gate	2026-10-02T02:42:58.5335574Z booster-sep-boostback: peak 1599 m/s -> streak 0.88, silent 0% of the flight
build	Gate	2026-10-02T02:42:58.5336786Z rtls-boostback: peak 542 m/s -> streak 0.12, silent 46% of the flight
build	Gate	2026-10-02T02:42:58.5337962Z reentry-autoland: peak 7300 m/s -> streak 1.00, silent 0% of the flight
build	Gate	2026-10-02T02:42:58.5339108Z before-flip-autoland: peak 70 m/s -> streak 0.00, silent 100% of the flight
build	Gate	2026-10-02T02:42:58.5340574Z landing-burn-autoland: peak 38 m/s -> streak 0.00, silent 100% of the flight
build	Gate	2026-10-02T02:42:58.5341799Z landing-burn-headwind: peak 37 m/s -> streak 0.00, silent 100% of the flight
build	Gate	2026-10-02T02:42:58.5342910Z intro-demo: peak 51 m/s -> streak 0.00, silent 100% of the flight
build	Gate	2026-10-02T02:42:58.5343569Z 
build	Gate	2026-10-02T02:42:59.1834908Z ^[[90mstdout^[[2m | tests/view/motion-cues.test.ts^[[2m > ^[[22m^[[2mthe flight-path marker^[[2m > ^[[22m^[[2mlaunch-pad-takeoff: the marker never disagrees with the state vector
build	Gate	2026-10-02T02:42:59.1839508Z ^[[22m^[[39mlaunch-pad-takeoff: nose and flight path diverge by up to 4°
build	Gate	2026-10-02T02:42:59.1840662Z 
build	Gate	2026-10-02T02:42:59.6516703Z ^[[90mstdout^[[2m | tests/view/motion-cues.test.ts^[[2m > ^[[22m^[[2mthe flight-path marker^[[2m > ^[[22m^[[2mbooster-sep-boostback: the marker never disagrees with the state vector
build	Gate	2026-10-02T02:42:59.6522344Z ^[[22m^[[39mbooster-sep-boostback: nose and flight path diverge by up to 134°
build	Gate	2026-10-02T02:42:59.6523141Z 
build	Gate	2026-10-02T02:43:00.1111114Z ^[[90mstdout^[[2m | tests/view/motion-cues.test.ts^[[2m > ^[[22m^[[2mthe flight-path marker^[[2m > ^[[22m^[[2mrtls-boostback: the marker never disagrees with the state vector
build	Gate	2026-10-02T02:43:00.1141058Z ^[[22m^[[39mrtls-boostback: nose and flight path diverge by up to 179°
build	Gate	2026-10-02T02:43:00.1170312Z 
build	Gate	2026-10-02T02:43:00.7604497Z ^[[90mstdout^[[2m | tests/view/motion-cues.test.ts^[[2m > ^[[22m^[[2mthe flight-path marker^[[2m > ^[[22m^[[2mreentry-autoland: the marker never disagrees with the state vector
build	Gate	2026-10-02T02:43:00.7608892Z ^[[22m^[[39mreentry-autoland: nose and flight path diverge by up to 96°
build	Gate	2026-10-02T02:43:00.7609676Z 
build	Gate	2026-10-02T02:43:02.5144571Z ^[[90mstdout^[[2m | tests/view/motion-cues.test.ts^[[2m > ^[[22m^[[2mthe flight-path marker^[[2m > ^[[22m^[[2mbefore-flip-autoland: the marker never disagrees with the state vector
build	Gate	2026-10-02T02:43:02.5147205Z ^[[22m^[[39mbefore-flip-autoland: nose and flight path diverge by up to 180°
build	Gate	2026-10-02T02:43:02.5147974Z 
build	Gate	2026-10-02T02:43:02.6893203Z ^[[90mstdout^[[2m | tests/view/motion-cues.test.ts^[[2m > ^[[22m^[[2mthe flight-path marker^[[2m > ^[[22m^[[2mlanding-burn-autoland: the marker never disagrees with the state vector
build	Gate	2026-10-02T02:43:02.6895280Z ^[[22m^[[39mlanding-burn-autoland: nose and flight path diverge by up to 180°
build	Gate	2026-10-02T02:43:02.6896064Z 
build	Gate	2026-10-02T02:43:02.8844009Z ^[[90mstdout^[[2m | tests/view/motion-cues.test.ts^[[2m > ^[[22m^[[2mthe flight-path marker^[[2m > ^[[22m^[[2mlanding-burn-headwind: the marker never disagrees with the state vector
build	Gate	2026-10-02T02:43:02.8860799Z ^[[22m^[[39mlanding-burn-headwind: nose and flight path diverge by up to 180°
build	Gate	2026-10-02T02:43:02.8861780Z 
build	Gate	2026-10-02T02:43:03.0576259Z ^[[90mstdout^[[2m | tests/view/motion-cues.test.ts^[[2m > ^[[22m^[[2mthe flight-path marker^[[2m > ^[[22m^[[2mintro-demo: the marker never disagrees with the state vector
build	Gate	2026-10-02T02:43:03.0581483Z ^[[22m^[[39mintro-demo: nose and flight path diverge by up to 180°
build	Gate	2026-10-02T02:43:03.0582292Z 
build	Gate	2026-10-02T02:43:03.8198983Z  ^[[32m✓^[[39m ^[[30m^[[42m unit ^[[49m^[[39m tests/view/motion-cues.test.ts ^[[2m(^[[22m^[[2m19 tests^[[22m^[[2m)^[[22m^[[33m 9636^[[2mms^[[22m^[[39m
build	Gate	2026-10-02T02:43:03.8205152Z      ^[[33m^[[2m✓^[[22m^[[39m reports where the streaks are silent and where they blow ^[[33m 4368^[[2mms^[[22m^[[39m
build	Gate	2026-10-02T02:43:03.8206842Z      ^[[33m^[[2m✓^[[22m^[[39m the two landing scenarios stay silent throughout ^[[32m 300^[[2mms^[[22m^[[39m
build	Gate	2026-10-02T02:43:03.8208570Z      ^[[33m^[[2m✓^[[22m^[[39m launch-pad-takeoff: the marker never disagrees with the state vector ^[[33m 348^[[2mms^[[22m^[[39m
build	Gate	2026-10-02T02:43:03.8210654Z      ^[[33m^[[2m✓^[[22m^[[39m booster-sep-boostback: the marker never disagrees with the state vector ^[[33m 468^[[2mms^[[22m^[[39m
build	Gate	2026-10-02T02:43:03.8212471Z      ^[[33m^[[2m✓^[[22m^[[39m rtls-boostback: the marker never disagrees with the state vector ^[[33m 459^[[2mms^[[22m^[[39m
build	Gate	2026-10-02T02:43:03.8214271Z      ^[[33m^[[2m✓^[[22m^[[39m reentry-autoland: the marker never disagrees with the state vector ^[[33m 649^[[2mms^[[22m^[[39m
build	Gate	2026-10-02T02:43:03.8216092Z      ^[[33m^[[2m✓^[[22m^[[39m before-flip-autoland: the marker never disagrees with the state vector ^[[33m 1754^[[2mms^[[22m^[[39m
build	Gate	2026-10-02T02:43:03.8218029Z      ^[[33m^[[2m✓^[[22m^[[39m the divergence is real on at least one scenario, or this draws nothing ^[[33m 722^[[2mms^[[22m^[[39m
build	Gate	2026-10-02T02:43:07.8963590Z  ^[[32m✓^[[39m ^[[30m^[[42m unit ^[[49m^[[39m tests/core/rotating-frame-step.test.ts ^[[2m(^[[22m^[[2m2 tests^[[22m^[[2m)^[[22m^[[33m 3863^[[2mms^[[22m^[[39m
build	Gate	2026-10-02T02:43:07.8981622Z      ^[[33m^[[2m✓^[[22m^[[39m a circular inertial orbit stays circular when flown at its ground-relative speed ^[[33m 1989^[[2mms^[[22m^[[39m
build	Gate	2026-10-02T02:43:07.8987228Z      ^[[33m^[[2m✓^[[22m^[[39m a body at the synchronous radius with no ground speed stays over the same point ^[[33m 1871^[[2mms^[[22m^[[39m
build	Gate	2026-10-02T02:43:08.9472070Z  ^[[32m✓^[[39m ^[[30m^[[42m unit ^[[49m^[[39m tests/view/particles.test.ts ^[[2m(^[[22m^[[2m45 tests^[[22m^[[2m)^[[22m^[[33m 16242^[[2mms^[[22m^[[39m
build	Gate	2026-10-02T02:43:08.9501135Z      ^[[33m^[[2m✓^[[22m^[[39m emitting does not add a single child ^[[33m 676^[[2mms^[[22m^[[39m
build	Gate	2026-10-02T02:43:08.9521366Z      ^[[33m^[[2m✓^[[22m^[[39m THE LEAK: ten thousand engine shutdowns add nothing ^[[33m 14304^[[2mms^[[22m^[[39m
build	Gate	2026-10-02T02:43:08.9541056Z      ^[[33m^[[2m✓^[[22m^[[39m a recycled slot can be used again, indefinitely ^[[33m 538^[[2mms^[[22m^[[39m
build	Gate	2026-10-02T02:43:13.4272702Z  ^[[32m✓^[[39m ^[[30m^[[42m unit ^[[49m^[[39m tests/core/deorbit-range.test.ts ^[[2m(^[[22m^[[2m6 tests^[[22m^[[2m)^[[22m^[[33m 37153^[[2mms^[[22m^[[39m
build	Gate	2026-10-02T02:43:13.4277376Z      ^[[33m^[[2m✓^[[22m^[[39m engine 0 out ^[[33m 11505^[[2mms^[[22m^[[39m
build	Gate	2026-10-02T02:43:13.4278603Z      ^[[33m^[[2m✓^[[22m^[[39m engine 1 out ^[[33m 12583^[[2mms^[[22m^[[39m
build	Gate	2026-10-02T02:43:13.4280145Z      ^[[33m^[[2m✓^[[22m^[[39m engine 2 out ^[[33m 13059^[[2mms^[[22m^[[39m
build	Gate	2026-10-02T02:43:14.0494249Z  ^[[32m✓^[[39m ^[[30m^[[42m unit ^[[49m^[[39m tests/core/invariants.test.ts ^[[2m(^[[22m^[[2m4 tests^[[22m^[[2m)^[[22m^[[33m 4744^[[2mms^[[22m^[[39m
build	Gate	2026-10-02T02:43:14.0500770Z      ^[[33m^[[2m✓^[[22m^[[39m every number stays finite, or is a sentinel it started as ^[[33m 1476^[[2mms^[[22m^[[39m
build	Gate	2026-10-02T02:43:14.0502633Z      ^[[33m^[[2m✓^[[22m^[[39m mass never increases, and propellant never goes negative ^[[33m 1592^[[2mms^[[22m^[[39m
build	Gate	2026-10-02T02:43:14.0504520Z      ^[[33m^[[2m✓^[[22m^[[39m with the engines off and no wind, orbital energy never rises beyond integrator error ^[[33m 1400^[[2mms^[[22m^[[39m
build	Gate	2026-10-02T02:43:14.9661952Z  ^[[32m✓^[[39m ^[[30m^[[42m unit ^[[49m^[[39m tests/hud/timeline.test.ts ^[[2m(^[[22m^[[2m29 tests^[[22m^[[2m)^[[22m^[[33m 6793^[[2mms^[[22m^[[39m
build	Gate	2026-10-02T02:43:14.9701359Z      ^[[33m^[[2m✓^[[22m^[[39m 'launch-pad-takeoff' fires its events in order, flown live ^[[33m 601^[[2mms^[[22m^[[39m
build	Gate	2026-10-02T02:43:14.9731128Z      ^[[33m^[[2m✓^[[22m^[[39m 'booster-sep-boostback' fires its events in order, flown live ^[[33m 420^[[2mms^[[22m^[[39m
build	Gate	2026-10-02T02:43:14.9761004Z      ^[[33m^[[2m✓^[[22m^[[39m 'rtls-boostback' fires its events in order, flown live ^[[33m 484^[[2mms^[[22m^[[39m
build	Gate	2026-10-02T02:43:14.9791144Z      ^[[33m^[[2m✓^[[22m^[[39m 'reentry-autoland' fires its events in order, flown live ^[[33m 728^[[2mms^[[22m^[[39m
build	Gate	2026-10-02T02:43:14.9793337Z      ^[[33m^[[2m✓^[[22m^[[39m 'before-flip-autoland' fires its events in order, flown live ^[[33m 1970^[[2mms^[[22m^[[39m
build	Gate	2026-10-02T02:43:14.9795174Z      ^[[33m^[[2m✓^[[22m^[[39m reports touchdown and loss as alternatives, never both ^[[33m 402^[[2mms^[[22m^[[39m
build	Gate	2026-10-02T02:43:14.9821645Z      ^[[33m^[[2m✓^[[22m^[[39m a state exactly at the entry interface counts as crossing it ^[[33m 535^[[2mms^[[22m^[[39m
build	Gate	2026-10-02T02:43:16.1804467Z Not implemented: HTMLCanvasElement's getContext() method: without installing the canvas npm package
build	Gate	2026-10-02T02:43:19.6291827Z  ^[[32m✓^[[39m ^[[30m^[[42m unit ^[[49m^[[39m tests/ui/shell/Menu.test.tsx ^[[2m(^[[22m^[[2m22 tests^[[22m^[[2m)^[[22m^[[33m 2933^[[2mms^[[22m^[[39m
build	Gate	2026-10-02T02:43:19.6350833Z      ^[[33m^[[2m✓^[[22m^[[39m opens on the menu layer only ^[[33m 436^[[2mms^[[22m^[[39m
build	Gate	2026-10-02T02:43:19.6928149Z  ^[[32m✓^[[39m ^[[30m^[[42m unit ^[[49m^[[39m tests/core/random-failure-diff.test.ts ^[[2m(^[[22m^[[2m10 tests^[[22m^[[2m)^[[22m^[[33m 5343^[[2mms^[[22m^[[39m
build	Gate	2026-10-02T02:43:19.6929575Z      ^[[33m^[[2m✓^[[22m^[[39m launch-pad is deterministic and identical across runs ^[[33m 623^[[2mms^[[22m^[[39m
build	Gate	2026-10-02T02:43:19.6931450Z      ^[[33m^[[2m✓^[[22m^[[39m booster-sep is deterministic and identical across runs ^[[33m 470^[[2mms^[[22m^[[39m
build	Gate	2026-10-02T02:43:19.6951018Z      ^[[33m^[[2m✓^[[22m^[[39m rtls is deterministic and identical across runs ^[[33m 439^[[2mms^[[22m^[[39m
build	Gate	2026-10-02T02:43:19.6975911Z      ^[[33m^[[2m✓^[[22m^[[39m reentry is deterministic and identical across runs ^[[33m 444^[[2mms^[[22m^[[39m
build	Gate	2026-10-02T02:43:19.7002096Z      ^[[33m^[[2m✓^[[22m^[[39m before-flip is deterministic and identical across runs ^[[33m 2209^[[2mms^[[22m^[[39m
build	Gate	2026-10-02T02:43:19.7012413Z      ^[[33m^[[2m✓^[[22m^[[39m circularize is deterministic and identical across runs ^[[33m 377^[[2mms^[[22m^[[39m
build	Gate	2026-10-02T02:43:19.7014145Z      ^[[33m^[[2m✓^[[22m^[[39m deorbit is deterministic and identical across runs ^[[33m 348^[[2mms^[[22m^[[39m
build	Gate	2026-10-02T02:43:20.2552464Z ^[[90mstdout^[[2m | tests/audio/warnings.test.ts^[[2m > ^[[22m^[[2mear and eye read the same thresholds^[[2m > ^[[22m^[[2mstays quiet through all seven, and reports how much margin they had
build	Gate	2026-10-02T02:43:20.2554192Z ^[[22m^[[39mlaunch-pad-takeoff: nominal (heat 0.02, Q 0.53 of limit)
build	Gate	2026-10-02T02:43:20.2580620Z booster-sep-boostback: nominal (heat 0.01, Q 0.00 of limit)
build	Gate	2026-10-02T02:43:20.2581432Z rtls-boostback: nominal (heat 0.02, Q 0.57 of limit)
build	Gate	2026-10-02T02:43:20.2590752Z reentry-autoland: nominal (heat 0.64, Q 0.17 of limit)
build	Gate	2026-10-02T02:43:20.2591945Z before-flip-autoland: nominal (heat 0.00, Q 0.06 of limit)
build	Gate	2026-10-02T02:43:20.2593075Z landing-burn-autoland: nominal (heat 0.00, Q 0.02 of limit)
build	Gate	2026-10-02T02:43:20.2594099Z landing-burn-headwind: nominal (heat 0.00, Q 0.02 of limit)
build	Gate	2026-10-02T02:43:20.2595032Z intro-demo: nominal (heat 0.00, Q 0.03 of limit)
build	Gate	2026-10-02T02:43:20.2596152Z 
build	Gate	2026-10-02T02:43:20.3120564Z  ^[[32m✓^[[39m ^[[30m^[[42m unit ^[[49m^[[39m tests/audio/warnings.test.ts ^[[2m(^[[22m^[[2m11 tests^[[22m^[[2m)^[[22m^[[33m 4948^[[2mms^[[22m^[[39m
build	Gate	2026-10-02T02:43:20.3124789Z      ^[[33m^[[2m✓^[[22m^[[39m stays quiet through all seven, and reports how much margin they had ^[[33m 4898^[[2mms^[[22m^[[39m
build	Gate	2026-10-02T02:43:20.5086535Z ^[[90mstdout^[[2m | tests/audio/transients.test.ts^[[2m > ^[[22m^[[2mthe latch fires once per event^[[2m > ^[[22m^[[2mlaunch-pad-takeoff
build	Gate	2026-10-02T02:43:20.5151248Z ^[[22m^[[39mlaunch-pad-takeoff: ignition x3
build	Gate	2026-10-02T02:43:20.5159186Z 
build	Gate	2026-10-02T02:43:21.0153668Z ^[[90mstdout^[[2m | tests/audio/transients.test.ts^[[2m > ^[[22m^[[2mthe latch fires once per event^[[2m > ^[[22m^[[2mbooster-sep-boostback
build	Gate	2026-10-02T02:43:21.0155232Z ^[[22m^[[39mbooster-sep-boostback: ignition x3
build	Gate	2026-10-02T02:43:21.0155837Z 
build	Gate	2026-10-02T02:43:21.4094657Z ^[[90mstdout^[[2m | tests/audio/transients.test.ts^[[2m > ^[[22m^[[2mthe latch fires once per event^[[2m > ^[[22m^[[2mrtls-boostback
build	Gate	2026-10-02T02:43:21.4096892Z ^[[22m^[[39mrtls-boostback: ignition x6, shutdown x6
build	Gate	2026-10-02T02:43:21.4097528Z 
build	Gate	2026-10-02T02:43:22.0133657Z ^[[90mstdout^[[2m | tests/audio/transients.test.ts^[[2m > ^[[22m^[[2mthe latch fires once per event^[[2m > ^[[22m^[[2mreentry-autoland
build	Gate	2026-10-02T02:43:22.0139546Z ^[[22m^[[39mreentry-autoland: nothing
build	Gate	2026-10-02T02:43:22.0140503Z 
build	Gate	2026-10-02T02:43:23.2802676Z ^[[90mstdout^[[2m | tests/audio/transients.test.ts^[[2m > ^[[22m^[[2mthe latch fires once per event^[[2m > ^[[22m^[[2mbefore-flip-autoland
build	Gate	2026-10-02T02:43:23.2804583Z ^[[22m^[[39mbefore-flip-autoland: ignition x3, shutdown x3, touchdown x1
build	Gate	2026-10-02T02:43:23.2805504Z 
build	Gate	2026-10-02T02:43:23.4307769Z ^[[90mstdout^[[2m | tests/audio/transients.test.ts^[[2m > ^[[22m^[[2mthe latch fires once per event^[[2m > ^[[22m^[[2mlanding-burn-autoland
build	Gate	2026-10-02T02:43:23.4309695Z ^[[22m^[[39mlanding-burn-autoland: ignition x3, shutdown x3, touchdown x1
build	Gate	2026-10-02T02:43:23.4310869Z 
build	Gate	2026-10-02T02:43:23.6026136Z ^[[90mstdout^[[2m | tests/audio/transients.test.ts^[[2m > ^[[22m^[[2mthe latch fires once per event^[[2m > ^[[22m^[[2mlanding-burn-headwind
build	Gate	2026-10-02T02:43:23.6028010Z ^[[22m^[[39mlanding-burn-headwind: ignition x3, shutdown x3, touchdown x1
build	Gate	2026-10-02T02:43:23.6028817Z 
build	Gate	2026-10-02T02:43:23.6991580Z ^[[90mstdout^[[2m | tests/audio/transients.test.ts^[[2m > ^[[22m^[[2mthe latch fires once per event^[[2m > ^[[22m^[[2mintro-demo
build	Gate	2026-10-02T02:43:23.6994601Z ^[[22m^[[39mintro-demo: ignition x3, shutdown x3, touchdown x1
build	Gate	2026-10-02T02:43:23.6995394Z 
build	Gate	2026-10-02T02:43:23.8579584Z  ^[[32m✓^[[39m ^[[30m^[[42m unit ^[[49m^[[39m tests/audio/transients.test.ts ^[[2m(^[[22m^[[2m16 tests^[[22m^[[2m)^[[22m^[[33m 3822^[[2mms^[[22m^[[39m
build	Gate	2026-10-02T02:43:23.8588315Z      ^[[33m^[[2m✓^[[22m^[[39m launch-pad-takeoff ^[[33m 490^[[2mms^[[22m^[[39m
build	Gate	2026-10-02T02:43:23.8600541Z      ^[[33m^[[2m✓^[[22m^[[39m booster-sep-boostback ^[[33m 506^[[2mms^[[22m^[[39m
build	Gate	2026-10-02T02:43:23.8601695Z      ^[[33m^[[2m✓^[[22m^[[39m rtls-boostback ^[[33m 394^[[2mms^[[22m^[[39m
build	Gate	2026-10-02T02:43:23.8602741Z      ^[[33m^[[2m✓^[[22m^[[39m reentry-autoland ^[[33m 604^[[2mms^[[22m^[[39m
build	Gate	2026-10-02T02:43:23.8603868Z      ^[[33m^[[2m✓^[[22m^[[39m before-flip-autoland ^[[33m 1267^[[2mms^[[22m^[[39m
build	Gate	2026-10-02T02:43:25.7747490Z  ^[[32m✓^[[39m ^[[30m^[[42m unit ^[[49m^[[39m tests/view/distant-earth.test.ts ^[[2m(^[[22m^[[2m23 tests^[[22m^[[2m)^[[22m^[[33m 4658^[[2mms^[[22m^[[39m
build	Gate	2026-10-02T02:43:25.7764409Z      ^[[33m^[[2m✓^[[22m^[[39m launch-pad-takeoff stays readable ^[[33m 562^[[2mms^[[22m^[[39m
build	Gate	2026-10-02T02:43:25.7765864Z      ^[[33m^[[2m✓^[[22m^[[39m booster-sep-boostback stays readable ^[[33m 538^[[2mms^[[22m^[[39m
build	Gate	2026-10-02T02:43:25.7767110Z      ^[[33m^[[2m✓^[[22m^[[39m rtls-boostback stays readable ^[[33m 522^[[2mms^[[22m^[[39m
build	Gate	2026-10-02T02:43:25.7768312Z      ^[[33m^[[2m✓^[[22m^[[39m reentry-autoland stays readable ^[[33m 616^[[2mms^[[22m^[[39m
build	Gate	2026-10-02T02:43:25.7769558Z      ^[[33m^[[2m✓^[[22m^[[39m before-flip-autoland stays readable ^[[33m 1742^[[2mms^[[22m^[[39m
build	Gate	2026-10-02T02:43:26.0746632Z  ^[[32m✓^[[39m ^[[30m^[[42m unit ^[[49m^[[39m tests/proofs/trig-collapse.test.ts ^[[2m(^[[22m^[[2m23 tests^[[22m^[[2m)^[[22m^[[33m 6094^[[2mms^[[22m^[[39m
build	Gate	2026-10-02T02:43:26.0752235Z      ^[[33m^[[2m✓^[[22m^[[39m 'horizontalDrag = -sin(x)' ^[[33m 758^[[2mms^[[22m^[[39m
build	Gate	2026-10-02T02:43:26.0753559Z      ^[[33m^[[2m✓^[[22m^[[39m 'verticalDrag = -cos(x)' ^[[33m 873^[[2mms^[[22m^[[39m
build	Gate	2026-10-02T02:43:26.0754735Z      ^[[33m^[[2m✓^[[22m^[[39m 'horizontalLift = -cos(x)' ^[[33m 796^[[2mms^[[22m^[[39m
build	Gate	2026-10-02T02:43:26.0758231Z      ^[[33m^[[2m✓^[[22m^[[39m 'verticalLift = sin(x)' ^[[33m 876^[[2mms^[[22m^[[39m
build	Gate	2026-10-02T02:43:26.0763342Z      ^[[33m^[[2m✓^[[22m^[[39m 'horizontalThrust = sin(x)' ^[[33m 913^[[2mms^[[22m^[[39m
build	Gate	2026-10-02T02:43:26.0765283Z      ^[[33m^[[2m✓^[[22m^[[39m 'verticalThrust = cos(x)' ^[[33m 906^[[2mms^[[22m^[[39m
build	Gate	2026-10-02T02:43:26.0766946Z      ^[[33m^[[2m✓^[[22m^[[39m records the measured maxima, so unblocking M1.9 starts from numbers ^[[33m 521^[[2mms^[[22m^[[39m
build	Gate	2026-10-02T02:43:28.6335308Z ^[[90mstdout^[[2m | tests/audio/params.test.ts^[[2m > ^[[22m^[[2mat the throttles and engine counts the seven scenarios reach^[[2m > ^[[22m^[[2mreports the range each flight actually visits
build	Gate	2026-10-02T02:43:28.6337392Z ^[[22m^[[39mlaunch-pad-takeoff: engine level 0.00–1.00, up to 3 lit
build	Gate	2026-10-02T02:43:28.6339207Z booster-sep-boostback: engine level 0.00–1.00, up to 3 lit
build	Gate	2026-10-02T02:43:28.6340812Z rtls-boostback: engine level 0.00–1.00, up to 3 lit
build	Gate	2026-10-02T02:43:28.6341823Z reentry-autoland: engine level 0.00–0.00, up to 0 lit
build	Gate	2026-10-02T02:43:28.6342862Z before-flip-autoland: engine level 0.00–0.73, up to 3 lit
build	Gate	2026-10-02T02:43:28.6343901Z landing-burn-autoland: engine level 0.00–0.73, up to 3 lit
build	Gate	2026-10-02T02:43:28.6344940Z landing-burn-headwind: engine level 0.00–0.73, up to 3 lit
build	Gate	2026-10-02T02:43:28.6345888Z intro-demo: engine level 0.00–0.86, up to 3 lit
build	Gate	2026-10-02T02:43:28.6346414Z 
build	Gate	2026-10-02T02:43:28.6544906Z  ^[[32m✓^[[39m ^[[30m^[[42m unit ^[[49m^[[39m tests/audio/params.test.ts ^[[2m(^[[22m^[[2m19 tests^[[22m^[[2m)^[[22m^[[33m 4574^[[2mms^[[22m^[[39m
build	Gate	2026-10-02T02:43:28.6546675Z      ^[[33m^[[2m✓^[[22m^[[39m reports the range each flight actually visits ^[[33m 4552^[[2mms^[[22m^[[39m
build	Gate	2026-10-02T02:43:30.0998754Z  ^[[32m✓^[[39m ^[[30m^[[42m unit ^[[49m^[[39m tests/core/autopilot.test.ts ^[[2m(^[[22m^[[2m13 tests^[[22m^[[2m)^[[22m^[[33m 4024^[[2mms^[[22m^[[39m
build	Gate	2026-10-02T02:43:30.1003139Z      ^[[33m^[[2m✓^[[22m^[[39m computes a belly-flop trigger altitude and ends the aero descent below it ^[[33m 3184^[[2mms^[[22m^[[39m
build	Gate	2026-10-02T02:43:31.0782191Z  ^[[32m✓^[[39m ^[[30m^[[42m unit ^[[49m^[[39m tests/core/rcs-dead-zone.test.ts ^[[2m(^[[22m^[[2m7 tests^[[22m^[[2m)^[[22m^[[33m 4752^[[2mms^[[22m^[[39m
build	Gate	2026-10-02T02:43:31.0811067Z      ^[[33m^[[2m✓^[[22m^[[39m and then HOLDS it, rather than carrying on rotating ^[[33m 2713^[[2mms^[[22m^[[39m
build	Gate	2026-10-02T02:43:31.0871017Z      ^[[33m^[[2m✓^[[22m^[[39m the thrusters fire below saturation, not only at the cap ^[[33m 1257^[[2mms^[[22m^[[39m
build	Gate	2026-10-02T02:43:32.0818889Z  ^[[32m✓^[[39m ^[[30m^[[42m unit ^[[49m^[[39m tests/lint-walls/walls.test.ts ^[[2m(^[[22m^[[2m14 tests^[[22m^[[2m)^[[22m^[[33m 1588^[[2mms^[[22m^[[39m
build	Gate	2026-10-02T02:43:32.0820887Z      ^[[33m^[[2m✓^[[22m^[[39m wall 1: no view/ ui/ hud/ app/ PIXI or React imports ^[[33m 1354^[[2mms^[[22m^[[39m
build	Gate	2026-10-02T02:43:32.8218978Z ^[[90mstdout^[[2m | tests/audio/vacuum.test.ts^[[2m > ^[[22m^[[2mthe two fades differ, and that IS the milestone^[[2m > ^[[22m^[[2mreaches the floor by 50 km, over the real atmosphere model
build	Gate	2026-10-02T02:43:32.8221382Z ^[[22m^[[39mabove 50 km · at 70 km: aero 2.21e-3, engine air 0.2490
build	Gate	2026-10-02T02:43:32.8222222Z 
build	Gate	2026-10-02T02:43:33.0481113Z  ^[[32m✓^[[39m ^[[30m^[[42m unit ^[[49m^[[39m tests/core/guidance-physics.test.ts ^[[2m(^[[22m^[[2m24 tests^[[22m^[[2m)^[[22m^[[33m 4086^[[2mms^[[22m^[[39m
build	Gate	2026-10-02T02:43:33.0490730Z      ^[[33m^[[2m✓^[[22m^[[39m rises with descent speed and with mass on one engine, the ladder's usual plan (property) ^[[33m 1134^[[2mms^[[22m^[[39m
build	Gate	2026-10-02T02:43:33.0492468Z      ^[[33m^[[2m✓^[[22m^[[39m a vertical drop from 40 km ^[[33m 322^[[2mms^[[22m^[[39m
build	Gate	2026-10-02T02:43:33.0493965Z      ^[[33m^[[2m✓^[[22m^[[39m upright from 40 km, moving downrange ^[[33m 332^[[2mms^[[22m^[[39m
build	Gate	2026-10-02T02:43:33.0495302Z      ^[[33m^[[2m✓^[[22m^[[39m belly-down from 10 km ^[[33m 424^[[2mms^[[22m^[[39m
build	Gate	2026-10-02T02:43:33.0496820Z      ^[[33m^[[2m✓^[[22m^[[39m re-entering from 70 km ^[[33m 942^[[2mms^[[22m^[[39m
build	Gate	2026-10-02T02:43:33.1565003Z ^[[90mstdout^[[2m | tests/audio/vacuum.test.ts^[[2m > ^[[22m^[[2mthe two fades differ, and that IS the milestone^[[2m > ^[[22m^[[2mthe airflow is loud where the flight is fast and low
build	Gate	2026-10-02T02:43:33.1590878Z ^[[22m^[[39mlaunch: peak airflow 0.689 at 5.5 km
build	Gate	2026-10-02T02:43:33.1610442Z 
build	Gate	2026-10-02T02:43:33.6172295Z ^[[90mstdout^[[2m | tests/audio/vacuum.test.ts^[[2m > ^[[22m^[[2mthe re-entry golden, rendered as it climbs out^[[2m > ^[[22m^[[2mthe level falls as the air does
build	Gate	2026-10-02T02:43:33.6174233Z ^[[22m^[[39m70 km -> RMS 0.00023 · 109 km -> RMS 0.02862 · 134 km -> RMS 0.02841
build	Gate	2026-10-02T02:43:33.6200283Z 
build	Gate	2026-10-02T02:43:33.6712455Z ^[[90mstdout^[[2m | tests/audio/vacuum.test.ts^[[2m > ^[[22m^[[2mthe re-entry golden, rendered as it climbs out^[[2m > ^[[22m^[[2mthe same vehicle is measurably louder in air than in vacuum
build	Gate	2026-10-02T02:43:33.6741494Z ^[[22m^[[39msame vehicle · in air RMS 0.13151 · in vacuum RMS 0.02820
build	Gate	2026-10-02T02:43:33.6750701Z 
build	Gate	2026-10-02T02:43:33.7001092Z  ^[[32m✓^[[39m ^[[30m^[[42m unit ^[[49m^[[39m tests/audio/vacuum.test.ts ^[[2m(^[[22m^[[2m11 tests^[[22m^[[2m)^[[22m^[[33m 2189^[[2mms^[[22m^[[39m
build	Gate	2026-10-02T02:43:33.7003370Z      ^[[33m^[[2m✓^[[22m^[[39m reaches the floor by 50 km, over the real atmosphere model ^[[33m 1330^[[2mms^[[22m^[[39m
build	Gate	2026-10-02T02:43:33.7005301Z      ^[[33m^[[2m✓^[[22m^[[39m the airflow is loud where the flight is fast and low ^[[33m 333^[[2mms^[[22m^[[39m
build	Gate	2026-10-02T02:43:33.7006755Z      ^[[33m^[[2m✓^[[22m^[[39m the level falls as the air does ^[[33m 459^[[2mms^[[22m^[[39m
build	Gate	2026-10-02T02:43:35.4800351Z  ^[[32m✓^[[39m ^[[30m^[[42m unit ^[[49m^[[39m tests/core/domain-edges.test.ts ^[[2m(^[[22m^[[2m28 tests^[[22m^[[2m)^[[22m^[[33m 1507^[[2mms^[[22m^[[39m
build	Gate	2026-10-02T02:43:35.4821545Z      ^[[33m^[[2m✓^[[22m^[[39m and getAttackAngles really does wrap into [-pi, pi] ^[[33m 873^[[2mms^[[22m^[[39m
build	Gate	2026-10-02T02:43:36.9483948Z  ^[[32m✓^[[39m ^[[30m^[[42m unit ^[[49m^[[39m tests/view/plume.test.ts ^[[2m(^[[22m^[[2m13 tests^[[22m^[[2m)^[[22m^[[33m 4081^[[2mms^[[22m^[[39m
build	Gate	2026-10-02T02:43:36.9487694Z      ^[[33m^[[2m✓^[[22m^[[39m reports the range each flight puts the plume through ^[[33m 3975^[[2mms^[[22m^[[39m
build	Gate	2026-10-02T02:43:37.1542519Z  ^[[32m✓^[[39m ^[[30m^[[42m unit ^[[49m^[[39m tests/view/clouds.test.ts ^[[2m(^[[22m^[[2m18 tests^[[22m^[[2m)^[[22m^[[33m 3383^[[2mms^[[22m^[[39m
build	Gate	2026-10-02T02:43:37.1563151Z      ^[[33m^[[2m✓^[[22m^[[39m is continuous and monotonic through the crossing ^[[33m 806^[[2mms^[[22m^[[39m
build	Gate	2026-10-02T02:43:37.1591683Z      ^[[33m^[[2m✓^[[22m^[[39m builds its puffs once and transforms them thereafter ^[[33m 332^[[2mms^[[22m^[[39m
build	Gate	2026-10-02T02:43:37.1601512Z      ^[[33m^[[2m✓^[[22m^[[39m keeps its scroll offset bounded over a long flight ^[[33m 2104^[[2mms^[[22m^[[39m
build	Gate	2026-10-02T02:43:38.6921824Z  ^[[32m✓^[[39m ^[[30m^[[42m unit ^[[49m^[[39m tests/hud/binder.test.ts ^[[2m(^[[22m^[[2m9 tests^[[22m^[[2m)^[[22m^[[33m 2915^[[2mms^[[22m^[[39m
build	Gate	2026-10-02T02:43:38.6923618Z      ^[[33m^[[2m✓^[[22m^[[39m a real flight writes a small fraction of what an undiffed binder would ^[[33m 2830^[[2mms^[[22m^[[39m
build	Gate	2026-10-02T02:43:39.0553249Z Not implemented: HTMLCanvasElement's getContext() method: without installing the canvas npm package
build	Gate	2026-10-02T02:43:39.1628807Z  ^[[32m✓^[[39m ^[[30m^[[42m unit ^[[49m^[[39m tests/core/scenarios.test.ts ^[[2m(^[[22m^[[2m51 tests^[[22m^[[2m)^[[22m^[[33m 1987^[[2mms^[[22m^[[39m
build	Gate	2026-10-02T02:43:40.6891723Z  ^[[32m✓^[[39m ^[[30m^[[42m unit ^[[49m^[[39m tests/core/rng.test.ts ^[[2m(^[[22m^[[2m15 tests^[[22m^[[2m)^[[22m^[[33m 1332^[[2mms^[[22m^[[39m
build	Gate	2026-10-02T02:43:40.6894147Z      ^[[33m^[[2m✓^[[22m^[[39m stays in [0, 1) ^[[33m 1135^[[2mms^[[22m^[[39m
build	Gate	2026-10-02T02:43:40.9626316Z  ^[[32m✓^[[39m ^[[30m^[[42m unit ^[[49m^[[39m tests/ui/shell/Controls.test.tsx ^[[2m(^[[22m^[[2m17 tests^[[22m^[[2m)^[[22m^[[33m 1571^[[2mms^[[22m^[[39m
build	Gate	2026-10-02T02:43:40.9661107Z      ^[[33m^[[2m✓^[[22m^[[39m renders every control this surface owns ^[[33m 435^[[2mms^[[22m^[[39m
build	Gate	2026-10-02T02:43:42.1205724Z  ^[[32m✓^[[39m ^[[30m^[[42m unit ^[[49m^[[39m tests/core/engine-out-landings.test.ts ^[[2m(^[[22m^[[2m4 tests^[[22m^[[2m)^[[22m^[[33m 3168^[[2mms^[[22m^[[39m
build	Gate	2026-10-02T02:43:42.1233243Z      ^[[33m^[[2m✓^[[22m^[[39m before-flip-autoland/one-out: landed ^[[33m 1393^[[2mms^[[22m^[[39m
build	Gate	2026-10-02T02:43:42.1261061Z      ^[[33m^[[2m✓^[[22m^[[39m before-flip-autoland/two-out: landed ^[[33m 1605^[[2mms^[[22m^[[39m
build	Gate	2026-10-02T02:43:42.6601713Z Not implemented: HTMLCanvasElement's getContext() method: without installing the canvas npm package
build	Gate	2026-10-02T02:43:42.8066814Z  ^[[32m✓^[[39m ^[[30m^[[42m unit ^[[49m^[[39m tests/ui/blackbox.test.ts ^[[2m(^[[22m^[[2m22 tests^[[22m^[[2m)^[[22m^[[33m 869^[[2mms^[[22m^[[39m
build	Gate	2026-10-02T02:43:42.8112154Z      ^[[33m^[[2m✓^[[22m^[[39m round-trips every sample of a real flight, bit for bit ^[[33m 818^[[2mms^[[22m^[[39m
build	Gate	2026-10-02T02:43:44.6687510Z  ^[[32m✓^[[39m ^[[30m^[[42m unit ^[[49m^[[39m tests/ui/shell/Hud.test.tsx ^[[2m(^[[22m^[[2m9 tests^[[22m^[[2m)^[[22m^[[33m 1475^[[2mms^[[22m^[[39m
build	Gate	2026-10-02T02:43:44.6711444Z      ^[[33m^[[2m✓^[[22m^[[39m gives its zone to the debrief once the flight has ended, and takes it back ^[[33m 458^[[2mms^[[22m^[[39m
build	Gate	2026-10-02T02:43:44.9355333Z  ^[[32m✓^[[39m ^[[30m^[[42m unit ^[[49m^[[39m tests/ui/shell/BlackBoxPlots.test.ts ^[[2m(^[[22m^[[2m4 tests^[[22m^[[2m)^[[22m^[[33m 1158^[[2mms^[[22m^[[39m
build	Gate	2026-10-02T02:43:44.9357649Z      ^[[33m^[[2m✓^[[22m^[[39m draws one cell per plot, keyed by the recorder ids ^[[33m 596^[[2mms^[[22m^[[39m
build	Gate	2026-10-02T02:43:45.2394662Z Not implemented: HTMLCanvasElement's getContext() method: without installing the canvas npm package
build	Gate	2026-10-02T02:43:45.9125170Z  ^[[32m✓^[[39m ^[[30m^[[42m unit ^[[49m^[[39m tests/core/step.test.ts ^[[2m(^[[22m^[[2m15 tests^[[22m^[[2m)^[[22m^[[33m 676^[[2mms^[[22m^[[39m
build	Gate	2026-10-02T02:43:46.5568304Z  ^[[32m✓^[[39m ^[[30m^[[42m unit ^[[49m^[[39m tests/ui/shell/BlackBox.test.tsx ^[[2m(^[[22m^[[2m12 tests^[[22m^[[2m)^[[22m^[[33m 933^[[2mms^[[22m^[[39m
build	Gate	2026-10-02T02:43:46.5591276Z      ^[[33m^[[2m✓^[[22m^[[39m is not imported until the black box opens on a recording ^[[33m 328^[[2mms^[[22m^[[39m
build	Gate	2026-10-02T02:43:46.9995373Z  ^[[32m✓^[[39m ^[[30m^[[42m unit ^[[49m^[[39m tests/core/loop.test.ts ^[[2m(^[[22m^[[2m24 tests^[[22m^[[2m)^[[22m^[[33m 1993^[[2mms^[[22m^[[39m
build	Gate	2026-10-02T02:43:46.9997412Z      ^[[33m^[[2m✓^[[22m^[[39m 60 fps and 30 fps reach the identical state after the same simulated time ^[[33m 1477^[[2mms^[[22m^[[39m
build	Gate	2026-10-02T02:43:47.8691985Z  ^[[32m✓^[[39m ^[[30m^[[42m unit ^[[49m^[[39m tests/core/wind-profile.test.ts ^[[2m(^[[22m^[[2m20 tests^[[22m^[[2m)^[[22m^[[33m 832^[[2mms^[[22m^[[39m
build	Gate	2026-10-02T02:43:48.5944718Z Not implemented: HTMLCanvasElement's getContext() method: without installing the canvas npm package
build	Gate	2026-10-02T02:43:49.0123577Z  ^[[32m✓^[[39m ^[[30m^[[42m unit ^[[49m^[[39m tests/hud/timeline-binder.test.ts ^[[2m(^[[22m^[[2m8 tests^[[22m^[[2m)^[[22m^[[33m 796^[[2mms^[[22m^[[39m
build	Gate	2026-10-02T02:43:49.0141458Z      ^[[33m^[[2m✓^[[22m^[[39m lights the current event and leaves the earlier ones reached ^[[33m 384^[[2mms^[[22m^[[39m
build	Gate	2026-10-02T02:43:49.0731231Z Not implemented: HTMLCanvasElement's getContext() method: without installing the canvas npm package
build	Gate	2026-10-02T02:43:49.3784966Z  ^[[32m✓^[[39m ^[[30m^[[42m unit ^[[49m^[[39m tests/ui/shell/StatusBar.test.tsx ^[[2m(^[[22m^[[2m9 tests^[[22m^[[2m)^[[22m^[[33m 626^[[2mms^[[22m^[[39m
build	Gate	2026-10-02T02:43:49.3788278Z      ^[[33m^[[2m✓^[[22m^[[39m renders the wordmark, the scenario, the clock readout and every chrome control once ^[[33m 329^[[2mms^[[22m^[[39m
build	Gate	2026-10-02T02:43:49.7551272Z  ^[[32m✓^[[39m ^[[30m^[[42m unit ^[[49m^[[39m tests/ui/shell/Debrief.test.tsx ^[[2m(^[[22m^[[2m10 tests^[[22m^[[2m)^[[22m^[[33m 506^[[2mms^[[22m^[[39m
build	Gate	2026-10-02T02:43:49.9521220Z  ^[[32m✓^[[39m ^[[30m^[[42m unit ^[[49m^[[39m tests/audio/engine.test.ts ^[[2m(^[[22m^[[2m31 tests^[[22m^[[2m)^[[22m^[[33m 603^[[2mms^[[22m^[[39m
build	Gate	2026-10-02T02:43:49.9523026Z      ^[[33m^[[2m✓^[[22m^[[39m fires on a real flight, and a reset re-arms it ^[[33m 307^[[2mms^[[22m^[[39m
build	Gate	2026-10-02T02:43:50.1652970Z  ^[[32m✓^[[39m ^[[30m^[[42m unit ^[[49m^[[39m tests/hud/metrics.test.ts ^[[2m(^[[22m^[[2m22 tests^[[22m^[[2m)^[[22m^[[33m 490^[[2mms^[[22m^[[39m
build	Gate	2026-10-02T02:43:50.6388327Z  ^[[32m✓^[[39m ^[[30m^[[42m unit ^[[49m^[[39m tests/proofs/dt-substitution.test.ts ^[[2m(^[[22m^[[2m4 tests^[[22m^[[2m)^[[22m^[[32m 281^[[2mms^[[22m^[[39m
build	Gate	2026-10-02T02:43:51.3763149Z  ^[[32m✓^[[39m ^[[30m^[[42m unit ^[[49m^[[39m tests/app/recorder.test.ts ^[[2m(^[[22m^[[2m12 tests^[[22m^[[2m)^[[22m^[[33m 441^[[2mms^[[22m^[[39m
build	Gate	2026-10-02T02:43:51.3781739Z  ^[[32m✓^[[39m ^[[30m^[[42m unit ^[[49m^[[39m tests/view/terrain.test.ts ^[[2m(^[[22m^[[2m11 tests^[[22m^[[2m)^[[22m^[[33m 663^[[2mms^[[22m^[[39m
build	Gate	2026-10-02T02:43:51.3783750Z      ^[[33m^[[2m✓^[[22m^[[39m is deterministic, and scales without changing character ^[[33m 438^[[2mms^[[22m^[[39m
build	Gate	2026-10-02T02:43:51.6911850Z Not implemented: HTMLCanvasElement's getContext() method: without installing the canvas npm package
build	Gate	2026-10-02T02:43:51.9946918Z  ^[[32m✓^[[39m ^[[30m^[[42m unit ^[[49m^[[39m tests/ui/menu.test.ts ^[[2m(^[[22m^[[2m25 tests^[[22m^[[2m)^[[22m^[[32m 276^[[2mms^[[22m^[[39m
build	Gate	2026-10-02T02:43:52.4101516Z  ^[[32m✓^[[39m ^[[30m^[[42m unit ^[[49m^[[39m tests/view/particle-textures.test.ts ^[[2m(^[[22m^[[2m11 tests^[[22m^[[2m)^[[22m^[[33m 376^[[2mms^[[22m^[[39m
build	Gate	2026-10-02T02:43:52.5343040Z  ^[[32m✓^[[39m ^[[30m^[[42m unit ^[[49m^[[39m tests/ui/shell/TrajectoryCard.test.tsx ^[[2m(^[[22m^[[2m9 tests^[[22m^[[2m)^[[22m^[[33m 445^[[2mms^[[22m^[[39m
build	Gate	2026-10-02T02:43:52.5501978Z  ^[[32m✓^[[39m ^[[30m^[[42m unit ^[[49m^[[39m tests/core/control-contracts.test.ts ^[[2m(^[[22m^[[2m37 tests^[[22m^[[2m)^[[22m^[[33m 305^[[2mms^[[22m^[[39m
build	Gate	2026-10-02T02:43:52.9174809Z  ^[[32m✓^[[39m ^[[30m^[[42m unit ^[[49m^[[39m tests/core/mass.test.ts ^[[2m(^[[22m^[[2m20 tests^[[22m^[[2m)^[[22m^[[32m 156^[[2mms^[[22m^[[39m
build	Gate	2026-10-02T02:43:53.0362002Z  ^[[32m✓^[[39m ^[[30m^[[42m unit ^[[49m^[[39m tests/budget.test.ts ^[[2m(^[[22m^[[2m11 tests^[[22m^[[2m)^[[22m^[[32m 244^[[2mms^[[22m^[[39m
build	Gate	2026-10-02T02:43:53.0652527Z  ^[[32m✓^[[39m ^[[30m^[[42m unit ^[[49m^[[39m tests/hud/indicators.test.ts ^[[2m(^[[22m^[[2m8 tests^[[22m^[[2m)^[[22m^[[33m 325^[[2mms^[[22m^[[39m
build	Gate	2026-10-02T02:43:53.4640759Z  ^[[32m✓^[[39m ^[[30m^[[42m unit ^[[49m^[[39m tests/core/guidance-truth.test.ts ^[[2m(^[[22m^[[2m4 tests^[[22m^[[2m)^[[22m^[[32m 186^[[2mms^[[22m^[[39m
build	Gate	2026-10-02T02:43:53.4838050Z  ^[[32m✓^[[39m ^[[30m^[[42m unit ^[[49m^[[39m tests/golden/compare.test.ts ^[[2m(^[[22m^[[2m5 tests^[[22m^[[2m)^[[22m^[[32m 291^[[2mms^[[22m^[[39m
build	Gate	2026-10-02T02:43:53.4873784Z  ^[[32m✓^[[39m ^[[30m^[[42m unit ^[[49m^[[39m tests/core/random-failure.test.ts ^[[2m(^[[22m^[[2m8 tests^[[22m^[[2m)^[[22m^[[32m 151^[[2mms^[[22m^[[39m
build	Gate	2026-10-02T02:43:53.9361779Z  ^[[32m✓^[[39m ^[[30m^[[42m unit ^[[49m^[[39m tests/core/pitch-rate.test.ts ^[[2m(^[[22m^[[2m11 tests^[[22m^[[2m)^[[22m^[[32m 186^[[2mms^[[22m^[[39m
build	Gate	2026-10-02T02:43:53.9944081Z  ^[[32m✓^[[39m ^[[30m^[[42m unit ^[[49m^[[39m tests/core/collapsed-trig.test.ts ^[[2m(^[[22m^[[2m11 tests^[[22m^[[2m)^[[22m^[[32m 252^[[2mms^[[22m^[[39m
build	Gate	2026-10-02T02:43:54.3819601Z  ^[[32m✓^[[39m ^[[30m^[[42m unit ^[[49m^[[39m tests/core/fin-fraction.test.ts ^[[2m(^[[22m^[[2m11 tests^[[22m^[[2m)^[[22m^[[32m 140^[[2mms^[[22m^[[39m
build	Gate	2026-10-02T02:43:54.3988179Z  ^[[32m✓^[[39m ^[[30m^[[42m unit ^[[49m^[[39m tests/core/isa.test.ts ^[[2m(^[[22m^[[2m30 tests^[[22m^[[2m)^[[22m^[[32m 180^[[2mms^[[22m^[[39m
build	Gate	2026-10-02T02:43:54.7381870Z  ^[[32m✓^[[39m ^[[30m^[[42m unit ^[[49m^[[39m tests/core/atmosphere-strato.test.ts ^[[2m(^[[22m^[[2m12 tests^[[22m^[[2m)^[[22m^[[32m 105^[[2mms^[[22m^[[39m
build	Gate	2026-10-02T02:43:54.8361173Z ^[[90mstdout^[[2m | tests/audio/render.test.ts^[[2m > ^[[22m^[[2mthe engine is louder at 100% than at 40% — measured, not asserted^[[2m > ^[[22m^[[2mrises with throttle
build	Gate	2026-10-02T02:43:54.8401011Z ^[[22m^[[39mthree engines: 40% RMS 0.09131 · 100% RMS 0.13051
build	Gate	2026-10-02T02:43:54.8415053Z 
build	Gate	2026-10-02T02:43:54.8461756Z ^[[90mstdout^[[2m | tests/audio/render.test.ts^[[2m > ^[[22m^[[2mthe engine is louder at 100% than at 40% — measured, not asserted^[[2m > ^[[22m^[[2mrises with engine count
build	Gate	2026-10-02T02:43:54.8463326Z ^[[22m^[[39mat 100%: one engine RMS 0.07535 · three RMS 0.13051
build	Gate	2026-10-02T02:43:54.8463774Z 
build	Gate	2026-10-02T02:43:54.8563712Z ^[[90mstdout^[[2m | tests/audio/render.test.ts^[[2m > ^[[22m^[[2mthe engine is louder at 100% than at 40% — measured, not asserted^[[2m > ^[[22m^[[2mdistinguishes three engines at 40% from two at 100%
build	Gate	2026-10-02T02:43:54.8621586Z ^[[22m^[[39mthree at 40% RMS 0.09131 · two at 100% RMS 0.10656
build	Gate	2026-10-02T02:43:54.8650208Z 
build	Gate	2026-10-02T02:43:54.8681675Z ^[[90mstdout^[[2m | tests/audio/render.test.ts^[[2m > ^[[22m^[[2mthe air fade, rendered^[[2m > ^[[22m^[[2mfalls toward its floor in vacuum without reaching silence
build	Gate	2026-10-02T02:43:54.8720935Z ^[[22m^[[39msea level RMS 0.13051 · vacuum RMS 0.02871 · ratio 0.2200 against a floor of 0.22
build	Gate	2026-10-02T02:43:54.8721619Z 
build	Gate	2026-10-02T02:43:54.9332097Z  ^[[32m✓^[[39m ^[[30m^[[42m unit ^[[49m^[[39m tests/audio/render.test.ts ^[[2m(^[[22m^[[2m7 tests^[[22m^[[2m)^[[22m^[[32m 97^[[2mms^[[22m^[[39m
build	Gate	2026-10-02T02:43:55.1342058Z  ^[[32m✓^[[39m ^[[30m^[[42m unit ^[[49m^[[39m tests/offline.test.ts ^[[2m(^[[22m^[[2m14 tests^[[22m^[[2m)^[[22m^[[32m 88^[[2mms^[[22m^[[39m
build	Gate	2026-10-02T02:43:55.2714592Z  ^[[32m✓^[[39m ^[[30m^[[42m unit ^[[49m^[[39m tests/core/ignition.test.ts ^[[2m(^[[22m^[[2m14 tests^[[22m^[[2m)^[[22m^[[32m 91^[[2mms^[[22m^[[39m
build	Gate	2026-10-02T02:43:55.3430355Z Not implemented: HTMLCanvasElement's getContext() method: without installing the canvas npm package
build	Gate	2026-10-02T02:43:55.5612205Z  ^[[32m✓^[[39m ^[[30m^[[42m unit ^[[49m^[[39m tests/core/rotating-frame.test.ts ^[[2m(^[[22m^[[2m13 tests^[[22m^[[2m)^[[22m^[[32m 154^[[2mms^[[22m^[[39m
build	Gate	2026-10-02T02:43:55.6452252Z  ^[[32m✓^[[39m ^[[30m^[[42m unit ^[[49m^[[39m tests/core/speed-of-sound.test.ts ^[[2m(^[[22m^[[2m13 tests^[[22m^[[2m)^[[22m^[[32m 112^[[2mms^[[22m^[[39m
build	Gate	2026-10-02T02:43:55.7612032Z  ^[[32m✓^[[39m ^[[30m^[[42m unit ^[[49m^[[39m tests/ui/shell/FirstFlight.test.tsx ^[[2m(^[[22m^[[2m8 tests^[[22m^[[2m)^[[22m^[[32m 140^[[2mms^[[22m^[[39m
build	Gate	2026-10-02T02:43:55.8883242Z  ^[[32m✓^[[39m ^[[30m^[[42m unit ^[[49m^[[39m tests/core/autopilot-stages.test.ts ^[[2m(^[[22m^[[2m40 tests^[[22m^[[2m)^[[22m^[[32m 64^[[2mms^[[22m^[[39m
build	Gate	2026-10-02T02:43:56.0082252Z  ^[[32m✓^[[39m ^[[30m^[[42m unit ^[[49m^[[39m tests/ui/controls.test.ts ^[[2m(^[[22m^[[2m20 tests^[[22m^[[2m)^[[22m^[[32m 71^[[2mms^[[22m^[[39m
build	Gate	2026-10-02T02:43:56.2055882Z  ^[[32m✓^[[39m ^[[30m^[[42m unit ^[[49m^[[39m tests/core/named-branches.test.ts ^[[2m(^[[22m^[[2m17 tests^[[22m^[[2m)^[[22m^[[32m 37^[[2mms^[[22m^[[39m
build	Gate	2026-10-02T02:43:56.3711957Z  ^[[32m✓^[[39m ^[[30m^[[42m unit ^[[49m^[[39m tests/view/sun.test.ts ^[[2m(^[[22m^[[2m33 tests^[[22m^[[2m)^[[22m^[[32m 49^[[2mms^[[22m^[[39m
build	Gate	2026-10-02T02:43:56.6793105Z  ^[[32m✓^[[39m ^[[30m^[[42m unit ^[[49m^[[39m tests/view/stars.test.ts ^[[2m(^[[22m^[[2m24 tests^[[22m^[[2m)^[[22m^[[32m 40^[[2mms^[[22m^[[39m
build	Gate	2026-10-02T02:43:56.9322802Z  ^[[32m✓^[[39m ^[[30m^[[42m unit ^[[49m^[[39m tests/view/sky.test.ts ^[[2m(^[[22m^[[2m17 tests^[[22m^[[2m)^[[22m^[[32m 49^[[2mms^[[22m^[[39m
build	Gate	2026-10-02T02:43:56.9904340Z  ^[[32m✓^[[39m ^[[30m^[[42m unit ^[[49m^[[39m tests/proofs/isa-into.test.ts ^[[2m(^[[22m^[[2m1 test^[[22m^[[2m)^[[22m^[[32m 51^[[2mms^[[22m^[[39m
build	Gate	2026-10-02T02:43:57.2262159Z  ^[[32m✓^[[39m ^[[30m^[[42m unit ^[[49m^[[39m tests/ui/no-neumorphism.test.ts ^[[2m(^[[22m^[[2m5 tests^[[22m^[[2m)^[[22m^[[32m 43^[[2mms^[[22m^[[39m
build	Gate	2026-10-02T02:43:57.2501989Z  ^[[32m✓^[[39m ^[[30m^[[42m unit ^[[49m^[[39m tests/ui/preferences.test.ts ^[[2m(^[[22m^[[2m6 tests^[[22m^[[2m)^[[22m^[[32m 29^[[2mms^[[22m^[[39m
build	Gate	2026-10-02T02:43:57.5228196Z  ^[[32m✓^[[39m ^[[30m^[[42m unit ^[[49m^[[39m tests/app/input.test.ts ^[[2m(^[[22m^[[2m32 tests^[[22m^[[2m)^[[22m^[[32m 25^[[2mms^[[22m^[[39m
build	Gate	2026-10-02T02:43:57.5461053Z  ^[[32m✓^[[39m ^[[30m^[[42m unit ^[[49m^[[39m tests/app/debug.test.ts ^[[2m(^[[22m^[[2m9 tests^[[22m^[[2m)^[[22m^[[32m 26^[[2mms^[[22m^[[39m
build	Gate	2026-10-02T02:43:57.7512426Z  ^[[32m✓^[[39m ^[[30m^[[42m unit ^[[49m^[[39m tests/core/landing-burn.test.ts ^[[2m(^[[22m^[[2m6 tests^[[22m^[[2m)^[[22m^[[32m 19^[[2mms^[[22m^[[39m
build	Gate	2026-10-02T02:43:57.8731930Z  ^[[32m✓^[[39m ^[[30m^[[42m unit ^[[49m^[[39m tests/core/spawn-mach.test.ts ^[[2m(^[[22m^[[2m19 tests^[[22m^[[2m)^[[22m^[[32m 18^[[2mms^[[22m^[[39m
build	Gate	2026-10-02T02:43:58.0701199Z  ^[[32m✓^[[39m ^[[30m^[[42m unit ^[[49m^[[39m tests/core/rvac.test.ts ^[[2m(^[[22m^[[2m13 tests^[[22m^[[2m)^[[22m^[[32m 25^[[2mms^[[22m^[[39m
build	Gate	2026-10-02T02:43:58.1610559Z  ^[[32m✓^[[39m ^[[30m^[[42m unit ^[[49m^[[39m tests/golden/unification.test.ts ^[[2m(^[[22m^[[2m10 tests^[[22m^[[2m)^[[22m^[[32m 21^[[2mms^[[22m^[[39m
build	Gate	2026-10-02T02:43:58.3497136Z  ^[[32m✓^[[39m ^[[30m^[[42m unit ^[[49m^[[39m tests/core/physical-scale.test.ts ^[[2m(^[[22m^[[2m20 tests^[[22m^[[2m)^[[22m^[[32m 20^[[2mms^[[22m^[[39m
build	Gate	2026-10-02T02:43:58.4228592Z  ^[[32m✓^[[39m ^[[30m^[[42m unit ^[[49m^[[39m tests/hud/readouts.test.ts ^[[2m(^[[22m^[[2m9 tests^[[22m^[[2m)^[[22m^[[32m 12^[[2mms^[[22m^[[39m
build	Gate	2026-10-02T02:43:58.6336365Z  ^[[32m✓^[[39m ^[[30m^[[42m unit ^[[49m^[[39m tests/core/thrust-altitude.test.ts ^[[2m(^[[22m^[[2m15 tests^[[22m^[[2m)^[[22m^[[32m 18^[[2mms^[[22m^[[39m
build	Gate	2026-10-02T02:43:59.0522177Z  ^[[32m✓^[[39m ^[[30m^[[42m unit ^[[49m^[[39m tests/view/horizon.test.ts ^[[2m(^[[22m^[[2m12 tests^[[22m^[[2m)^[[22m^[[32m 17^[[2mms^[[22m^[[39m
build	Gate	2026-10-02T02:43:59.3852158Z  ^[[32m✓^[[39m ^[[30m^[[42m unit ^[[49m^[[39m tests/ui/shell/fields-presets.test.ts ^[[2m(^[[22m^[[2m9 tests^[[22m^[[2m)^[[22m^[[32m 10^[[2mms^[[22m^[[39m
build	Gate	2026-10-02T02:43:59.3962234Z  ^[[32m✓^[[39m ^[[30m^[[42m unit ^[[49m^[[39m tests/view/lighting.test.ts ^[[2m(^[[22m^[[2m9 tests^[[22m^[[2m)^[[22m^[[32m 25^[[2mms^[[22m^[[39m
build	Gate	2026-10-02T02:43:59.6191895Z  ^[[32m✓^[[39m ^[[30m^[[42m unit ^[[49m^[[39m tests/offline-classic.test.ts ^[[2m(^[[22m^[[2m3 tests^[[22m^[[2m)^[[22m^[[32m 14^[[2mms^[[22m^[[39m
build	Gate	2026-10-02T02:43:59.6838364Z  ^[[32m✓^[[39m ^[[30m^[[42m unit ^[[49m^[[39m tests/core/tank-empty.test.ts ^[[2m(^[[22m^[[2m4 tests^[[22m^[[2m)^[[22m^[[32m 12^[[2mms^[[22m^[[39m
build	Gate	2026-10-02T02:43:59.9033418Z  ^[[32m✓^[[39m ^[[30m^[[42m unit ^[[49m^[[39m tests/ui/guide.test.ts ^[[2m(^[[22m^[[2m5 tests^[[22m^[[2m)^[[22m^[[32m 15^[[2mms^[[22m^[[39m
build	Gate	2026-10-02T02:43:59.9265630Z  ^[[32m✓^[[39m ^[[30m^[[42m unit ^[[49m^[[39m tests/core/heat-argument.test.ts ^[[2m(^[[22m^[[2m9 tests^[[22m^[[2m)^[[22m^[[32m 20^[[2mms^[[22m^[[39m
build	Gate	2026-10-02T02:44:00.1014543Z  ^[[32m✓^[[39m ^[[30m^[[42m unit ^[[49m^[[39m tests/ui/tabular-digits.test.ts ^[[2m(^[[22m^[[2m22 tests^[[22m^[[2m)^[[22m^[[32m 9^[[2mms^[[22m^[[39m
build	Gate	2026-10-02T02:44:00.1651511Z  ^[[32m✓^[[39m ^[[30m^[[42m unit ^[[49m^[[39m tests/hud/haptics.test.ts ^[[2m(^[[22m^[[2m8 tests^[[22m^[[2m)^[[22m^[[32m 13^[[2mms^[[22m^[[39m
build	Gate	2026-10-02T02:44:00.4069398Z  ^[[32m✓^[[39m ^[[30m^[[42m unit ^[[49m^[[39m tests/core/wind.test.ts ^[[2m(^[[22m^[[2m10 tests^[[22m^[[2m)^[[22m^[[32m 31^[[2mms^[[22m^[[39m
build	Gate	2026-10-02T02:44:00.7268463Z  ^[[32m✓^[[39m ^[[30m^[[42m unit ^[[49m^[[39m tests/core/felt-g.test.ts ^[[2m(^[[22m^[[2m4 tests^[[22m^[[2m)^[[22m^[[32m 15^[[2mms^[[22m^[[39m
build	Gate	2026-10-02T02:44:00.9362371Z  ^[[32m✓^[[39m ^[[30m^[[42m unit ^[[49m^[[39m tests/view/dynamic-pressure.test.ts ^[[2m(^[[22m^[[2m19 tests^[[22m^[[2m)^[[22m^[[32m 67^[[2mms^[[22m^[[39m
build	Gate	2026-10-02T02:44:01.0120756Z  ^[[32m✓^[[39m ^[[30m^[[42m unit ^[[49m^[[39m tests/reference/bands.test.ts ^[[2m(^[[22m^[[2m6 tests^[[22m^[[2m)^[[22m^[[32m 14^[[2mms^[[22m^[[39m
build	Gate	2026-10-02T02:44:01.2086952Z  ^[[32m✓^[[39m ^[[30m^[[42m unit ^[[49m^[[39m tests/ui/testids.test.ts ^[[2m(^[[22m^[[2m6 tests^[[22m^[[2m)^[[22m^[[32m 12^[[2mms^[[22m^[[39m
build	Gate	2026-10-02T02:44:01.5065931Z  ^[[32m✓^[[39m ^[[30m^[[42m unit ^[[49m^[[39m tests/reference/ratchet.test.ts ^[[2m(^[[22m^[[2m3 tests^[[22m^[[2m)^[[22m^[[32m 11^[[2mms^[[22m^[[39m
build	Gate	2026-10-02T02:44:01.7385765Z  ^[[32m✓^[[39m ^[[30m^[[42m unit ^[[49m^[[39m tests/core/thermosphere.test.ts ^[[2m(^[[22m^[[2m10 tests^[[22m^[[2m)^[[22m^[[32m 6^[[2mms^[[22m^[[39m
build	Gate	2026-10-02T02:44:01.7613941Z  ^[[32m✓^[[39m ^[[30m^[[42m unit ^[[49m^[[39m tests/view/reentry.test.ts ^[[2m(^[[22m^[[2m8 tests^[[22m^[[2m)^[[22m^[[32m 12^[[2mms^[[22m^[[39m
build	Gate	2026-10-02T02:44:01.9101698Z Not implemented: HTMLCanvasElement's getContext() method: without installing the canvas npm package
build	Gate	2026-10-02T02:44:02.0468617Z  ^[[32m✓^[[39m ^[[30m^[[42m unit ^[[49m^[[39m tests/ui/session.test.ts ^[[2m(^[[22m^[[2m7 tests^[[22m^[[2m)^[[22m^[[32m 19^[[2mms^[[22m^[[39m
build	Gate	2026-10-02T02:44:02.3002121Z  ^[[32m✓^[[39m ^[[30m^[[42m unit ^[[49m^[[39m tests/view/zoom.test.ts ^[[2m(^[[22m^[[2m7 tests^[[22m^[[2m)^[[22m^[[32m 11^[[2mms^[[22m^[[39m
build	Gate	2026-10-02T02:44:02.4781897Z  ^[[32m✓^[[39m ^[[30m^[[42m unit ^[[49m^[[39m tests/view/post.test.ts ^[[2m(^[[22m^[[2m12 tests^[[22m^[[2m)^[[22m^[[32m 7^[[2mms^[[22m^[[39m
build	Gate	2026-10-02T02:44:02.5346508Z  ^[[32m✓^[[39m ^[[30m^[[42m unit ^[[49m^[[39m tests/ui/contrast.test.ts ^[[2m(^[[22m^[[2m12 tests^[[22m^[[2m)^[[22m^[[32m 13^[[2mms^[[22m^[[39m
build	Gate	2026-10-02T02:44:02.5642087Z  ^[[32m✓^[[39m ^[[30m^[[42m unit ^[[49m^[[39m tests/core/analytic-laws.test.ts ^[[2m(^[[22m^[[2m14 tests^[[22m^[[2m)^[[22m^[[32m 11^[[2mms^[[22m^[[39m
build	Gate	2026-10-02T02:44:02.7714158Z  ^[[32m✓^[[39m ^[[30m^[[42m unit ^[[49m^[[39m tests/core/propellant.test.ts ^[[2m(^[[22m^[[2m3 tests^[[22m^[[2m)^[[22m^[[32m 6^[[2mms^[[22m^[[39m
build	Gate	2026-10-02T02:44:02.7875981Z  ^[[32m✓^[[39m ^[[30m^[[42m unit ^[[49m^[[39m tests/ui/kit-boundary.test.ts ^[[2m(^[[22m^[[2m3 tests^[[22m^[[2m)^[[22m^[[32m 10^[[2mms^[[22m^[[39m
build	Gate	2026-10-02T02:44:02.8311825Z  ^[[32m✓^[[39m ^[[30m^[[42m unit ^[[49m^[[39m tests/proofs/rcs-reserve.test.ts ^[[2m(^[[22m^[[2m5 tests^[[22m^[[2m)^[[22m^[[32m 5^[[2mms^[[22m^[[39m
build	Gate	2026-10-02T02:44:03.5614932Z 
build	Gate	2026-10-02T02:44:03.5629982Z ^[[2m Test Files ^[[22m ^[[1m^[[32m147 passed^[[39m^[[22m^[[90m (147)^[[39m
build	Gate	2026-10-02T02:44:03.5640785Z ^[[2m      Tests ^[[22m ^[[1m^[[32m1941 passed^[[39m^[[22m^[[90m (1941)^[[39m
build	Gate	2026-10-02T02:44:03.5641610Z ^[[2m   Start at ^[[22m 02:39:11
build	Gate	2026-10-02T02:44:03.5651496Z ^[[2m   Duration ^[[22m 291.97s^[[2m (transform 5.48s, setup 4.03s, import 86.14s, tests 708.87s, environment 39.81s)^[[22m
build	Gate	2026-10-02T02:44:03.5652308Z 
build	Gate	2026-10-02T02:44:03.5717883Z ^[[34m % ^[[39m^[[2mCoverage report from ^[[22m^[[33mv8^[[39m
build	Gate	2026-10-02T02:44:03.5763530Z -------------------|---------|----------|---------|---------|-------------------
build	Gate	2026-10-02T02:44:03.5764728Z File               | % Stmts | % Branch | % Funcs | % Lines | Uncovered Line #s 
build	Gate	2026-10-02T02:44:03.5765770Z -------------------|---------|----------|---------|---------|-------------------
build	Gate	2026-10-02T02:44:03.5772004Z All files          |   99.45 |    99.08 |   98.99 |   99.62 |                   
build	Gate	2026-10-02T02:44:03.5772909Z  core              |     100 |      100 |     100 |     100 |                   
build	Gate	2026-10-02T02:44:03.5774186Z   constants.ts     |     100 |      100 |     100 |     100 |                   
build	Gate	2026-10-02T02:44:03.5775038Z   rng.ts           |     100 |      100 |     100 |     100 |                   
build	Gate	2026-10-02T02:44:03.5775916Z   scenarios.ts     |     100 |      100 |     100 |     100 |                   
build	Gate	2026-10-02T02:44:03.5776807Z   state.ts         |     100 |      100 |     100 |     100 |                   
build	Gate	2026-10-02T02:44:03.5777688Z   step.ts          |     100 |      100 |     100 |     100 |                   
build	Gate	2026-10-02T02:44:03.5778479Z   units.ts         |     100 |      100 |     100 |     100 |                   
build	Gate	2026-10-02T02:44:03.5779408Z  core/autopilot    |   99.67 |    99.19 |     100 |     100 |                   
build	Gate	2026-10-02T02:44:03.5780556Z   index.ts         |   99.66 |    99.16 |     100 |     100 | 99,441            
build	Gate	2026-10-02T02:44:03.5781441Z   landing-burn.ts  |     100 |      100 |     100 |     100 |                   
build	Gate	2026-10-02T02:44:03.5782352Z  core/control      |   98.11 |    97.91 |   96.36 |   98.53 |                   
build	Gate	2026-10-02T02:44:03.5783199Z   actuation.ts     |   97.61 |      100 |   88.88 |   97.43 | 188               
build	Gate	2026-10-02T02:44:03.5784036Z   commands.ts      |   95.23 |       95 |   94.73 |   94.28 | 131-132           
build	Gate	2026-10-02T02:44:03.5784897Z   ...ce-physics.ts |   97.81 |    95.45 |     100 |   99.18 | 284               
build	Gate	2026-10-02T02:44:03.5785797Z   primitives.ts    |   99.33 |       99 |     100 |   99.31 | 245               
build	Gate	2026-10-02T02:44:03.5786671Z  core/physics      |     100 |      100 |     100 |     100 |                   
build	Gate	2026-10-02T02:44:03.5787514Z   aero.ts          |     100 |      100 |     100 |     100 |                   
build	Gate	2026-10-02T02:44:03.5788378Z   atmosphere.ts    |     100 |      100 |     100 |     100 |                   
build	Gate	2026-10-02T02:44:03.5789288Z   components.ts    |     100 |      100 |     100 |     100 |                   
build	Gate	2026-10-02T02:44:03.5790957Z   engines.ts       |     100 |      100 |     100 |     100 |                   
build	Gate	2026-10-02T02:44:03.5791831Z   gravity.ts       |     100 |      100 |     100 |     100 |                   
build	Gate	2026-10-02T02:44:03.5792778Z   isa.ts           |     100 |      100 |     100 |     100 |                   
build	Gate	2026-10-02T02:44:03.5793603Z   mass.ts          |     100 |      100 |     100 |     100 |                   
build	Gate	2026-10-02T02:44:03.5794539Z   thermal.ts       |     100 |      100 |     100 |     100 |                   
build	Gate	2026-10-02T02:44:03.5795405Z   wind.ts          |     100 |      100 |     100 |     100 |                   
build	Gate	2026-10-02T02:44:03.5796373Z -------------------|---------|----------|---------|---------|-------------------
build	Gate	2026-10-02T02:44:03.7376408Z 
build	Gate	2026-10-02T02:44:03.7376920Z > starship-simulator-v2@0.1.0 test:e2e
build	Gate	2026-10-02T02:44:03.7377482Z > playwright test --project=chromium --grep @smoke
build	Gate	2026-10-02T02:44:03.7377787Z 
build	Gate	2026-10-02T02:44:06.5108995Z 
build	Gate	2026-10-02T02:44:06.5110092Z Running 13 tests using 1 worker
build	Gate	2026-10-02T02:44:06.5110574Z 
build	Gate	2026-10-02T02:44:16.9452030Z   ✓   1 [chromium] › tests/e2e/blackbox.spec.ts:55:1 › it draws the nine plots of the flight @smoke (9.7s)
build	Gate	2026-10-02T02:45:02.5100182Z   ✓   2 [chromium] › tests/e2e/controls.spec.ts:68:1 › lighting the Raptors changes the flight @mobile @smoke (45.5s)
build	Gate	2026-10-02T02:45:37.0622037Z   ✓   3 [chromium] › tests/e2e/intro.spec.ts:14:1 › the intro plays end to end and lands @smoke (34.5s)
build	Gate	2026-10-02T02:45:55.0400123Z   ✘   4 [chromium] › tests/e2e/menu.spec.ts:17:1 › the menu opens, offers every preset, and closes @smoke (15.7s)
build	Gate	2026-10-02T02:46:03.5155038Z 
build	Gate	2026-10-02T02:46:03.5200338Z ##[error]  1) [chromium] › tests/e2e/menu.spec.ts:17:1 › the menu opens, offers every preset, and closes @smoke 
build	Gate	    Error: expect(locator).toBeVisible() failed
build	Gate	
build	Gate	    Locator: locator('[data-testid="menu"]')
build	Gate	    Expected: visible
build	Gate	    Timeout: 5000ms
build	Gate	    Error: element(s) not found
build	Gate	
build	Gate	    Call log:
build	Gate	      - Expect "toBeVisible" with timeout 5000ms
build	Gate	      - waiting for locator('[data-testid="menu"]')
build	Gate	
build	Gate	
build	Gate	      12 |     .toBe(true);
build	Gate	      13 |   await page.locator('[data-testid="open-menu"]').click();
build	Gate	    > 14 |   await expect(page.locator('[data-testid="menu"]')).toBeVisible();
build	Gate	         |                                                      ^
build	Gate	      15 | }
build	Gate	      16 |
build	Gate	      17 | test('the menu opens, offers every preset, and closes @smoke', async ({ page }) => {
build	Gate	        at openMenu (/home/runner/work/StarShipSimulator/StarShipSimulator/tests/e2e/menu.spec.ts:14:54)
build	Gate	        at /home/runner/work/StarShipSimulator/StarShipSimulator/tests/e2e/menu.spec.ts:19:3
build	Gate	2026-10-02T02:46:03.5218540Z   ✓   5 [chromium] › tests/e2e/menu.spec.ts:17:1 › the menu opens, offers every preset, and closes @smoke (retry #1) (7.7s)
build	Gate	2026-10-02T02:46:21.1942243Z   ✘   6 [chromium] › tests/e2e/menu.spec.ts:58:1 › Configure starts the new flight and closes the menu @smoke (16.9s)
build	Gate	2026-10-02T02:46:31.4700525Z 
build	Gate	2026-10-02T02:46:31.4752842Z ##[error]  2) [chromium] › tests/e2e/menu.spec.ts:58:1 › Configure starts the new flight and closes the menu @smoke 
build	Gate	    Error: expect(locator).toBeVisible() failed
build	Gate	
build	Gate	    Locator: locator('[data-testid="menu"]')
build	Gate	    Expected: visible
build	Gate	    Timeout: 5000ms
build	Gate	    Error: element(s) not found
build	Gate	
build	Gate	    Call log:
build	Gate	      - Expect "toBeVisible" with timeout 5000ms
build	Gate	      - waiting for locator('[data-testid="menu"]')
build	Gate	
build	Gate	
build	Gate	      12 |     .toBe(true);
build	Gate	      13 |   await page.locator('[data-testid="open-menu"]').click();
build	Gate	    > 14 |   await expect(page.locator('[data-testid="menu"]')).toBeVisible();
build	Gate	         |                                                      ^
build	Gate	      15 | }
build	Gate	      16 |
build	Gate	      17 | test('the menu opens, offers every preset, and closes @smoke', async ({ page }) => {
build	Gate	        at openMenu (/home/runner/work/StarShipSimulator/StarShipSimulator/tests/e2e/menu.spec.ts:14:54)
build	Gate	        at /home/runner/work/StarShipSimulator/StarShipSimulator/tests/e2e/menu.spec.ts:60:3
build	Gate	2026-10-02T02:46:31.4760343Z   ✓   7 [chromium] › tests/e2e/menu.spec.ts:58:1 › Configure starts the new flight and closes the menu @smoke (retry #1) (9.5s)
build	Gate	2026-10-02T02:46:38.4435947Z   ✓   8 [chromium] › tests/e2e/offline.spec.ts:45:1 › the whole app loads with the network off @mobile @smoke (6.9s)
build	Gate	2026-10-02T02:46:51.3265379Z   ✓   9 [chromium] › tests/e2e/parity.spec.ts:18:1 › every 2021 flight control is present @smoke (12.8s)
build	Gate	2026-10-02T02:47:01.6871586Z   ✓  10 [chromium] › tests/e2e/render.spec.ts:11:1 › every art asset loads @smoke (10.3s)
build	Gate	2026-10-02T02:47:06.8755149Z   ✓  11 [chromium] › tests/e2e/smoke.spec.ts:13:1 › page loads with no console errors and no failed requests @mobile @smoke (5.2s)
build	Gate	2026-10-02T02:47:07.5922601Z   ✓  12 [chromium] › tests/e2e/smoke.spec.ts:45:1 › loads no third-party origins @mobile @smoke (687ms)
build	Gate	2026-10-02T02:47:08.3171527Z   ✓  13 [chromium] › tests/e2e/smoke.spec.ts:61:1 › canvas mounts @mobile @smoke (697ms)
build	Gate	2026-10-02T02:47:14.2328838Z   ✓  14 [chromium] › tests/e2e/smoke.spec.ts:85:1 › the simulation runs behind the canvas @mobile @smoke (5.9s)
build	Gate	2026-10-02T02:48:16.7695632Z [witness-plume] fire pixels below the ship: engines off 0, engines lit 333
build	Gate	2026-10-02T02:48:18.3978490Z   ✓  15 [chromium] › tests/e2e/witness-plume.spec.ts:85:1 › engines lit draw fire below the ship, and engines off do not @smoke (1.1m)
build	Gate	2026-10-02T02:48:25.5951962Z ##[notice]  2 flaky
build	Gate	    [chromium] › tests/e2e/menu.spec.ts:17:1 › the menu opens, offers every preset, and closes @smoke 
build	Gate	    [chromium] › tests/e2e/menu.spec.ts:58:1 › Configure starts the new flight and closes the menu @smoke 
build	Gate	  11 passed (4.4m)
build	Gate	2026-10-02T02:48:25.5953607Z 
build	Gate	2026-10-02T02:48:25.5953629Z 
build	Gate	2026-10-02T02:48:25.5954182Z   1) [chromium] › tests/e2e/menu.spec.ts:17:1 › the menu opens, offers every preset, and closes @smoke 
build	Gate	2026-10-02T02:48:25.5954577Z 
build	Gate	2026-10-02T02:48:25.5954755Z     Error: expect(locator).toBeVisible() failed
build	Gate	2026-10-02T02:48:25.5954982Z 
build	Gate	2026-10-02T02:48:25.5955135Z     Locator: locator('[data-testid="menu"]')
build	Gate	2026-10-02T02:48:25.5955439Z     Expected: visible
build	Gate	2026-10-02T02:48:25.5955671Z     Timeout: 5000ms
build	Gate	2026-10-02T02:48:25.5956278Z     Error: element(s) not found
build	Gate	2026-10-02T02:48:25.5956453Z 
build	Gate	2026-10-02T02:48:25.5956544Z     Call log:
build	Gate	2026-10-02T02:48:25.5956820Z       - Expect "toBeVisible" with timeout 5000ms
build	Gate	2026-10-02T02:48:25.5957192Z       - waiting for locator('[data-testid="menu"]')
build	Gate	2026-10-02T02:48:25.5957544Z 
build	Gate	2026-10-02T02:48:25.5957555Z 
build	Gate	2026-10-02T02:48:25.5957733Z       12 |     .toBe(true);
build	Gate	2026-10-02T02:48:25.5958362Z       13 |   await page.locator('[data-testid="open-menu"]').click();
build	Gate	2026-10-02T02:48:25.5959225Z     > 14 |   await expect(page.locator('[data-testid="menu"]')).toBeVisible();
build	Gate	2026-10-02T02:48:25.5960048Z          |                                                      ^
build	Gate	2026-10-02T02:48:25.5960591Z       15 | }
build	Gate	2026-10-02T02:48:25.5960934Z       16 |
build	Gate	2026-10-02T02:48:25.5961649Z       17 | test('the menu opens, offers every preset, and closes @smoke', async ({ page }) => {
build	Gate	2026-10-02T02:48:25.5962897Z         at openMenu (/home/runner/work/StarShipSimulator/StarShipSimulator/tests/e2e/menu.spec.ts:14:54)
build	Gate	2026-10-02T02:48:25.5964176Z         at /home/runner/work/StarShipSimulator/StarShipSimulator/tests/e2e/menu.spec.ts:19:3
build	Gate	2026-10-02T02:48:25.5964614Z 
build	Gate	2026-10-02T02:48:25.5965085Z     Error Context: test-results/menu-the-menu-opens-offers-every-preset-and-closes-smoke-chromium/error-context.md
build	Gate	2026-10-02T02:48:25.5965594Z 
build	Gate	2026-10-02T02:48:25.5966108Z   2) [chromium] › tests/e2e/menu.spec.ts:58:1 › Configure starts the new flight and closes the menu @smoke 
build	Gate	2026-10-02T02:48:25.5966509Z 
build	Gate	2026-10-02T02:48:25.5966673Z     Error: expect(locator).toBeVisible() failed
build	Gate	2026-10-02T02:48:25.5966894Z 
build	Gate	2026-10-02T02:48:25.5967034Z     Locator: locator('[data-testid="menu"]')
build	Gate	2026-10-02T02:48:25.5967335Z     Expected: visible
build	Gate	2026-10-02T02:48:25.5967561Z     Timeout: 5000ms
build	Gate	2026-10-02T02:48:25.5967805Z     Error: element(s) not found
build	Gate	2026-10-02T02:48:25.5967970Z 
build	Gate	2026-10-02T02:48:25.5968059Z     Call log:
build	Gate	2026-10-02T02:48:25.5968323Z       - Expect "toBeVisible" with timeout 5000ms
build	Gate	2026-10-02T02:48:25.5969234Z       - waiting for locator('[data-testid="menu"]')
build	Gate	2026-10-02T02:48:25.5969670Z 
build	Gate	2026-10-02T02:48:25.5969684Z 
build	Gate	2026-10-02T02:48:25.5970230Z       12 |     .toBe(true);
build	Gate	2026-10-02T02:48:25.5970926Z       13 |   await page.locator('[data-testid="open-menu"]').click();
build	Gate	2026-10-02T02:48:25.5971823Z     > 14 |   await expect(page.locator('[data-testid="menu"]')).toBeVisible();
build	Gate	2026-10-02T02:48:25.5972873Z          |                                                      ^
build	Gate	2026-10-02T02:48:25.5973302Z       15 | }
build	Gate	2026-10-02T02:48:25.5973542Z       16 |
build	Gate	2026-10-02T02:48:25.5973963Z       17 | test('the menu opens, offers every preset, and closes @smoke', async ({ page }) => {
build	Gate	2026-10-02T02:48:25.5974675Z         at openMenu (/home/runner/work/StarShipSimulator/StarShipSimulator/tests/e2e/menu.spec.ts:14:54)
build	Gate	2026-10-02T02:48:25.5975394Z         at /home/runner/work/StarShipSimulator/StarShipSimulator/tests/e2e/menu.spec.ts:60:3
build	Gate	2026-10-02T02:48:25.5975758Z 
build	Gate	2026-10-02T02:48:25.5976238Z     Error Context: test-results/menu-Configure-starts-the--ba5d4-t-and-closes-the-menu-smoke-chromium/error-context.md
build	Gate	2026-10-02T02:48:25.5976750Z 
build	Gate	2026-10-02T02:48:25.5976836Z   2 flaky
build	Gate	2026-10-02T02:48:25.5977400Z     [chromium] › tests/e2e/menu.spec.ts:17:1 › the menu opens, offers every preset, and closes @smoke 
build	Gate	2026-10-02T02:48:25.5978216Z     [chromium] › tests/e2e/menu.spec.ts:58:1 › Configure starts the new flight and closes the menu @smoke 
build	Gate	2026-10-02T02:48:25.5978697Z   11 passed (4.4m)
build	Gate	2026-10-02T02:48:25.7072407Z 
build	Gate	2026-10-02T02:48:25.7073058Z > starship-simulator-v2@0.1.0 test:deploy
build	Gate	2026-10-02T02:48:25.7073785Z > playwright test --config playwright.subpath.config.ts
build	Gate	2026-10-02T02:48:25.7074113Z 
build	Gate	2026-10-02T02:48:26.7972610Z 
build	Gate	2026-10-02T02:48:26.7973230Z Running 5 tests using 1 worker
build	Gate	2026-10-02T02:48:26.7973619Z 
build	Gate	2026-10-02T02:48:29.5431770Z   ✓  1 tests/deploy/subpath.spec.ts:11:1 › the app loads and flies from a subdirectory (2.2s)
build	Gate	2026-10-02T02:48:30.8821511Z   ✓  2 tests/deploy/subpath.spec.ts:36:1 › every asset is requested under the subpath (1.3s)
build	Gate	2026-10-02T02:48:31.4064593Z   ✓  3 tests/deploy/subpath.spec.ts:59:1 › the service worker registers at the subpath scope and precaches it (495ms)
build	Gate	2026-10-02T02:48:31.7452523Z   ✓  4 tests/deploy/subpath.spec.ts:82:1 › the install manifest stays under the subpath, and its icon is served (320ms)
build	Gate	2026-10-02T02:48:33.1171551Z   ✓  5 tests/deploy/subpath.spec.ts:100:1 › it still works offline from a subdirectory (1.4s)
build	Gate	2026-10-02T02:48:33.1797217Z 
build	Gate	2026-10-02T02:48:33.1802895Z   5 passed (6.9s)
build	Single-page fallback	﻿2026-10-02T02:48:33.2129371Z ##[group]Run cp dist/index.html dist/404.html
build	Single-page fallback	2026-10-02T02:48:33.2129765Z ^[[36;1mcp dist/index.html dist/404.html^[[0m
build	Single-page fallback	2026-10-02T02:48:33.2191825Z shell: /usr/bin/bash -e {0}
build	Single-page fallback	2026-10-02T02:48:33.2192104Z ##[endgroup]
build	Run actions/configure-pages@v6	﻿2026-10-02T02:48:33.2334022Z ##[group]Run actions/configure-pages@v6
build	Run actions/configure-pages@v6	2026-10-02T02:48:33.2334339Z with:
build	Run actions/configure-pages@v6	2026-10-02T02:48:33.2336766Z   token: ***
build	Run actions/configure-pages@v6	2026-10-02T02:48:33.2336992Z   enablement: false
build	Run actions/configure-pages@v6	2026-10-02T02:48:33.2337228Z ##[endgroup]
build	Run actions/upload-pages-artifact@v5	﻿2026-10-02T02:48:33.5527502Z ##[group]Run actions/upload-pages-artifact@v5
build	Run actions/upload-pages-artifact@v5	2026-10-02T02:48:33.5527864Z with:
build	Run actions/upload-pages-artifact@v5	2026-10-02T02:48:33.5528066Z   path: dist
build	Run actions/upload-pages-artifact@v5	2026-10-02T02:48:33.5528278Z   name: github-pages
build	Run actions/upload-pages-artifact@v5	2026-10-02T02:48:33.5528510Z   retention-days: 1
build	Run actions/upload-pages-artifact@v5	2026-10-02T02:48:33.5528733Z   include-hidden-files: false
build	Run actions/upload-pages-artifact@v5	2026-10-02T02:48:33.5528973Z env:
build	Run actions/upload-pages-artifact@v5	2026-10-02T02:48:33.5529159Z   GITHUB_PAGES: true
build	Run actions/upload-pages-artifact@v5	2026-10-02T02:48:33.5529372Z ##[endgroup]
build	Run actions/upload-pages-artifact@v5	2026-10-02T02:48:33.5590625Z ##[start-action display=Archive artifact;id=__actions_upload-pages-artifact.__run]
build	Run actions/upload-pages-artifact@v5	2026-10-02T02:48:33.5636619Z ##[group]Run echo ::group::Archive artifact
build	Run actions/upload-pages-artifact@v5	2026-10-02T02:48:33.5636963Z ^[[36;1mecho ::group::Archive artifact^[[0m
build	Run actions/upload-pages-artifact@v5	2026-10-02T02:48:33.5637243Z ^[[36;1mtar \^[[0m
build	Run actions/upload-pages-artifact@v5	2026-10-02T02:48:33.5637498Z ^[[36;1m  --dereference --hard-dereference \^[[0m
build	Run actions/upload-pages-artifact@v5	2026-10-02T02:48:33.5637817Z ^[[36;1m  --directory "$INPUT_PATH" \^[[0m
build	Run actions/upload-pages-artifact@v5	2026-10-02T02:48:33.5638123Z ^[[36;1m  -cvf "$RUNNER_TEMP/artifact.tar" \^[[0m
build	Run actions/upload-pages-artifact@v5	2026-10-02T02:48:33.5638418Z ^[[36;1m  --exclude=.git \^[[0m
build	Run actions/upload-pages-artifact@v5	2026-10-02T02:48:33.5638866Z ^[[36;1m  --exclude=.github \^[[0m
build	Run actions/upload-pages-artifact@v5	2026-10-02T02:48:33.5639166Z ^[[36;1m  --exclude=.[^/]* \^[[0m
build	Run actions/upload-pages-artifact@v5	2026-10-02T02:48:33.5639394Z ^[[36;1m  .^[[0m
build	Run actions/upload-pages-artifact@v5	2026-10-02T02:48:33.5639594Z ^[[36;1mecho ::endgroup::^[[0m
build	Run actions/upload-pages-artifact@v5	2026-10-02T02:48:33.5668104Z shell: /usr/bin/sh -e {0}
build	Run actions/upload-pages-artifact@v5	2026-10-02T02:48:33.5668360Z env:
build	Run actions/upload-pages-artifact@v5	2026-10-02T02:48:33.5668558Z   GITHUB_PAGES: true
build	Run actions/upload-pages-artifact@v5	2026-10-02T02:48:33.5668787Z   INPUT_PATH: dist
build	Run actions/upload-pages-artifact@v5	2026-10-02T02:48:33.5668994Z ##[endgroup]
build	Run actions/upload-pages-artifact@v5	2026-10-02T02:48:33.5709528Z ##[group]Archive artifact
build	Run actions/upload-pages-artifact@v5	2026-10-02T02:48:33.5722643Z ./
build	Run actions/upload-pages-artifact@v5	2026-10-02T02:48:33.5723076Z ./serviceworker.js
build	Run actions/upload-pages-artifact@v5	2026-10-02T02:48:33.5723425Z ./manifest.webmanifest
build	Run actions/upload-pages-artifact@v5	2026-10-02T02:48:33.5723680Z ./assets/
build	Run actions/upload-pages-artifact@v5	2026-10-02T02:48:33.5725076Z ./assets/GraphicsContext-DLmAmwc0.js
build	Run actions/upload-pages-artifact@v5	2026-10-02T02:48:33.5725716Z ./assets/plots-B7nIMu7j.js.map
build	Run actions/upload-pages-artifact@v5	2026-10-02T02:48:33.5726286Z ./assets/state-D62ubXaV.js.map
build	Run actions/upload-pages-artifact@v5	2026-10-02T02:48:33.5726978Z ./assets/browserAll-DrFg1QDL.js
build	Run actions/upload-pages-artifact@v5	2026-10-02T02:48:33.5727696Z ./assets/RenderTargetSystem-CGVbkJQT.js
build	Run actions/upload-pages-artifact@v5	2026-10-02T02:48:33.5728472Z ./assets/constants-DTgHfLDf.js.map
build	Run actions/upload-pages-artifact@v5	2026-10-02T02:48:33.5729139Z ./assets/index-B0OT9yWl.css
build	Run actions/upload-pages-artifact@v5	2026-10-02T02:48:33.5729707Z ./assets/tree1.webp
build	Run actions/upload-pages-artifact@v5	2026-10-02T02:48:33.5730542Z ./assets/init-DnH_wx8r.js.map
build	Run actions/upload-pages-artifact@v5	2026-10-02T02:48:33.5731421Z ./assets/uPlot.esm-C4ecZUO0.js
build	Run actions/upload-pages-artifact@v5	2026-10-02T02:48:33.5732226Z ./assets/CanvasPool-ccaPBm8-.js
build	Run actions/upload-pages-artifact@v5	2026-10-02T02:48:33.5732833Z ./assets/BufferResource-CZg6dyUf.js.map
build	Run actions/upload-pages-artifact@v5	2026-10-02T02:48:33.5733470Z ./assets/canvasUtils-BVPkC6ub.js.map
build	Run actions/upload-pages-artifact@v5	2026-10-02T02:48:33.5734014Z ./assets/Menu-7aNi8HFO.js.map
build	Run actions/upload-pages-artifact@v5	2026-10-02T02:48:33.5734737Z ./assets/GraphicsContext-DLmAmwc0.js.map
build	Run actions/upload-pages-artifact@v5	2026-10-02T02:48:33.5738169Z ./assets/RenderTargetSystem-CGVbkJQT.js.map
build	Run actions/upload-pages-artifact@v5	2026-10-02T02:48:33.5740965Z ./assets/InterTight-SemiBold-DJfiTN08.woff2
build	Run actions/upload-pages-artifact@v5	2026-10-02T02:48:33.5741958Z ./assets/getTextureBatchBindGroup-Bt6AC8uX.js.map
build	Run actions/upload-pages-artifact@v5	2026-10-02T02:48:33.5742608Z ./assets/uPlot-CnsZ1jie.css
build	Run actions/upload-pages-artifact@v5	2026-10-02T02:48:33.5743159Z ./assets/webworkerAll-DZ9jEbF-.js
build	Run actions/upload-pages-artifact@v5	2026-10-02T02:48:33.5743657Z ./assets/Starship.webp
build	Run actions/upload-pages-artifact@v5	2026-10-02T02:48:33.5744178Z ./assets/CanvasPool-ccaPBm8-.js.map
build	Run actions/upload-pages-artifact@v5	2026-10-02T02:48:33.5744720Z ./assets/index-BeR5PCz4.js
build	Run actions/upload-pages-artifact@v5	2026-10-02T02:48:33.5749203Z ./assets/BlackBox-WTU71T1U.js
build	Run actions/upload-pages-artifact@v5	2026-10-02T02:48:33.5749993Z ./assets/index-BeR5PCz4.js.map
build	Run actions/upload-pages-artifact@v5	2026-10-02T02:48:33.5772453Z ./assets/Geometry-coEMng49.js.map
build	Run actions/upload-pages-artifact@v5	2026-10-02T02:48:33.5775614Z ./assets/GCManagedHash-DqPcw2Gj.js
build	Run actions/upload-pages-artifact@v5	2026-10-02T02:48:33.5776142Z ./assets/plots-B7nIMu7j.js
build	Run actions/upload-pages-artifact@v5	2026-10-02T02:48:33.5776470Z ./assets/starBaseBackGround.webp
build	Run actions/upload-pages-artifact@v5	2026-10-02T02:48:33.5777380Z ./assets/getTextureBatchBindGroup-Bt6AC8uX.js
build	Run actions/upload-pages-artifact@v5	2026-10-02T02:48:33.5777851Z ./assets/Button-s_Cybpy_.js.map
build	Run actions/upload-pages-artifact@v5	2026-10-02T02:48:33.5779650Z ./assets/browserAll-DrFg1QDL.js.map
build	Run actions/upload-pages-artifact@v5	2026-10-02T02:48:33.5781739Z ./assets/state-D62ubXaV.js
build	Run actions/upload-pages-artifact@v5	2026-10-02T02:48:33.5782442Z ./assets/GCManagedHash-DqPcw2Gj.js.map
build	Run actions/upload-pages-artifact@v5	2026-10-02T02:48:33.5783025Z ./assets/Menu-7aNi8HFO.js
build	Run actions/upload-pages-artifact@v5	2026-10-02T02:48:33.5783540Z ./assets/plots-D2GbP0iN.css
build	Run actions/upload-pages-artifact@v5	2026-10-02T02:48:33.5784195Z ./assets/BlackBox-WTU71T1U.js.map
build	Run actions/upload-pages-artifact@v5	2026-10-02T02:48:33.5784817Z ./assets/Geometry-coEMng49.js
build	Run actions/upload-pages-artifact@v5	2026-10-02T02:48:33.5785411Z ./assets/pig.webp
build	Run actions/upload-pages-artifact@v5	2026-10-02T02:48:33.5786309Z ./assets/canvasUtils-BVPkC6ub.js
build	Run actions/upload-pages-artifact@v5	2026-10-02T02:48:33.5787009Z ./assets/Inter-SemiBold-DlULF7c_.woff2
build	Run actions/upload-pages-artifact@v5	2026-10-02T02:48:33.5787699Z ./assets/Debrief-8Vdu7FiM.js.map
build	Run actions/upload-pages-artifact@v5	2026-10-02T02:48:33.5788293Z ./assets/Cache-DGqfkvRQ.js
build	Run actions/upload-pages-artifact@v5	2026-10-02T02:48:33.5788913Z ./assets/starBaseBackGround2.webp
build	Run actions/upload-pages-artifact@v5	2026-10-02T02:48:33.5791067Z ./assets/Dialog-BjBNccI1.js
build	Run actions/upload-pages-artifact@v5	2026-10-02T02:48:33.5791724Z ./assets/init-DnH_wx8r.js
build	Run actions/upload-pages-artifact@v5	2026-10-02T02:48:33.5792283Z ./assets/Inter-Regular-BVdEcXjD.woff2
build	Run actions/upload-pages-artifact@v5	2026-10-02T02:48:33.5792818Z ./assets/tree2.webp
build	Run actions/upload-pages-artifact@v5	2026-10-02T02:48:33.5793374Z ./assets/JetBrainsMono-Medium-CMl9fZ9Q.woff2
build	Run actions/upload-pages-artifact@v5	2026-10-02T02:48:33.5794035Z ./assets/BufferResource-CZg6dyUf.js
build	Run actions/upload-pages-artifact@v5	2026-10-02T02:48:33.5794576Z ./assets/Filter-C-jCSOcL.js
build	Run actions/upload-pages-artifact@v5	2026-10-02T02:48:33.5795097Z ./assets/Filter-C-jCSOcL.js.map
build	Run actions/upload-pages-artifact@v5	2026-10-02T02:48:33.5796279Z ./assets/lunchpad_Light2.webp
build	Run actions/upload-pages-artifact@v5	2026-10-02T02:48:33.5796983Z ./assets/Cache-DGqfkvRQ.js.map
build	Run actions/upload-pages-artifact@v5	2026-10-02T02:48:33.5797509Z ./assets/lunchpad_Light1.webp
build	Run actions/upload-pages-artifact@v5	2026-10-02T02:48:33.5798247Z ./assets/uPlot.esm-C4ecZUO0.js.map
build	Run actions/upload-pages-artifact@v5	2026-10-02T02:48:33.5800907Z ./assets/Dialog-BjBNccI1.js.map
build	Run actions/upload-pages-artifact@v5	2026-10-02T02:48:33.5803013Z ./assets/charts-BBZhrHKM.css
build	Run actions/upload-pages-artifact@v5	2026-10-02T02:48:33.5803639Z ./assets/starhopper.webp
build	Run actions/upload-pages-artifact@v5	2026-10-02T02:48:33.5804584Z ./assets/Debrief-8Vdu7FiM.js
build	Run actions/upload-pages-artifact@v5	2026-10-02T02:48:33.5805202Z ./assets/Button-s_Cybpy_.js
build	Run actions/upload-pages-artifact@v5	2026-10-02T02:48:33.5805854Z ./assets/constants-DTgHfLDf.js
build	Run actions/upload-pages-artifact@v5	2026-10-02T02:48:33.5806418Z ./assets/sn15.webp
build	Run actions/upload-pages-artifact@v5	2026-10-02T02:48:33.5806907Z ./index.html
build	Run actions/upload-pages-artifact@v5	2026-10-02T02:48:33.5807372Z ./sw.js
build	Run actions/upload-pages-artifact@v5	2026-10-02T02:48:33.5807785Z ./icon.svg
build	Run actions/upload-pages-artifact@v5	2026-10-02T02:48:33.5808174Z ./404.html
build	Run actions/upload-pages-artifact@v5	2026-10-02T02:48:33.5810736Z ##[endgroup]
build	Run actions/upload-pages-artifact@v5	2026-10-02T02:48:33.5823690Z ##[end-action id=__actions_upload-pages-artifact.__run;outcome=success;conclusion=success;duration_ms=23]
build	Run actions/upload-pages-artifact@v5	2026-10-02T02:48:33.5827317Z ##[start-action display=Archive artifact;id=__actions_upload-pages-artifact.__run_2]
build	Run actions/upload-pages-artifact@v5	2026-10-02T02:48:33.5832885Z ##[end-action id=__actions_upload-pages-artifact.__run_2;outcome=skipped;conclusion=skipped;duration_ms=0]
build	Run actions/upload-pages-artifact@v5	2026-10-02T02:48:33.5835527Z ##[start-action display=Archive artifact;id=__actions_upload-pages-artifact.__run_3]
build	Run actions/upload-pages-artifact@v5	2026-10-02T02:48:33.5839063Z ##[end-action id=__actions_upload-pages-artifact.__run_3;outcome=skipped;conclusion=skipped;duration_ms=0]
build	Run actions/upload-pages-artifact@v5	2026-10-02T02:48:33.5841573Z ##[start-action display=Upload artifact;id=__actions_upload-pages-artifact.upload-artifact]
build	Run actions/upload-pages-artifact@v5	2026-10-02T02:48:33.5877894Z ##[group]Run actions/upload-artifact@bbbca2ddaa5d8feaa63e36b76fdaad77386f024f
build	Run actions/upload-pages-artifact@v5	2026-10-02T02:48:33.5878313Z with:
build	Run actions/upload-pages-artifact@v5	2026-10-02T02:48:33.5878522Z   name: github-pages
build	Run actions/upload-pages-artifact@v5	2026-10-02T02:48:33.5878779Z   path: /home/runner/work/_temp/artifact.tar
build	Run actions/upload-pages-artifact@v5	2026-10-02T02:48:33.5879080Z   retention-days: 1
build	Run actions/upload-pages-artifact@v5	2026-10-02T02:48:33.5879301Z   if-no-files-found: error
build	Run actions/upload-pages-artifact@v5	2026-10-02T02:48:33.5879546Z   compression-level: 6
build	Run actions/upload-pages-artifact@v5	2026-10-02T02:48:33.5879765Z   overwrite: false
build	Run actions/upload-pages-artifact@v5	2026-10-02T02:48:33.5880270Z   include-hidden-files: false
build	Run actions/upload-pages-artifact@v5	2026-10-02T02:48:33.5880519Z   archive: true
build	Run actions/upload-pages-artifact@v5	2026-10-02T02:48:33.5880715Z env:
build	Run actions/upload-pages-artifact@v5	2026-10-02T02:48:33.5880915Z   GITHUB_PAGES: true
build	Run actions/upload-pages-artifact@v5	2026-10-02T02:48:33.5881131Z ##[endgroup]
build	Run actions/upload-pages-artifact@v5	2026-10-02T02:48:33.7322488Z With the provided path, there will be 1 file uploaded
build	Run actions/upload-pages-artifact@v5	2026-10-02T02:48:33.7328371Z Artifact name is valid!
build	Run actions/upload-pages-artifact@v5	2026-10-02T02:48:33.7330290Z Root directory input is valid!
build	Run actions/upload-pages-artifact@v5	2026-10-02T02:48:34.1056255Z Uploading artifact: github-pages.zip
build	Run actions/upload-pages-artifact@v5	2026-10-02T02:48:34.1097172Z Beginning upload of artifact content to blob storage
build	Run actions/upload-pages-artifact@v5	2026-10-02T02:48:35.1700365Z Uploaded bytes 2557343
build	Run actions/upload-pages-artifact@v5	2026-10-02T02:48:35.2477516Z Finished uploading artifact content to blob storage!
build	Run actions/upload-pages-artifact@v5	2026-10-02T02:48:35.2478882Z SHA256 digest of uploaded artifact is 7e5b466695b2bb32ec86201e9defd8c1ffe765cb973233b517c17d742699591a
build	Run actions/upload-pages-artifact@v5	2026-10-02T02:48:35.2480176Z Finalizing artifact upload
build	Run actions/upload-pages-artifact@v5	2026-10-02T02:48:35.6307854Z Artifact github-pages successfully finalized. Artifact ID 11206283048
build	Run actions/upload-pages-artifact@v5	2026-10-02T02:48:35.6309692Z Artifact github-pages has been successfully uploaded! Final size is 2557343 bytes. Artifact ID is 11206283048
build	Run actions/upload-pages-artifact@v5	2026-10-02T02:48:35.6313085Z Artifact download URL: https://github.com/SteveIsnthere/StarShipSimulator/actions/runs/36956332944/artifacts/11206283048
build	Run actions/upload-pages-artifact@v5	2026-10-02T02:48:35.6412297Z ##[end-action id=__actions_upload-pages-artifact.upload-artifact;outcome=success;conclusion=success;duration_ms=2056]
build	Post Run actions/setup-node@v6	﻿2026-10-02T02:48:35.6514037Z Post job cleanup.
build	Post Run actions/setup-node@v6	2026-10-02T02:48:35.7678840Z Cache hit occurred on the primary key node-cache-Linux-x64-npm-1edac62bc7bf12112173a9f527a930d37489418009792304d1d1887f25a12d90, not saving cache.
build	Post Run actions/checkout@v7	﻿2026-10-02T02:48:35.7811992Z Post job cleanup.
build	Post Run actions/checkout@v7	2026-10-02T02:48:35.8674487Z [command]/usr/bin/git version
build	Post Run actions/checkout@v7	2026-10-02T02:48:35.8715258Z git version 2.55.0
build	Post Run actions/checkout@v7	2026-10-02T02:48:35.8763055Z Temporarily overriding HOME='/home/runner/work/_temp/be92ce8a-2d2e-40fa-ad67-f72887f43eb1' before making global git config changes
build	Post Run actions/checkout@v7	2026-10-02T02:48:35.8764933Z Adding repository directory to the temporary git global config as a safe directory
build	Post Run actions/checkout@v7	2026-10-02T02:48:35.8766489Z [command]/usr/bin/git config --global --add safe.directory /home/runner/work/StarShipSimulator/StarShipSimulator
build	Post Run actions/checkout@v7	2026-10-02T02:48:35.8793967Z Removing SSH command configuration
build	Post Run actions/checkout@v7	2026-10-02T02:48:35.8801330Z [command]/usr/bin/git config --local --name-only --get-regexp core\.sshCommand
build	Post Run actions/checkout@v7	2026-10-02T02:48:35.8840579Z [command]/usr/bin/git submodule foreach --recursive sh -c "git config --local --name-only --get-regexp 'core\.sshCommand' && git config --local --unset-all 'core.sshCommand' || :"
build	Post Run actions/checkout@v7	2026-10-02T02:48:35.9100393Z Removing HTTP extra header
build	Post Run actions/checkout@v7	2026-10-02T02:48:35.9107500Z [command]/usr/bin/git config --local --name-only --get-regexp http\.https\:\/\/github\.com\/\.extraheader
build	Post Run actions/checkout@v7	2026-10-02T02:48:35.9146735Z [command]/usr/bin/git submodule foreach --recursive sh -c "git config --local --name-only --get-regexp 'http\.https\:\/\/github\.com\/\.extraheader' && git config --local --unset-all 'http.https://github.com/.extraheader' || :"
build	Post Run actions/checkout@v7	2026-10-02T02:48:35.9444095Z Removing includeIf entries pointing to credentials config files
build	Post Run actions/checkout@v7	2026-10-02T02:48:35.9445577Z [command]/usr/bin/git config --local --name-only --get-regexp ^includeIf\.gitdir:
build	Post Run actions/checkout@v7	2026-10-02T02:48:35.9472796Z includeif.gitdir:/home/runner/work/StarShipSimulator/StarShipSimulator/.git.path
build	Post Run actions/checkout@v7	2026-10-02T02:48:35.9485387Z includeif.gitdir:/home/runner/work/StarShipSimulator/StarShipSimulator/.git/worktrees/*.path
build	Post Run actions/checkout@v7	2026-10-02T02:48:35.9488558Z includeif.gitdir:/github/workspace/.git.path
build	Post Run actions/checkout@v7	2026-10-02T02:48:35.9500828Z includeif.gitdir:/github/workspace/.git/worktrees/*.path
build	Post Run actions/checkout@v7	2026-10-02T02:48:35.9503746Z [command]/usr/bin/git config --local --get-all includeif.gitdir:/home/runner/work/StarShipSimulator/StarShipSimulator/.git.path
build	Post Run actions/checkout@v7	2026-10-02T02:48:35.9522990Z /home/runner/work/_temp/git-credentials-e0bb7883-65e6-4bbb-b587-6e1760eb420c.config
build	Post Run actions/checkout@v7	2026-10-02T02:48:35.9547415Z [command]/usr/bin/git config --local --unset includeif.gitdir:/home/runner/work/StarShipSimulator/StarShipSimulator/.git.path \/home\/runner\/work\/_temp\/git\-credentials\-e0bb7883\-65e6\-4bbb\-b587\-6e1760eb420c\.config
build	Post Run actions/checkout@v7	2026-10-02T02:48:35.9615878Z [command]/usr/bin/git config --local --get-all includeif.gitdir:/home/runner/work/StarShipSimulator/StarShipSimulator/.git/worktrees/*.path
build	Post Run actions/checkout@v7	2026-10-02T02:48:35.9664826Z /home/runner/work/_temp/git-credentials-e0bb7883-65e6-4bbb-b587-6e1760eb420c.config
build	Post Run actions/checkout@v7	2026-10-02T02:48:35.9669453Z [command]/usr/bin/git config --local --unset includeif.gitdir:/home/runner/work/StarShipSimulator/StarShipSimulator/.git/worktrees/*.path \/home\/runner\/work\/_temp\/git\-credentials\-e0bb7883\-65e6\-4bbb\-b587\-6e1760eb420c\.config
build	Post Run actions/checkout@v7	2026-10-02T02:48:35.9719730Z [command]/usr/bin/git config --local --get-all includeif.gitdir:/github/workspace/.git.path
build	Post Run actions/checkout@v7	2026-10-02T02:48:35.9755336Z /github/runner_temp/git-credentials-e0bb7883-65e6-4bbb-b587-6e1760eb420c.config
build	Post Run actions/checkout@v7	2026-10-02T02:48:35.9766438Z [command]/usr/bin/git config --local --unset includeif.gitdir:/github/workspace/.git.path \/github\/runner_temp\/git\-credentials\-e0bb7883\-65e6\-4bbb\-b587\-6e1760eb420c\.config
build	Post Run actions/checkout@v7	2026-10-02T02:48:35.9811556Z [command]/usr/bin/git config --local --get-all includeif.gitdir:/github/workspace/.git/worktrees/*.path
build	Post Run actions/checkout@v7	2026-10-02T02:48:35.9839067Z /github/runner_temp/git-credentials-e0bb7883-65e6-4bbb-b587-6e1760eb420c.config
build	Post Run actions/checkout@v7	2026-10-02T02:48:35.9848721Z [command]/usr/bin/git config --local --unset includeif.gitdir:/github/workspace/.git/worktrees/*.path \/github\/runner_temp\/git\-credentials\-e0bb7883\-65e6\-4bbb\-b587\-6e1760eb420c\.config
build	Post Run actions/checkout@v7	2026-10-02T02:48:35.9886580Z [command]/usr/bin/git submodule foreach --recursive git config --local --show-origin --name-only --get-regexp remote.origin.url
build	Post Run actions/checkout@v7	2026-10-02T02:48:36.0138356Z Removing credentials config '/home/runner/work/_temp/git-credentials-e0bb7883-65e6-4bbb-b587-6e1760eb420c.config'
build	Complete job	﻿2026-10-02T02:48:36.0314513Z Cleaning up orphan processes
deploy	Set up job	﻿2026-10-02T02:48:43.2621690Z Current runner version: '2.337.0'
deploy	Set up job	2026-10-02T02:48:43.2658729Z ##[group]Runner Image Provisioner
deploy	Set up job	2026-10-02T02:48:43.2660045Z Hosted Compute Agent
deploy	Set up job	2026-10-02T02:48:43.2661145Z Version: 20260901.588
deploy	Set up job	2026-10-02T02:48:43.2662210Z Commit: f88ec8081b781fac6c440065ac7ff9e710ce3d0b
deploy	Set up job	2026-10-02T02:48:43.2663574Z Build Date: 2026-09-01T19:56:44Z
deploy	Set up job	2026-10-02T02:48:43.2664762Z Worker ID: {0f35d2e9-694e-4ad5-b591-7cb7234c726c}
deploy	Set up job	2026-10-02T02:48:43.2665922Z Azure Region: eastus
deploy	Set up job	2026-10-02T02:48:43.2666932Z ##[endgroup]
deploy	Set up job	2026-10-02T02:48:43.2669602Z ##[group]Operating System
deploy	Set up job	2026-10-02T02:48:43.2670799Z Ubuntu
deploy	Set up job	2026-10-02T02:48:43.2671687Z 24.04.5
deploy	Set up job	2026-10-02T02:48:43.2672470Z LTS
deploy	Set up job	2026-10-02T02:48:43.2673480Z ##[endgroup]
deploy	Set up job	2026-10-02T02:48:43.2674394Z ##[group]Runner Image
deploy	Set up job	2026-10-02T02:48:43.2675531Z Image: ubuntu-24.04
deploy	Set up job	2026-10-02T02:48:43.2676521Z Version: 20260927.320.1
deploy	Set up job	2026-10-02T02:48:43.2678698Z Included Software: https://github.com/actions/runner-images/blob/ubuntu24/20260927.320/images/ubuntu/Ubuntu2404-Readme.md
deploy	Set up job	2026-10-02T02:48:43.2681785Z Image Release: https://github.com/actions/runner-images/releases/tag/ubuntu24%2F20260927.320
deploy	Set up job	2026-10-02T02:48:43.2683664Z ##[endgroup]
deploy	Set up job	2026-10-02T02:48:43.2685417Z ##[group]GITHUB_TOKEN Permissions
deploy	Set up job	2026-10-02T02:48:43.2688189Z Metadata: read
deploy	Set up job	2026-10-02T02:48:43.2689438Z Pages: write
deploy	Set up job	2026-10-02T02:48:43.2690546Z ##[endgroup]
deploy	Set up job	2026-10-02T02:48:43.2693730Z Secret source: Actions
deploy	Set up job	2026-10-02T02:48:43.2695343Z Cache mode: write
deploy	Set up job	2026-10-02T02:48:43.2696462Z Prepare workflow directory
deploy	Set up job	2026-10-02T02:48:43.3187745Z Prepare all required actions
deploy	Set up job	2026-10-02T02:48:43.3260188Z Getting action download info
deploy	Set up job	2026-10-02T02:48:43.5341115Z Download action repository 'actions/deploy-pages@v5' (SHA:368f82528645a54fb793d4d04e342629a3f51346)
deploy	Set up job	2026-10-02T02:48:43.9014042Z Complete job name: deploy
deploy	Run actions/deploy-pages@v5	﻿2026-10-02T02:48:43.9705374Z ##[group]Run actions/deploy-pages@v5
deploy	Run actions/deploy-pages@v5	2026-10-02T02:48:43.9706322Z with:
deploy	Run actions/deploy-pages@v5	2026-10-02T02:48:43.9710538Z   token: ***
deploy	Run actions/deploy-pages@v5	2026-10-02T02:48:43.9711002Z   timeout: 600000
deploy	Run actions/deploy-pages@v5	2026-10-02T02:48:43.9711466Z   error_count: 10
deploy	Run actions/deploy-pages@v5	2026-10-02T02:48:43.9711956Z   reporting_interval: 5000
deploy	Run actions/deploy-pages@v5	2026-10-02T02:48:43.9712474Z   artifact_name: github-pages
deploy	Run actions/deploy-pages@v5	2026-10-02T02:48:43.9712998Z   preview: false
deploy	Run actions/deploy-pages@v5	2026-10-02T02:48:43.9713694Z ##[endgroup]
deploy	Run actions/deploy-pages@v5	2026-10-02T02:48:44.1737807Z (node:2160) [DEP0040] DeprecationWarning: The `punycode` module is deprecated. Please use a userland alternative instead.
deploy	Run actions/deploy-pages@v5	2026-10-02T02:48:44.1739641Z (Use `node --trace-deprecation ...` to show where the warning was created)
deploy	Run actions/deploy-pages@v5	2026-10-02T02:48:44.2357777Z Fetching artifact metadata for "github-pages" in this workflow run
deploy	Run actions/deploy-pages@v5	2026-10-02T02:48:44.3185994Z Found 1 artifact(s)
deploy	Run actions/deploy-pages@v5	2026-10-02T02:48:44.3199334Z Creating Pages deployment with payload:
deploy	Run actions/deploy-pages@v5	2026-10-02T02:48:44.3200071Z {
deploy	Run actions/deploy-pages@v5	2026-10-02T02:48:44.3200583Z 	"artifact_id": 11206283048,
deploy	Run actions/deploy-pages@v5	2026-10-02T02:48:44.3201318Z 	"pages_build_version": "080f1088ec07863751ffd8b2fa8bf8106d4b22af",
deploy	Run actions/deploy-pages@v5	2026-10-02T02:48:44.3252005Z 	"oidc_token": "***"
deploy	Run actions/deploy-pages@v5	2026-10-02T02:48:44.3252601Z }
deploy	Run actions/deploy-pages@v5	2026-10-02T02:48:44.7087142Z Created deployment for 080f1088ec07863751ffd8b2fa8bf8106d4b22af, ID: 080f1088ec07863751ffd8b2fa8bf8106d4b22af
deploy	Run actions/deploy-pages@v5	2026-10-02T02:48:50.5276195Z Getting Pages deployment status...
deploy	Run actions/deploy-pages@v5	2026-10-02T02:48:50.6510427Z Reported success!
deploy	Complete job	﻿2026-10-02T02:48:50.6827583Z Evaluate and set environment url
deploy	Complete job	2026-10-02T02:48:50.6834045Z Evaluated environment url: https://steveisnthere.github.io/StarShipSimulator/
deploy	Complete job	2026-10-02T02:48:50.6837048Z Cleaning up orphan processes
