gate	Set up job	﻿2026-10-02T22:15:19.1894536Z Current runner version: '2.337.0'
gate	Set up job	2026-10-02T22:15:19.1920741Z ##[group]Runner Image Provisioner
gate	Set up job	2026-10-02T22:15:19.1921747Z Hosted Compute Agent
gate	Set up job	2026-10-02T22:15:19.1922387Z Version: 20260901.588
gate	Set up job	2026-10-02T22:15:19.1923027Z Commit: f88ec8081b781fac6c440065ac7ff9e710ce3d0b
gate	Set up job	2026-10-02T22:15:19.1923886Z Build Date: 2026-09-01T19:56:44Z
gate	Set up job	2026-10-02T22:15:19.1924584Z Worker ID: {cb05df34-b6ef-49e1-b787-5e2009179a4d}
gate	Set up job	2026-10-02T22:15:19.1925355Z Azure Region: westus
gate	Set up job	2026-10-02T22:15:19.1926184Z ##[endgroup]
gate	Set up job	2026-10-02T22:15:19.1927597Z ##[group]Operating System
gate	Set up job	2026-10-02T22:15:19.1928348Z Ubuntu
gate	Set up job	2026-10-02T22:15:19.1928898Z 24.04.5
gate	Set up job	2026-10-02T22:15:19.1929451Z LTS
gate	Set up job	2026-10-02T22:15:19.1930018Z ##[endgroup]
gate	Set up job	2026-10-02T22:15:19.1930580Z ##[group]Runner Image
gate	Set up job	2026-10-02T22:15:19.1931282Z Image: ubuntu-24.04
gate	Set up job	2026-10-02T22:15:19.1931863Z Version: 20260927.320.1
gate	Set up job	2026-10-02T22:15:19.1933002Z Included Software: https://github.com/actions/runner-images/blob/ubuntu24/20260927.320/images/ubuntu/Ubuntu2404-Readme.md
gate	Set up job	2026-10-02T22:15:19.1934784Z Image Release: https://github.com/actions/runner-images/releases/tag/ubuntu24%2F20260927.320
gate	Set up job	2026-10-02T22:15:19.1936310Z ##[endgroup]
gate	Set up job	2026-10-02T22:15:19.1939456Z ##[group]GITHUB_TOKEN Permissions
gate	Set up job	2026-10-02T22:15:19.1941679Z Actions: write
gate	Set up job	2026-10-02T22:15:19.1942328Z ArtifactMetadata: write
gate	Set up job	2026-10-02T22:15:19.1943029Z Attestations: write
gate	Set up job	2026-10-02T22:15:19.1943713Z Checks: write
gate	Set up job	2026-10-02T22:15:19.1944260Z CodeQuality: write
gate	Set up job	2026-10-02T22:15:19.1944925Z Contents: write
gate	Set up job	2026-10-02T22:15:19.1945508Z CopilotRequests: write
gate	Set up job	2026-10-02T22:15:19.1946530Z Deployments: write
gate	Set up job	2026-10-02T22:15:19.1947131Z Discussions: write
gate	Set up job	2026-10-02T22:15:19.1947700Z Drives: write
gate	Set up job	2026-10-02T22:15:19.1948322Z Issues: write
gate	Set up job	2026-10-02T22:15:19.1948873Z Metadata: read
gate	Set up job	2026-10-02T22:15:19.1949601Z Models: read
gate	Set up job	2026-10-02T22:15:19.1950179Z Packages: write
gate	Set up job	2026-10-02T22:15:19.1950740Z Pages: write
gate	Set up job	2026-10-02T22:15:19.1951365Z PullRequests: write
gate	Set up job	2026-10-02T22:15:19.1951961Z RepositoryProjects: write
gate	Set up job	2026-10-02T22:15:19.1952589Z SecurityEvents: write
gate	Set up job	2026-10-02T22:15:19.1953244Z Statuses: write
gate	Set up job	2026-10-02T22:15:19.1953825Z VulnerabilityAlerts: read
gate	Set up job	2026-10-02T22:15:19.1954510Z ##[endgroup]
gate	Set up job	2026-10-02T22:15:19.1956849Z Secret source: Actions
gate	Set up job	2026-10-02T22:15:19.1957932Z Cache mode: write
gate	Set up job	2026-10-02T22:15:19.1958652Z Prepare workflow directory
gate	Set up job	2026-10-02T22:15:19.2319097Z Prepare all required actions
gate	Set up job	2026-10-02T22:15:19.2389657Z Getting action download info
gate	Set up job	2026-10-02T22:15:19.5961906Z Download action repository 'actions/checkout@v7' (SHA:3d3c42e5aac5ba805825da76410c181273ba90b1)
gate	Set up job	2026-10-02T22:15:19.6834740Z Download action repository 'actions/setup-node@v6' (SHA:249970729cb0ef3589644e2896645e5dc5ba9c38)
gate	Set up job	2026-10-02T22:15:19.8177210Z Download action repository 'actions/upload-artifact@v7' (SHA:043fb46d1a93c77aae656e7c1c64a875d1fc6a0a)
gate	Set up job	2026-10-02T22:15:19.9857925Z Complete job name: gate
gate	Run actions/checkout@v7	﻿2026-10-02T22:15:20.0622661Z ##[group]Run actions/checkout@v7
gate	Run actions/checkout@v7	2026-10-02T22:15:20.0623590Z with:
gate	Run actions/checkout@v7	2026-10-02T22:15:20.0624102Z   repository: SteveIsnthere/StarShipSimulator
gate	Run actions/checkout@v7	2026-10-02T22:15:20.0627978Z   token: ***
gate	Run actions/checkout@v7	2026-10-02T22:15:20.0628435Z   ssh-strict: true
gate	Run actions/checkout@v7	2026-10-02T22:15:20.0628883Z   ssh-user: git
gate	Run actions/checkout@v7	2026-10-02T22:15:20.0629337Z   persist-credentials: true
gate	Run actions/checkout@v7	2026-10-02T22:15:20.0629837Z   clean: true
gate	Run actions/checkout@v7	2026-10-02T22:15:20.0630293Z   sparse-checkout-cone-mode: true
gate	Run actions/checkout@v7	2026-10-02T22:15:20.0630827Z   fetch-depth: 1
gate	Run actions/checkout@v7	2026-10-02T22:15:20.0631261Z   fetch-tags: false
gate	Run actions/checkout@v7	2026-10-02T22:15:20.0631723Z   show-progress: true
gate	Run actions/checkout@v7	2026-10-02T22:15:20.0632183Z   lfs: false
gate	Run actions/checkout@v7	2026-10-02T22:15:20.0632614Z   submodules: false
gate	Run actions/checkout@v7	2026-10-02T22:15:20.0633071Z   set-safe-directory: true
gate	Run actions/checkout@v7	2026-10-02T22:15:20.0633591Z   allow-unsafe-pr-checkout: false
gate	Run actions/checkout@v7	2026-10-02T22:15:20.0634366Z ##[endgroup]
gate	Run actions/checkout@v7	2026-10-02T22:15:20.1609013Z Syncing repository: SteveIsnthere/StarShipSimulator
gate	Run actions/checkout@v7	2026-10-02T22:15:20.1611874Z ##[group]Getting Git version info
gate	Run actions/checkout@v7	2026-10-02T22:15:20.1613212Z Working directory is '/home/runner/work/StarShipSimulator/StarShipSimulator'
gate	Run actions/checkout@v7	2026-10-02T22:15:20.1615312Z [command]/usr/bin/git version
gate	Run actions/checkout@v7	2026-10-02T22:15:20.1706240Z git version 2.55.0
gate	Run actions/checkout@v7	2026-10-02T22:15:20.1731510Z ##[endgroup]
gate	Run actions/checkout@v7	2026-10-02T22:15:20.1744694Z Temporarily overriding HOME='/home/runner/work/_temp/e4443637-bfce-45f7-bb77-13743f431b0a' before making global git config changes
gate	Run actions/checkout@v7	2026-10-02T22:15:20.1747318Z Adding repository directory to the temporary git global config as a safe directory
gate	Run actions/checkout@v7	2026-10-02T22:15:20.1752972Z [command]/usr/bin/git config --global --add safe.directory /home/runner/work/StarShipSimulator/StarShipSimulator
gate	Run actions/checkout@v7	2026-10-02T22:15:20.1802850Z Deleting the contents of '/home/runner/work/StarShipSimulator/StarShipSimulator'
gate	Run actions/checkout@v7	2026-10-02T22:15:20.1808098Z ##[group]Determining repository object format
gate	Run actions/checkout@v7	2026-10-02T22:15:20.1809552Z ##[endgroup]
gate	Run actions/checkout@v7	2026-10-02T22:15:20.1810669Z ##[group]Initializing the repository
gate	Run actions/checkout@v7	2026-10-02T22:15:20.1814262Z [command]/usr/bin/git init /home/runner/work/StarShipSimulator/StarShipSimulator
gate	Run actions/checkout@v7	2026-10-02T22:15:20.1915033Z hint: Using 'master' as the name for the initial branch. This default branch name
gate	Run actions/checkout@v7	2026-10-02T22:15:20.1917237Z hint: will change to "main" in Git 3.0. To configure the initial branch name
gate	Run actions/checkout@v7	2026-10-02T22:15:20.1918971Z hint: to use in all of your new repositories, which will suppress this warning,
gate	Run actions/checkout@v7	2026-10-02T22:15:20.1920484Z hint: call:
gate	Run actions/checkout@v7	2026-10-02T22:15:20.1921519Z hint:
gate	Run actions/checkout@v7	2026-10-02T22:15:20.1922625Z hint: 	git config --global init.defaultBranch <name>
gate	Run actions/checkout@v7	2026-10-02T22:15:20.1923851Z hint:
gate	Run actions/checkout@v7	2026-10-02T22:15:20.1924964Z hint: Names commonly chosen instead of 'master' are 'main', 'trunk' and
gate	Run actions/checkout@v7	2026-10-02T22:15:20.1927085Z hint: 'development'. The just-created branch can be renamed via this command:
gate	Run actions/checkout@v7	2026-10-02T22:15:20.1928475Z hint:
gate	Run actions/checkout@v7	2026-10-02T22:15:20.1929208Z hint: 	git branch -m <name>
gate	Run actions/checkout@v7	2026-10-02T22:15:20.1930020Z hint:
gate	Run actions/checkout@v7	2026-10-02T22:15:20.1931106Z hint: Disable this message with "git config set advice.defaultBranchName false"
gate	Run actions/checkout@v7	2026-10-02T22:15:20.1932619Z Initialized empty Git repository in /home/runner/work/StarShipSimulator/StarShipSimulator/.git/
gate	Run actions/checkout@v7	2026-10-02T22:15:20.1958834Z [command]/usr/bin/git remote add origin https://github.com/SteveIsnthere/StarShipSimulator
gate	Run actions/checkout@v7	2026-10-02T22:15:20.2008172Z ##[endgroup]
gate	Run actions/checkout@v7	2026-10-02T22:15:20.2009380Z ##[group]Disabling automatic garbage collection
gate	Run actions/checkout@v7	2026-10-02T22:15:20.2017747Z [command]/usr/bin/git config --local gc.auto 0
gate	Run actions/checkout@v7	2026-10-02T22:15:20.2059385Z ##[endgroup]
gate	Run actions/checkout@v7	2026-10-02T22:15:20.2060621Z ##[group]Setting up auth
gate	Run actions/checkout@v7	2026-10-02T22:15:20.2061491Z Removing SSH command configuration
gate	Run actions/checkout@v7	2026-10-02T22:15:20.2062531Z [command]/usr/bin/git config --local --name-only --get-regexp core\.sshCommand
gate	Run actions/checkout@v7	2026-10-02T22:15:20.2094639Z [command]/usr/bin/git submodule foreach --recursive sh -c "git config --local --name-only --get-regexp 'core\.sshCommand' && git config --local --unset-all 'core.sshCommand' || :"
gate	Run actions/checkout@v7	2026-10-02T22:15:20.2452729Z Removing HTTP extra header
gate	Run actions/checkout@v7	2026-10-02T22:15:20.2470200Z [command]/usr/bin/git config --local --name-only --get-regexp http\.https\:\/\/github\.com\/\.extraheader
gate	Run actions/checkout@v7	2026-10-02T22:15:20.2504521Z [command]/usr/bin/git submodule foreach --recursive sh -c "git config --local --name-only --get-regexp 'http\.https\:\/\/github\.com\/\.extraheader' && git config --local --unset-all 'http.https://github.com/.extraheader' || :"
gate	Run actions/checkout@v7	2026-10-02T22:15:20.2752898Z Removing includeIf entries pointing to credentials config files
gate	Run actions/checkout@v7	2026-10-02T22:15:20.2758359Z [command]/usr/bin/git config --local --name-only --get-regexp ^includeIf\.gitdir:
gate	Run actions/checkout@v7	2026-10-02T22:15:20.2797097Z [command]/usr/bin/git submodule foreach --recursive git config --local --show-origin --name-only --get-regexp remote.origin.url
gate	Run actions/checkout@v7	2026-10-02T22:15:20.3049894Z [command]/usr/bin/git config --file /home/runner/work/_temp/git-credentials-c4cfeb86-df9d-471e-bb61-649045d1c3c4.config http.https://github.com/.extraheader AUTHORIZATION: basic ***
gate	Run actions/checkout@v7	2026-10-02T22:15:20.3091939Z [command]/usr/bin/git config --local includeIf.gitdir:/home/runner/work/StarShipSimulator/StarShipSimulator/.git.path /home/runner/work/_temp/git-credentials-c4cfeb86-df9d-471e-bb61-649045d1c3c4.config
gate	Run actions/checkout@v7	2026-10-02T22:15:20.3125948Z [command]/usr/bin/git config --local includeIf.gitdir:/home/runner/work/StarShipSimulator/StarShipSimulator/.git/worktrees/*.path /home/runner/work/_temp/git-credentials-c4cfeb86-df9d-471e-bb61-649045d1c3c4.config
gate	Run actions/checkout@v7	2026-10-02T22:15:20.3163542Z [command]/usr/bin/git config --local includeIf.gitdir:/github/workspace/.git.path /github/runner_temp/git-credentials-c4cfeb86-df9d-471e-bb61-649045d1c3c4.config
gate	Run actions/checkout@v7	2026-10-02T22:15:20.3199099Z [command]/usr/bin/git config --local includeIf.gitdir:/github/workspace/.git/worktrees/*.path /github/runner_temp/git-credentials-c4cfeb86-df9d-471e-bb61-649045d1c3c4.config
gate	Run actions/checkout@v7	2026-10-02T22:15:20.3231599Z ##[endgroup]
gate	Run actions/checkout@v7	2026-10-02T22:15:20.3232392Z ##[group]Fetching the repository
gate	Run actions/checkout@v7	2026-10-02T22:15:20.3239028Z [command]/usr/bin/git -c protocol.version=2 fetch --no-tags --prune --no-recurse-submodules --depth=1 origin +c2ae5e46a25db0bdd63504a8f93d37056176b069:refs/remotes/origin/main
gate	Run actions/checkout@v7	2026-10-02T22:15:39.8405404Z From https://github.com/SteveIsnthere/StarShipSimulator
gate	Run actions/checkout@v7	2026-10-02T22:15:39.8407876Z  * [new ref]         c2ae5e46a25db0bdd63504a8f93d37056176b069 -> origin/main
gate	Run actions/checkout@v7	2026-10-02T22:15:39.8414521Z [command]/usr/bin/git branch --list --remote origin/main
gate	Run actions/checkout@v7	2026-10-02T22:15:39.8444085Z   origin/main
gate	Run actions/checkout@v7	2026-10-02T22:15:39.8451867Z [command]/usr/bin/git rev-parse refs/remotes/origin/main
gate	Run actions/checkout@v7	2026-10-02T22:15:39.8478384Z c2ae5e46a25db0bdd63504a8f93d37056176b069
gate	Run actions/checkout@v7	2026-10-02T22:15:39.8484287Z ##[endgroup]
gate	Run actions/checkout@v7	2026-10-02T22:15:39.8486253Z ##[group]Determining the checkout info
gate	Run actions/checkout@v7	2026-10-02T22:15:39.8488216Z ##[endgroup]
gate	Run actions/checkout@v7	2026-10-02T22:15:39.8489602Z [command]/usr/bin/git sparse-checkout disable
gate	Run actions/checkout@v7	2026-10-02T22:15:39.8545924Z [command]/usr/bin/git config --local --unset-all extensions.worktreeConfig
gate	Run actions/checkout@v7	2026-10-02T22:15:39.8582753Z ##[group]Checking out the ref
gate	Run actions/checkout@v7	2026-10-02T22:15:39.8586384Z [command]/usr/bin/git checkout --progress --force -B main refs/remotes/origin/main
gate	Run actions/checkout@v7	2026-10-02T22:15:40.7699510Z Switched to a new branch 'main'
gate	Run actions/checkout@v7	2026-10-02T22:15:40.7709856Z branch 'main' set up to track 'origin/main'.
gate	Run actions/checkout@v7	2026-10-02T22:15:40.7782915Z ##[endgroup]
gate	Run actions/checkout@v7	2026-10-02T22:15:40.7833753Z [command]/usr/bin/git log -1 --format=%H
gate	Run actions/checkout@v7	2026-10-02T22:15:40.7867470Z c2ae5e46a25db0bdd63504a8f93d37056176b069
gate	Run actions/setup-node@v6	﻿2026-10-02T22:15:40.8215316Z ##[group]Run actions/setup-node@v6
gate	Run actions/setup-node@v6	2026-10-02T22:15:40.8216068Z with:
gate	Run actions/setup-node@v6	2026-10-02T22:15:40.8216343Z   node-version-file: .nvmrc
gate	Run actions/setup-node@v6	2026-10-02T22:15:40.8216630Z   cache: npm
gate	Run actions/setup-node@v6	2026-10-02T22:15:40.8216876Z   check-latest: false
gate	Run actions/setup-node@v6	2026-10-02T22:15:40.8219258Z   token: ***
gate	Run actions/setup-node@v6	2026-10-02T22:15:40.8219536Z   package-manager-cache: true
gate	Run actions/setup-node@v6	2026-10-02T22:15:40.8219846Z ##[endgroup]
gate	Run actions/setup-node@v6	2026-10-02T22:15:40.9553046Z Resolved .nvmrc as 22
gate	Run actions/setup-node@v6	2026-10-02T22:15:40.9617744Z Found in cache @ /opt/hostedtoolcache/node/22.23.3/x64
gate	Run actions/setup-node@v6	2026-10-02T22:15:40.9621880Z ##[group]Environment details
gate	Run actions/setup-node@v6	2026-10-02T22:15:44.3643864Z node: v22.23.3
gate	Run actions/setup-node@v6	2026-10-02T22:15:44.3644538Z npm: 10.9.9
gate	Run actions/setup-node@v6	2026-10-02T22:15:44.3644956Z yarn: 1.22.22
gate	Run actions/setup-node@v6	2026-10-02T22:15:44.3646643Z ##[endgroup]
gate	Run actions/setup-node@v6	2026-10-02T22:15:44.3669908Z [command]/opt/hostedtoolcache/node/22.23.3/x64/bin/npm config get cache
gate	Run actions/setup-node@v6	2026-10-02T22:15:44.7172045Z /home/runner/.npm
gate	Run actions/setup-node@v6	2026-10-02T22:15:44.9830272Z Cache hit for: node-cache-Linux-x64-npm-1edac62bc7bf12112173a9f527a930d37489418009792304d1d1887f25a12d90
gate	Run actions/setup-node@v6	2026-10-02T22:15:46.2760798Z Received 0 of 109197371 (0.0%), 0.0 MBs/sec
gate	Run actions/setup-node@v6	2026-10-02T22:15:47.2796891Z Received 96614459 of 109197371 (88.5%), 46.0 MBs/sec
gate	Run actions/setup-node@v6	2026-10-02T22:15:47.5538672Z Received 109197371 of 109197371 (100.0%), 45.7 MBs/sec
gate	Run actions/setup-node@v6	2026-10-02T22:15:47.5539851Z Cache Size: ~104 MB (109197371 B)
gate	Run actions/setup-node@v6	2026-10-02T22:15:47.5662224Z [command]/usr/bin/tar -xf /home/runner/work/_temp/ac075f15-7d5f-4dc1-9cb4-5174f98c4599/cache.tzst -P -C /home/runner/work/StarShipSimulator/StarShipSimulator --use-compress-program unzstd
gate	Run actions/setup-node@v6	2026-10-02T22:15:47.8047599Z Cache restored successfully
gate	Run actions/setup-node@v6	2026-10-02T22:15:47.8106559Z Cache restored from key: node-cache-Linux-x64-npm-1edac62bc7bf12112173a9f527a930d37489418009792304d1d1887f25a12d90
gate	Run npm ci	﻿2026-10-02T22:15:47.8291301Z ##[group]Run npm ci
gate	Run npm ci	2026-10-02T22:15:47.8291692Z ^[[36;1mnpm ci^[[0m
gate	Run npm ci	2026-10-02T22:15:47.8557987Z shell: /usr/bin/bash -e {0}
gate	Run npm ci	2026-10-02T22:15:47.8558682Z ##[endgroup]
gate	Run npm ci	2026-10-02T22:15:52.1389143Z npm warn deprecated node-domexception@1.0.0: Use your platform's native DOMException instead
gate	Run npm ci	2026-10-02T22:15:56.1179416Z 
gate	Run npm ci	2026-10-02T22:15:56.1180281Z added 341 packages, and audited 342 packages in 8s
gate	Run npm ci	2026-10-02T22:15:56.1180844Z 
gate	Run npm ci	2026-10-02T22:15:56.1181167Z 74 packages are looking for funding
gate	Run npm ci	2026-10-02T22:15:56.1181781Z   run `npm fund` for details
gate	Run npm ci	2026-10-02T22:15:56.1193809Z 
gate	Run npm ci	2026-10-02T22:15:56.1194378Z found 0 vulnerabilities
gate	Install Chromium for Playwright	﻿2026-10-02T22:15:56.1998366Z ##[group]Run npx playwright install --with-deps chromium
gate	Install Chromium for Playwright	2026-10-02T22:15:56.1999109Z ^[[36;1mnpx playwright install --with-deps chromium^[[0m
gate	Install Chromium for Playwright	2026-10-02T22:15:56.2088068Z shell: /usr/bin/bash -e {0}
gate	Install Chromium for Playwright	2026-10-02T22:15:56.2088524Z ##[endgroup]
gate	Install Chromium for Playwright	2026-10-02T22:15:57.1050786Z Installing dependencies...
gate	Install Chromium for Playwright	2026-10-02T22:15:57.1117563Z Switching to root user to install dependencies...
gate	Install Chromium for Playwright	2026-10-02T22:15:57.2177359Z Get:1 file:/etc/apt/apt-mirrors.txt Mirrorlist [144 B]
gate	Install Chromium for Playwright	2026-10-02T22:15:57.2527643Z Hit:2 http://azure.archive.ubuntu.com/ubuntu noble InRelease
gate	Install Chromium for Playwright	2026-10-02T22:15:57.2546844Z Get:6 https://packages.microsoft.com/ubuntu/24.04/prod noble InRelease [3600 B]
gate	Install Chromium for Playwright	2026-10-02T22:15:57.2596983Z Get:3 http://azure.archive.ubuntu.com/ubuntu noble-updates InRelease [126 kB]
gate	Install Chromium for Playwright	2026-10-02T22:15:57.2656762Z Get:4 http://azure.archive.ubuntu.com/ubuntu noble-backports InRelease [126 kB]
gate	Install Chromium for Playwright	2026-10-02T22:15:57.2677452Z Get:5 http://azure.archive.ubuntu.com/ubuntu noble-security InRelease [126 kB]
gate	Install Chromium for Playwright	2026-10-02T22:15:57.4181451Z Get:7 https://packages.microsoft.com/ubuntu/24.04/prod noble/main armhf Packages [12.6 kB]
gate	Install Chromium for Playwright	2026-10-02T22:15:57.4277627Z Get:8 https://packages.microsoft.com/ubuntu/24.04/prod noble/main amd64 Packages [511 kB]
gate	Install Chromium for Playwright	2026-10-02T22:15:57.4326760Z Get:9 https://packages.microsoft.com/ubuntu/24.04/prod noble/main arm64 Packages [458 kB]
gate	Install Chromium for Playwright	2026-10-02T22:15:57.4777840Z Get:10 http://azure.archive.ubuntu.com/ubuntu noble-updates/main amd64 Packages [1364 kB]
gate	Install Chromium for Playwright	2026-10-02T22:15:57.4856072Z Get:11 http://azure.archive.ubuntu.com/ubuntu noble-updates/main Translation-en [304 kB]
gate	Install Chromium for Playwright	2026-10-02T22:15:57.4876876Z Get:12 http://azure.archive.ubuntu.com/ubuntu noble-updates/main amd64 Components [180 kB]
gate	Install Chromium for Playwright	2026-10-02T22:15:57.4936715Z Get:13 http://azure.archive.ubuntu.com/ubuntu noble-updates/universe amd64 Packages [1699 kB]
gate	Install Chromium for Playwright	2026-10-02T22:15:57.4978727Z Get:14 http://azure.archive.ubuntu.com/ubuntu noble-updates/universe Translation-en [341 kB]
gate	Install Chromium for Playwright	2026-10-02T22:15:57.5023989Z Get:15 http://azure.archive.ubuntu.com/ubuntu noble-updates/universe amd64 Components [388 kB]
gate	Install Chromium for Playwright	2026-10-02T22:15:57.5126789Z Get:16 http://azure.archive.ubuntu.com/ubuntu noble-updates/restricted amd64 Packages [1720 kB]
gate	Install Chromium for Playwright	2026-10-02T22:15:57.5206111Z Get:17 http://azure.archive.ubuntu.com/ubuntu noble-updates/restricted Translation-en [394 kB]
gate	Install Chromium for Playwright	2026-10-02T22:15:57.5239891Z Get:18 http://azure.archive.ubuntu.com/ubuntu noble-updates/multiverse amd64 Components [940 B]
gate	Install Chromium for Playwright	2026-10-02T22:15:57.5537155Z Get:19 http://azure.archive.ubuntu.com/ubuntu noble-backports/main amd64 Components [5764 B]
gate	Install Chromium for Playwright	2026-10-02T22:15:57.6006753Z Get:20 http://azure.archive.ubuntu.com/ubuntu noble-backports/universe amd64 Components [12.6 kB]
gate	Install Chromium for Playwright	2026-10-02T22:15:57.6184292Z Get:21 http://azure.archive.ubuntu.com/ubuntu noble-security/main amd64 Packages [1069 kB]
gate	Install Chromium for Playwright	2026-10-02T22:15:57.6267201Z Get:22 http://azure.archive.ubuntu.com/ubuntu noble-security/main Translation-en [221 kB]
gate	Install Chromium for Playwright	2026-10-02T22:15:57.6275328Z Get:23 http://azure.archive.ubuntu.com/ubuntu noble-security/main amd64 Components [46.3 kB]
gate	Install Chromium for Playwright	2026-10-02T22:15:57.6286902Z Get:24 http://azure.archive.ubuntu.com/ubuntu noble-security/universe amd64 Packages [1216 kB]
gate	Install Chromium for Playwright	2026-10-02T22:15:57.6359434Z Get:25 http://azure.archive.ubuntu.com/ubuntu noble-security/universe Translation-en [244 kB]
gate	Install Chromium for Playwright	2026-10-02T22:15:57.6377420Z Get:26 http://azure.archive.ubuntu.com/ubuntu noble-security/universe amd64 Components [76.3 kB]
gate	Install Chromium for Playwright	2026-10-02T22:15:57.6389002Z Get:27 http://azure.archive.ubuntu.com/ubuntu noble-security/restricted amd64 Packages [1566 kB]
gate	Install Chromium for Playwright	2026-10-02T22:15:57.6465277Z Get:28 http://azure.archive.ubuntu.com/ubuntu noble-security/restricted Translation-en [361 kB]
gate	Install Chromium for Playwright	2026-10-02T22:16:01.7245770Z Fetched 12.6 MB in 1s (8726 kB/s)
gate	Install Chromium for Playwright	2026-10-02T22:16:02.5205437Z Reading package lists...
gate	Install Chromium for Playwright	2026-10-02T22:16:02.5444084Z Reading package lists...
gate	Install Chromium for Playwright	2026-10-02T22:16:02.7110105Z Building dependency tree...
gate	Install Chromium for Playwright	2026-10-02T22:16:02.7117596Z Reading state information...
gate	Install Chromium for Playwright	2026-10-02T22:16:02.8412863Z libasound2t64 is already the newest version (1.2.11-1ubuntu0.3).
gate	Install Chromium for Playwright	2026-10-02T22:16:02.8413794Z libasound2t64 set to manually installed.
gate	Install Chromium for Playwright	2026-10-02T22:16:02.8415112Z libatk-bridge2.0-0t64 is already the newest version (2.52.0-1build1).
gate	Install Chromium for Playwright	2026-10-02T22:16:02.8416267Z libatk-bridge2.0-0t64 set to manually installed.
gate	Install Chromium for Playwright	2026-10-02T22:16:02.8417116Z libatk1.0-0t64 is already the newest version (2.52.0-1build1).
gate	Install Chromium for Playwright	2026-10-02T22:16:02.8417844Z libatk1.0-0t64 set to manually installed.
gate	Install Chromium for Playwright	2026-10-02T22:16:02.8418718Z libatspi2.0-0t64 is already the newest version (2.52.0-1build1).
gate	Install Chromium for Playwright	2026-10-02T22:16:02.8419531Z libatspi2.0-0t64 set to manually installed.
gate	Install Chromium for Playwright	2026-10-02T22:16:02.8420351Z libcairo2 is already the newest version (1.18.0-3build1).
gate	Install Chromium for Playwright	2026-10-02T22:16:02.8421063Z libcairo2 set to manually installed.
gate	Install Chromium for Playwright	2026-10-02T22:16:02.8421890Z libcups2t64 is already the newest version (2.4.7-1.2ubuntu7.14).
gate	Install Chromium for Playwright	2026-10-02T22:16:02.8422570Z libcups2t64 set to manually installed.
gate	Install Chromium for Playwright	2026-10-02T22:16:02.8423177Z libdbus-1-3 is already the newest version (1.14.10-4ubuntu4.1).
gate	Install Chromium for Playwright	2026-10-02T22:16:02.8423615Z libdbus-1-3 set to manually installed.
gate	Install Chromium for Playwright	2026-10-02T22:16:02.8424068Z libdrm2 is already the newest version (2.4.125-1ubuntu0.1~24.04.2).
gate	Install Chromium for Playwright	2026-10-02T22:16:02.8424484Z libdrm2 set to manually installed.
gate	Install Chromium for Playwright	2026-10-02T22:16:02.8424943Z libglib2.0-0t64 is already the newest version (2.80.0-6ubuntu3.9).
gate	Install Chromium for Playwright	2026-10-02T22:16:02.8425369Z libglib2.0-0t64 set to manually installed.
gate	Install Chromium for Playwright	2026-10-02T22:16:02.8426303Z libnspr4 is already the newest version (2:4.35-1.1build1).
gate	Install Chromium for Playwright	2026-10-02T22:16:02.8426705Z libnspr4 set to manually installed.
gate	Install Chromium for Playwright	2026-10-02T22:16:02.8427168Z libnss3 is already the newest version (2:3.98-1ubuntu0.2).
gate	Install Chromium for Playwright	2026-10-02T22:16:02.8427542Z libnss3 set to manually installed.
gate	Install Chromium for Playwright	2026-10-02T22:16:02.8427956Z libpango-1.0-0 is already the newest version (1.52.1+ds-1build1).
gate	Install Chromium for Playwright	2026-10-02T22:16:02.8428378Z libpango-1.0-0 set to manually installed.
gate	Install Chromium for Playwright	2026-10-02T22:16:02.8428980Z libx11-6 is already the newest version (2:1.8.7-1build1).
gate	Install Chromium for Playwright	2026-10-02T22:16:02.8429379Z libx11-6 set to manually installed.
gate	Install Chromium for Playwright	2026-10-02T22:16:02.8429759Z libxcb1 is already the newest version (1.15-1ubuntu2).
gate	Install Chromium for Playwright	2026-10-02T22:16:02.8430130Z libxcb1 set to manually installed.
gate	Install Chromium for Playwright	2026-10-02T22:16:02.8430547Z libxcomposite1 is already the newest version (1:0.4.5-1build3).
gate	Install Chromium for Playwright	2026-10-02T22:16:02.8430976Z libxcomposite1 set to manually installed.
gate	Install Chromium for Playwright	2026-10-02T22:16:02.8431684Z libxdamage1 is already the newest version (1:1.1.6-1build1).
gate	Install Chromium for Playwright	2026-10-02T22:16:02.8432383Z libxdamage1 set to manually installed.
gate	Install Chromium for Playwright	2026-10-02T22:16:02.8433108Z libxext6 is already the newest version (2:1.3.4-1build2).
gate	Install Chromium for Playwright	2026-10-02T22:16:02.8433771Z libxext6 set to manually installed.
gate	Install Chromium for Playwright	2026-10-02T22:16:02.8434315Z libxfixes3 is already the newest version (1:6.0.0-2build1).
gate	Install Chromium for Playwright	2026-10-02T22:16:02.8434714Z libxfixes3 set to manually installed.
gate	Install Chromium for Playwright	2026-10-02T22:16:02.8435136Z libxkbcommon0 is already the newest version (1.6.0-1build1).
gate	Install Chromium for Playwright	2026-10-02T22:16:02.8435538Z libxkbcommon0 set to manually installed.
gate	Install Chromium for Playwright	2026-10-02T22:16:02.8436255Z libxrandr2 is already the newest version (2:1.5.2-2build1).
gate	Install Chromium for Playwright	2026-10-02T22:16:02.8436662Z libxrandr2 set to manually installed.
gate	Install Chromium for Playwright	2026-10-02T22:16:02.8437209Z xvfb is already the newest version (2:21.1.12-1ubuntu1.8).
gate	Install Chromium for Playwright	2026-10-02T22:16:02.8438216Z fonts-noto-color-emoji is already the newest version (2.047-0ubuntu0.24.04.1).
gate	Install Chromium for Playwright	2026-10-02T22:16:02.8439178Z libfontconfig1 is already the newest version (2.15.0-1.1ubuntu2).
gate	Install Chromium for Playwright	2026-10-02T22:16:02.8439618Z libfontconfig1 set to manually installed.
gate	Install Chromium for Playwright	2026-10-02T22:16:02.8440067Z libfreetype6 is already the newest version (2.13.2+dfsg-1ubuntu0.1).
gate	Install Chromium for Playwright	2026-10-02T22:16:02.8440710Z libfreetype6 set to manually installed.
gate	Install Chromium for Playwright	2026-10-02T22:16:02.8441131Z fonts-liberation is already the newest version (1:2.1.5-3).
gate	Install Chromium for Playwright	2026-10-02T22:16:02.8441821Z fonts-liberation set to manually installed.
gate	Install Chromium for Playwright	2026-10-02T22:16:02.8442576Z The following additional packages will be installed:
gate	Install Chromium for Playwright	2026-10-02T22:16:02.8443527Z   libgl1-mesa-dri libglx-mesa0 mesa-libgallium xfonts-encodings xfonts-utils
gate	Install Chromium for Playwright	2026-10-02T22:16:02.8444319Z Recommended packages:
gate	Install Chromium for Playwright	2026-10-02T22:16:02.8444848Z   fonts-ipafont-mincho fonts-tlwg-loma
gate	Install Chromium for Playwright	2026-10-02T22:16:02.8600794Z The following NEW packages will be installed:
gate	Install Chromium for Playwright	2026-10-02T22:16:02.8602164Z   fonts-freefont-ttf fonts-ipafont-gothic fonts-tlwg-loma-otf fonts-unifont
gate	Install Chromium for Playwright	2026-10-02T22:16:02.8607579Z   fonts-wqy-zenhei xfonts-cyrillic xfonts-encodings xfonts-scalable
gate	Install Chromium for Playwright	2026-10-02T22:16:02.8608466Z   xfonts-utils
gate	Install Chromium for Playwright	2026-10-02T22:16:02.8612326Z The following packages will be upgraded:
gate	Install Chromium for Playwright	2026-10-02T22:16:02.8617283Z   libgbm1 libgl1-mesa-dri libglx-mesa0 mesa-libgallium
gate	Install Chromium for Playwright	2026-10-02T22:16:02.8773898Z 4 upgraded, 9 newly installed, 0 to remove and 21 not upgraded.
gate	Install Chromium for Playwright	2026-10-02T22:16:02.8774716Z Need to get 32.1 MB of archives.
gate	Install Chromium for Playwright	2026-10-02T22:16:02.8775524Z After this operation, 79.5 MB of additional disk space will be used.
gate	Install Chromium for Playwright	2026-10-02T22:16:02.8776658Z Get:1 file:/etc/apt/apt-mirrors.txt Mirrorlist [144 B]
gate	Install Chromium for Playwright	2026-10-02T22:16:02.9647015Z Get:2 http://azure.archive.ubuntu.com/ubuntu noble/universe amd64 fonts-ipafont-gothic all 00303-21ubuntu1 [3513 kB]
gate	Install Chromium for Playwright	2026-10-02T22:16:03.1150651Z Get:3 http://azure.archive.ubuntu.com/ubuntu noble/main amd64 fonts-freefont-ttf all 20211204+svn4273-2 [5641 kB]
gate	Install Chromium for Playwright	2026-10-02T22:16:03.2799467Z Get:4 http://azure.archive.ubuntu.com/ubuntu noble/universe amd64 fonts-tlwg-loma-otf all 1:0.7.3-1 [107 kB]
gate	Install Chromium for Playwright	2026-10-02T22:16:03.3532655Z Get:5 http://azure.archive.ubuntu.com/ubuntu noble/universe amd64 fonts-unifont all 1:15.1.01-1build1 [2993 kB]
gate	Install Chromium for Playwright	2026-10-02T22:16:03.4492529Z Get:6 http://azure.archive.ubuntu.com/ubuntu noble/universe amd64 fonts-wqy-zenhei all 0.9.45-8 [7472 kB]
gate	Install Chromium for Playwright	2026-10-02T22:16:03.6759861Z Get:7 http://azure.archive.ubuntu.com/ubuntu noble-updates/main amd64 libgl1-mesa-dri amd64 25.2.8-0ubuntu0.24.04.4 [38.0 kB]
gate	Install Chromium for Playwright	2026-10-02T22:16:03.7487538Z Get:8 http://azure.archive.ubuntu.com/ubuntu noble-updates/main amd64 libglx-mesa0 amd64 25.2.8-0ubuntu0.24.04.4 [110 kB]
gate	Install Chromium for Playwright	2026-10-02T22:16:03.8226676Z Get:9 http://azure.archive.ubuntu.com/ubuntu noble-updates/main amd64 libgbm1 amd64 25.2.8-0ubuntu0.24.04.4 [34.2 kB]
gate	Install Chromium for Playwright	2026-10-02T22:16:03.8955052Z Get:10 http://azure.archive.ubuntu.com/ubuntu noble-updates/main amd64 mesa-libgallium amd64 25.2.8-0ubuntu0.24.04.4 [10.8 MB]
gate	Install Chromium for Playwright	2026-10-02T22:16:04.2504167Z Get:11 http://azure.archive.ubuntu.com/ubuntu noble/main amd64 xfonts-encodings all 1:1.0.5-0ubuntu2 [578 kB]
gate	Install Chromium for Playwright	2026-10-02T22:16:04.3351741Z Get:12 http://azure.archive.ubuntu.com/ubuntu noble/main amd64 xfonts-utils amd64 1:7.7+6build3 [94.4 kB]
gate	Install Chromium for Playwright	2026-10-02T22:16:04.4091544Z Get:13 http://azure.archive.ubuntu.com/ubuntu noble/universe amd64 xfonts-cyrillic all 1:1.0.5+nmu1 [384 kB]
gate	Install Chromium for Playwright	2026-10-02T22:16:04.4889972Z Get:14 http://azure.archive.ubuntu.com/ubuntu noble/main amd64 xfonts-scalable all 1:1.0.3-1.3 [304 kB]
gate	Install Chromium for Playwright	2026-10-02T22:16:04.7400274Z Fetched 32.1 MB in 2s (19.7 MB/s)
gate	Install Chromium for Playwright	2026-10-02T22:16:04.7618111Z Selecting previously unselected package fonts-ipafont-gothic.
gate	Install Chromium for Playwright	2026-10-02T22:16:04.7888505Z (Reading database ... 
gate	Install Chromium for Playwright	2026-10-02T22:16:04.7889371Z (Reading database ... 5%
gate	Install Chromium for Playwright	2026-10-02T22:16:04.7889738Z (Reading database ... 10%
gate	Install Chromium for Playwright	2026-10-02T22:16:04.7890058Z (Reading database ... 15%
gate	Install Chromium for Playwright	2026-10-02T22:16:04.7890343Z (Reading database ... 20%
gate	Install Chromium for Playwright	2026-10-02T22:16:04.7890652Z (Reading database ... 25%
gate	Install Chromium for Playwright	2026-10-02T22:16:04.7890940Z (Reading database ... 30%
gate	Install Chromium for Playwright	2026-10-02T22:16:04.7891218Z (Reading database ... 35%
gate	Install Chromium for Playwright	2026-10-02T22:16:04.7891492Z (Reading database ... 40%
gate	Install Chromium for Playwright	2026-10-02T22:16:04.7891765Z (Reading database ... 45%
gate	Install Chromium for Playwright	2026-10-02T22:16:04.7892047Z (Reading database ... 50%
gate	Install Chromium for Playwright	2026-10-02T22:16:04.7926118Z (Reading database ... 55%
gate	Install Chromium for Playwright	2026-10-02T22:16:04.9300432Z (Reading database ... 60%
gate	Install Chromium for Playwright	2026-10-02T22:16:05.1396499Z (Reading database ... 65%
gate	Install Chromium for Playwright	2026-10-02T22:16:05.3399906Z (Reading database ... 70%
gate	Install Chromium for Playwright	2026-10-02T22:16:05.5280753Z (Reading database ... 75%
gate	Install Chromium for Playwright	2026-10-02T22:16:05.6907354Z (Reading database ... 80%
gate	Install Chromium for Playwright	2026-10-02T22:16:05.8781317Z (Reading database ... 85%
gate	Install Chromium for Playwright	2026-10-02T22:16:06.0414611Z (Reading database ... 90%
gate	Install Chromium for Playwright	2026-10-02T22:16:06.1864851Z (Reading database ... 95%
gate	Install Chromium for Playwright	2026-10-02T22:16:06.1865502Z (Reading database ... 100%
gate	Install Chromium for Playwright	2026-10-02T22:16:06.1866676Z (Reading database ... 202296 files and directories currently installed.)
gate	Install Chromium for Playwright	2026-10-02T22:16:06.1906054Z Preparing to unpack .../00-fonts-ipafont-gothic_00303-21ubuntu1_all.deb ...
gate	Install Chromium for Playwright	2026-10-02T22:16:06.1993799Z Unpacking fonts-ipafont-gothic (00303-21ubuntu1) ...
gate	Install Chromium for Playwright	2026-10-02T22:16:06.4207994Z Selecting previously unselected package fonts-freefont-ttf.
gate	Install Chromium for Playwright	2026-10-02T22:16:06.4331171Z Preparing to unpack .../01-fonts-freefont-ttf_20211204+svn4273-2_all.deb ...
gate	Install Chromium for Playwright	2026-10-02T22:16:06.4337979Z Unpacking fonts-freefont-ttf (20211204+svn4273-2) ...
gate	Install Chromium for Playwright	2026-10-02T22:16:06.5114174Z Selecting previously unselected package fonts-tlwg-loma-otf.
gate	Install Chromium for Playwright	2026-10-02T22:16:06.5242610Z Preparing to unpack .../02-fonts-tlwg-loma-otf_1%3a0.7.3-1_all.deb ...
gate	Install Chromium for Playwright	2026-10-02T22:16:06.5249504Z Unpacking fonts-tlwg-loma-otf (1:0.7.3-1) ...
gate	Install Chromium for Playwright	2026-10-02T22:16:06.5445529Z Selecting previously unselected package fonts-unifont.
gate	Install Chromium for Playwright	2026-10-02T22:16:06.5567772Z Preparing to unpack .../03-fonts-unifont_1%3a15.1.01-1build1_all.deb ...
gate	Install Chromium for Playwright	2026-10-02T22:16:06.5574473Z Unpacking fonts-unifont (1:15.1.01-1build1) ...
gate	Install Chromium for Playwright	2026-10-02T22:16:06.6660686Z Selecting previously unselected package fonts-wqy-zenhei.
gate	Install Chromium for Playwright	2026-10-02T22:16:06.6786362Z Preparing to unpack .../04-fonts-wqy-zenhei_0.9.45-8_all.deb ...
gate	Install Chromium for Playwright	2026-10-02T22:16:06.6893876Z Unpacking fonts-wqy-zenhei (0.9.45-8) ...
gate	Install Chromium for Playwright	2026-10-02T22:16:07.1590148Z Preparing to unpack .../05-libgl1-mesa-dri_25.2.8-0ubuntu0.24.04.4_amd64.deb ...
gate	Install Chromium for Playwright	2026-10-02T22:16:07.1727004Z Unpacking libgl1-mesa-dri:amd64 (25.2.8-0ubuntu0.24.04.4) over (25.2.8-0ubuntu0.24.04.2) ...
gate	Install Chromium for Playwright	2026-10-02T22:16:07.2288358Z Preparing to unpack .../06-libglx-mesa0_25.2.8-0ubuntu0.24.04.4_amd64.deb ...
gate	Install Chromium for Playwright	2026-10-02T22:16:07.2331044Z Unpacking libglx-mesa0:amd64 (25.2.8-0ubuntu0.24.04.4) over (25.2.8-0ubuntu0.24.04.2) ...
gate	Install Chromium for Playwright	2026-10-02T22:16:07.2731339Z Preparing to unpack .../07-libgbm1_25.2.8-0ubuntu0.24.04.4_amd64.deb ...
gate	Install Chromium for Playwright	2026-10-02T22:16:07.2816862Z Unpacking libgbm1:amd64 (25.2.8-0ubuntu0.24.04.4) over (25.2.8-0ubuntu0.24.04.2) ...
gate	Install Chromium for Playwright	2026-10-02T22:16:07.3160949Z Preparing to unpack .../08-mesa-libgallium_25.2.8-0ubuntu0.24.04.4_amd64.deb ...
gate	Install Chromium for Playwright	2026-10-02T22:16:07.3181946Z Unpacking mesa-libgallium:amd64 (25.2.8-0ubuntu0.24.04.4) over (25.2.8-0ubuntu0.24.04.2) ...
gate	Install Chromium for Playwright	2026-10-02T22:16:07.4859474Z Selecting previously unselected package xfonts-encodings.
gate	Install Chromium for Playwright	2026-10-02T22:16:07.4984748Z Preparing to unpack .../09-xfonts-encodings_1%3a1.0.5-0ubuntu2_all.deb ...
gate	Install Chromium for Playwright	2026-10-02T22:16:07.4991331Z Unpacking xfonts-encodings (1:1.0.5-0ubuntu2) ...
gate	Install Chromium for Playwright	2026-10-02T22:16:07.5261737Z Selecting previously unselected package xfonts-utils.
gate	Install Chromium for Playwright	2026-10-02T22:16:07.5386359Z Preparing to unpack .../10-xfonts-utils_1%3a7.7+6build3_amd64.deb ...
gate	Install Chromium for Playwright	2026-10-02T22:16:07.5392451Z Unpacking xfonts-utils (1:7.7+6build3) ...
gate	Install Chromium for Playwright	2026-10-02T22:16:07.5757008Z Selecting previously unselected package xfonts-cyrillic.
gate	Install Chromium for Playwright	2026-10-02T22:16:07.5878624Z Preparing to unpack .../11-xfonts-cyrillic_1%3a1.0.5+nmu1_all.deb ...
gate	Install Chromium for Playwright	2026-10-02T22:16:07.5885504Z Unpacking xfonts-cyrillic (1:1.0.5+nmu1) ...
gate	Install Chromium for Playwright	2026-10-02T22:16:07.6213377Z Selecting previously unselected package xfonts-scalable.
gate	Install Chromium for Playwright	2026-10-02T22:16:07.6334555Z Preparing to unpack .../12-xfonts-scalable_1%3a1.0.3-1.3_all.deb ...
gate	Install Chromium for Playwright	2026-10-02T22:16:07.6341172Z Unpacking xfonts-scalable (1:1.0.3-1.3) ...
gate	Install Chromium for Playwright	2026-10-02T22:16:07.6759721Z Setting up mesa-libgallium:amd64 (25.2.8-0ubuntu0.24.04.4) ...
gate	Install Chromium for Playwright	2026-10-02T22:16:07.6799349Z Setting up libgbm1:amd64 (25.2.8-0ubuntu0.24.04.4) ...
gate	Install Chromium for Playwright	2026-10-02T22:16:07.6817581Z Setting up libgl1-mesa-dri:amd64 (25.2.8-0ubuntu0.24.04.4) ...
gate	Install Chromium for Playwright	2026-10-02T22:16:07.6887871Z Setting up fonts-wqy-zenhei (0.9.45-8) ...
gate	Install Chromium for Playwright	2026-10-02T22:16:07.6998268Z Setting up fonts-freefont-ttf (20211204+svn4273-2) ...
gate	Install Chromium for Playwright	2026-10-02T22:16:07.7014171Z Setting up fonts-tlwg-loma-otf (1:0.7.3-1) ...
gate	Install Chromium for Playwright	2026-10-02T22:16:07.7029930Z Setting up xfonts-encodings (1:1.0.5-0ubuntu2) ...
gate	Install Chromium for Playwright	2026-10-02T22:16:07.7046623Z Setting up fonts-ipafont-gothic (00303-21ubuntu1) ...
gate	Install Chromium for Playwright	2026-10-02T22:16:07.7109343Z update-alternatives: using /usr/share/fonts/opentype/ipafont-gothic/ipag.ttf to provide /usr/share/fonts/truetype/fonts-japanese-gothic.ttf (fonts-japanese-gothic.ttf) in auto mode
gate	Install Chromium for Playwright	2026-10-02T22:16:07.7123267Z Setting up fonts-unifont (1:15.1.01-1build1) ...
gate	Install Chromium for Playwright	2026-10-02T22:16:07.7140114Z Setting up libglx-mesa0:amd64 (25.2.8-0ubuntu0.24.04.4) ...
gate	Install Chromium for Playwright	2026-10-02T22:16:07.7156702Z Setting up xfonts-utils (1:7.7+6build3) ...
gate	Install Chromium for Playwright	2026-10-02T22:16:07.7192757Z Setting up xfonts-cyrillic (1:1.0.5+nmu1) ...
gate	Install Chromium for Playwright	2026-10-02T22:16:07.7759509Z Setting up xfonts-scalable (1:1.0.3-1.3) ...
gate	Install Chromium for Playwright	2026-10-02T22:16:07.8026471Z Processing triggers for libc-bin (2.39-0ubuntu8.9) ...
gate	Install Chromium for Playwright	2026-10-02T22:16:07.8350148Z Processing triggers for man-db (2.12.0-4build2) ...
gate	Install Chromium for Playwright	2026-10-02T22:16:07.8373700Z Not building database; man-db/auto-update is not 'true'.
gate	Install Chromium for Playwright	2026-10-02T22:16:07.8384166Z Processing triggers for fontconfig (2.15.0-1.1ubuntu2) ...
gate	Install Chromium for Playwright	2026-10-02T22:16:08.5463904Z 
gate	Install Chromium for Playwright	2026-10-02T22:16:08.5464792Z Running kernel seems to be up-to-date.
gate	Install Chromium for Playwright	2026-10-02T22:16:08.5465306Z 
gate	Install Chromium for Playwright	2026-10-02T22:16:08.5465958Z No services need to be restarted.
gate	Install Chromium for Playwright	2026-10-02T22:16:08.5466366Z 
gate	Install Chromium for Playwright	2026-10-02T22:16:08.5466710Z No containers need to be restarted.
gate	Install Chromium for Playwright	2026-10-02T22:16:08.5467119Z 
gate	Install Chromium for Playwright	2026-10-02T22:16:08.5467515Z No user sessions are running outdated binaries.
gate	Install Chromium for Playwright	2026-10-02T22:16:08.5468146Z 
gate	Install Chromium for Playwright	2026-10-02T22:16:08.5468871Z No VM guests are running outdated hypervisor (qemu) binaries on this host.
gate	Install Chromium for Playwright	2026-10-02T22:16:09.3334872Z Downloading Chrome for Testing 151.0.7922.34 (playwright chromium v1234) from https://cdn.playwright.dev/builds/cft/151.0.7922.34/linux64/chrome-linux64.zip
gate	Install Chromium for Playwright	2026-10-02T22:16:10.3559583Z |                                                                                |   0% of 184.3 MiB
gate	Install Chromium for Playwright	2026-10-02T22:16:10.5395072Z |■■■■■■■■                                                                        |  10% of 184.3 MiB
gate	Install Chromium for Playwright	2026-10-02T22:16:10.6451065Z |■■■■■■■■■■■■■■■■                                                                |  20% of 184.3 MiB
gate	Install Chromium for Playwright	2026-10-02T22:16:10.7466106Z |■■■■■■■■■■■■■■■■■■■■■■■■                                                        |  30% of 184.3 MiB
gate	Install Chromium for Playwright	2026-10-02T22:16:10.8528557Z |■■■■■■■■■■■■■■■■■■■■■■■■■■■■■■■■                                                |  40% of 184.3 MiB
gate	Install Chromium for Playwright	2026-10-02T22:16:10.9759148Z |■■■■■■■■■■■■■■■■■■■■■■■■■■■■■■■■■■■■■■■■                                        |  50% of 184.3 MiB
gate	Install Chromium for Playwright	2026-10-02T22:16:11.0895489Z |■■■■■■■■■■■■■■■■■■■■■■■■■■■■■■■■■■■■■■■■■■■■■■■■                                |  60% of 184.3 MiB
gate	Install Chromium for Playwright	2026-10-02T22:16:11.2179447Z |■■■■■■■■■■■■■■■■■■■■■■■■■■■■■■■■■■■■■■■■■■■■■■■■■■■■■■■■                        |  70% of 184.3 MiB
gate	Install Chromium for Playwright	2026-10-02T22:16:11.3113451Z |■■■■■■■■■■■■■■■■■■■■■■■■■■■■■■■■■■■■■■■■■■■■■■■■■■■■■■■■■■■■■■■■                |  80% of 184.3 MiB
gate	Install Chromium for Playwright	2026-10-02T22:16:11.4082001Z |■■■■■■■■■■■■■■■■■■■■■■■■■■■■■■■■■■■■■■■■■■■■■■■■■■■■■■■■■■■■■■■■■■■■■■■■        |  90% of 184.3 MiB
gate	Install Chromium for Playwright	2026-10-02T22:16:11.5130418Z |■■■■■■■■■■■■■■■■■■■■■■■■■■■■■■■■■■■■■■■■■■■■■■■■■■■■■■■■■■■■■■■■■■■■■■■■■■■■■■■■| 100% of 184.3 MiB
gate	Install Chromium for Playwright	2026-10-02T22:16:14.3837501Z Chrome for Testing 151.0.7922.34 (playwright chromium v1234) downloaded to /home/runner/.cache/ms-playwright/chromium-1234
gate	Install Chromium for Playwright	2026-10-02T22:16:14.3840739Z Downloading FFmpeg (playwright ffmpeg v1011) from https://cdn.playwright.dev/dbazure/download/playwright/builds/ffmpeg/1011/ffmpeg-linux.zip
gate	Install Chromium for Playwright	2026-10-02T22:16:15.4946307Z |                                                                                |   0% of 2.3 MiB
gate	Install Chromium for Playwright	2026-10-02T22:16:15.4986508Z |■■■■■■■■                                                                        |  10% of 2.3 MiB
gate	Install Chromium for Playwright	2026-10-02T22:16:15.5003904Z |■■■■■■■■■■■■■■■■                                                                |  20% of 2.3 MiB
gate	Install Chromium for Playwright	2026-10-02T22:16:15.5031429Z |■■■■■■■■■■■■■■■■■■■■■■■■                                                        |  30% of 2.3 MiB
gate	Install Chromium for Playwright	2026-10-02T22:16:15.5047031Z |■■■■■■■■■■■■■■■■■■■■■■■■■■■■■■■■                                                |  40% of 2.3 MiB
gate	Install Chromium for Playwright	2026-10-02T22:16:15.5062042Z |■■■■■■■■■■■■■■■■■■■■■■■■■■■■■■■■■■■■■■■■                                        |  50% of 2.3 MiB
gate	Install Chromium for Playwright	2026-10-02T22:16:15.5074149Z |■■■■■■■■■■■■■■■■■■■■■■■■■■■■■■■■■■■■■■■■■■■■■■■■                                |  60% of 2.3 MiB
gate	Install Chromium for Playwright	2026-10-02T22:16:15.5088550Z |■■■■■■■■■■■■■■■■■■■■■■■■■■■■■■■■■■■■■■■■■■■■■■■■■■■■■■■■                        |  70% of 2.3 MiB
gate	Install Chromium for Playwright	2026-10-02T22:16:15.5099397Z |■■■■■■■■■■■■■■■■■■■■■■■■■■■■■■■■■■■■■■■■■■■■■■■■■■■■■■■■■■■■■■■■                |  80% of 2.3 MiB
gate	Install Chromium for Playwright	2026-10-02T22:16:15.5114506Z |■■■■■■■■■■■■■■■■■■■■■■■■■■■■■■■■■■■■■■■■■■■■■■■■■■■■■■■■■■■■■■■■■■■■■■■■        |  90% of 2.3 MiB
gate	Install Chromium for Playwright	2026-10-02T22:16:15.5128684Z |■■■■■■■■■■■■■■■■■■■■■■■■■■■■■■■■■■■■■■■■■■■■■■■■■■■■■■■■■■■■■■■■■■■■■■■■■■■■■■■■| 100% of 2.3 MiB
gate	Install Chromium for Playwright	2026-10-02T22:16:15.5871267Z FFmpeg (playwright ffmpeg v1011) downloaded to /home/runner/.cache/ms-playwright/ffmpeg-1011
gate	Install Chromium for Playwright	2026-10-02T22:16:15.5874424Z Downloading Chrome Headless Shell 151.0.7922.34 (playwright chromium-headless-shell v1234) from https://cdn.playwright.dev/builds/cft/151.0.7922.34/linux64/chrome-headless-shell-linux64.zip
gate	Install Chromium for Playwright	2026-10-02T22:16:16.6035980Z |                                                                                |   0% of 114.7 MiB
gate	Install Chromium for Playwright	2026-10-02T22:16:16.7319833Z |■■■■■■■■                                                                        |  10% of 114.7 MiB
gate	Install Chromium for Playwright	2026-10-02T22:16:16.8291286Z |■■■■■■■■■■■■■■■■                                                                |  20% of 114.7 MiB
gate	Install Chromium for Playwright	2026-10-02T22:16:16.9038516Z |■■■■■■■■■■■■■■■■■■■■■■■■                                                        |  30% of 114.7 MiB
gate	Install Chromium for Playwright	2026-10-02T22:16:16.9797767Z |■■■■■■■■■■■■■■■■■■■■■■■■■■■■■■■■                                                |  40% of 114.7 MiB
gate	Install Chromium for Playwright	2026-10-02T22:16:17.0598149Z |■■■■■■■■■■■■■■■■■■■■■■■■■■■■■■■■■■■■■■■■                                        |  50% of 114.7 MiB
gate	Install Chromium for Playwright	2026-10-02T22:16:17.1310708Z |■■■■■■■■■■■■■■■■■■■■■■■■■■■■■■■■■■■■■■■■■■■■■■■■                                |  60% of 114.7 MiB
gate	Install Chromium for Playwright	2026-10-02T22:16:17.2606663Z |■■■■■■■■■■■■■■■■■■■■■■■■■■■■■■■■■■■■■■■■■■■■■■■■■■■■■■■■                        |  70% of 114.7 MiB
gate	Install Chromium for Playwright	2026-10-02T22:16:17.3602436Z |■■■■■■■■■■■■■■■■■■■■■■■■■■■■■■■■■■■■■■■■■■■■■■■■■■■■■■■■■■■■■■■■                |  80% of 114.7 MiB
gate	Install Chromium for Playwright	2026-10-02T22:16:17.4509374Z |■■■■■■■■■■■■■■■■■■■■■■■■■■■■■■■■■■■■■■■■■■■■■■■■■■■■■■■■■■■■■■■■■■■■■■■■        |  90% of 114.7 MiB
gate	Install Chromium for Playwright	2026-10-02T22:16:17.5321709Z |■■■■■■■■■■■■■■■■■■■■■■■■■■■■■■■■■■■■■■■■■■■■■■■■■■■■■■■■■■■■■■■■■■■■■■■■■■■■■■■■| 100% of 114.7 MiB
gate	Install Chromium for Playwright	2026-10-02T22:16:19.5116574Z Chrome Headless Shell 151.0.7922.34 (playwright chromium-headless-shell v1234) downloaded to /home/runner/.cache/ms-playwright/chromium_headless_shell-1234
gate	Gate	﻿2026-10-02T22:16:19.5370069Z ##[group]Run npm run gate
gate	Gate	2026-10-02T22:16:19.5370398Z ^[[36;1mnpm run gate^[[0m
gate	Gate	2026-10-02T22:16:19.5435292Z shell: /usr/bin/bash -e {0}
gate	Gate	2026-10-02T22:16:19.5435968Z ##[endgroup]
gate	Gate	2026-10-02T22:16:19.6460632Z 
gate	Gate	2026-10-02T22:16:19.6461300Z > starship-simulator-v2@0.1.0 gate
gate	Gate	2026-10-02T22:16:19.6462527Z > npm run lint && npm run build && npm run test && npm run coverage && E2E_SKIP_BUILD=1 npm run test:e2e && E2E_SKIP_BUILD=1 npm run test:deploy
gate	Gate	2026-10-02T22:16:19.6463267Z 
gate	Gate	2026-10-02T22:16:19.7445324Z 
gate	Gate	2026-10-02T22:16:19.7446278Z > starship-simulator-v2@0.1.0 lint
gate	Gate	2026-10-02T22:16:19.7446877Z > eslint .
gate	Gate	2026-10-02T22:16:19.7447101Z 
gate	Gate	2026-10-02T22:16:28.7596660Z 
gate	Gate	2026-10-02T22:16:28.7597477Z > starship-simulator-v2@0.1.0 build
gate	Gate	2026-10-02T22:16:28.7599666Z > tsc -b tsconfig.kit.json && tsc --noEmit -p tsconfig.json && node scripts/check-design-contract.mjs && node scripts/check-ui-contract.mjs && vite build && node scripts/build-sw.mjs dist && node scripts/check-budget.mjs && node scripts/check-entry-graph.mjs dist
gate	Gate	2026-10-02T22:16:28.7601169Z 
gate	Gate	2026-10-02T22:16:38.4384505Z design contract: ok (11 rules, self-test passed)
gate	Gate	2026-10-02T22:16:38.4749626Z copy contract: ok (9 rules, self-test passed)
gate	Gate	2026-10-02T22:16:38.8276388Z ^[[36mvite v8.2.2 ^[[32mbuilding client environment for production...^[[36m^[[39m
gate	Gate	2026-10-02T22:16:38.8400109Z transforming...
gate	Gate	2026-10-02T22:16:39.5410082Z ✓ 2493 modules transformed.
gate	Gate	2026-10-02T22:16:39.6083166Z rendering chunks...
gate	Gate	2026-10-02T22:16:40.0792901Z computing gzip size...
gate	Gate	2026-10-02T22:16:40.0935922Z dist/index.html                                     2.35 kB │ gzip:   0.94 kB
gate	Gate	2026-10-02T22:16:40.0936866Z dist/assets/InterTight-SemiBold-DJfiTN08.woff2     11.10 kB
gate	Gate	2026-10-02T22:16:40.0937756Z dist/assets/Inter-Regular-BVdEcXjD.woff2           12.00 kB
gate	Gate	2026-10-02T22:16:40.0938594Z dist/assets/Inter-SemiBold-DlULF7c_.woff2          12.46 kB
gate	Gate	2026-10-02T22:16:40.0939447Z dist/assets/JetBrainsMono-Medium-CMl9fZ9Q.woff2    16.54 kB
gate	Gate	2026-10-02T22:16:40.0940560Z dist/assets/charts-BBZhrHKM.css                     0.69 kB │ gzip:   0.35 kB
gate	Gate	2026-10-02T22:16:40.0941748Z dist/assets/plots-D2GbP0iN.css                      1.17 kB │ gzip:   0.46 kB
gate	Gate	2026-10-02T22:16:40.0942550Z dist/assets/uPlot-CnsZ1jie.css                      1.64 kB │ gzip:   0.69 kB
gate	Gate	2026-10-02T22:16:40.0943237Z dist/assets/index-BnaZiob0.css                     54.70 kB │ gzip:  10.47 kB
gate	Gate	2026-10-02T22:16:40.0943885Z dist/assets/webworkerAll-DvylQK-b.js                0.05 kB │ gzip:   0.06 kB
gate	Gate	2026-10-02T22:16:40.0944654Z dist/assets/getTextureBatchBindGroup-Bt6AC8uX.js    0.40 kB │ gzip:   0.31 kB │ map:     1.78 kB
gate	Gate	2026-10-02T22:16:40.0945473Z dist/assets/CanvasPool-ccaPBm8-.js                  0.80 kB │ gzip:   0.45 kB │ map:     3.51 kB
gate	Gate	2026-10-02T22:16:40.0946533Z dist/assets/Cache-DGqfkvRQ.js                       1.14 kB │ gzip:   0.59 kB │ map:     4.85 kB
gate	Gate	2026-10-02T22:16:40.0947263Z dist/assets/constants-DTgHfLDf.js                   1.62 kB │ gzip:   0.93 kB │ map:    35.34 kB
gate	Gate	2026-10-02T22:16:40.0948037Z dist/assets/plots-DprjxOyN.js                       4.63 kB │ gzip:   2.28 kB │ map:    24.91 kB
gate	Gate	2026-10-02T22:16:40.0948811Z dist/assets/canvasUtils-BVPkC6ub.js                 6.06 kB │ gzip:   2.06 kB │ map:    21.91 kB
gate	Gate	2026-10-02T22:16:40.0949859Z dist/assets/Debrief-DhgTH_BR.js                     6.60 kB │ gzip:   2.52 kB │ map:    20.76 kB
gate	Gate	2026-10-02T22:16:40.0950606Z dist/assets/BlackBox-DH54wejI.js                    9.89 kB │ gzip:   4.16 kB │ map:    37.30 kB
gate	Gate	2026-10-02T22:16:40.0951365Z dist/assets/BufferResource-CZg6dyUf.js             11.13 kB │ gzip:   2.89 kB │ map:    26.53 kB
gate	Gate	2026-10-02T22:16:40.0952122Z dist/assets/state-D62ubXaV.js                      14.91 kB │ gzip:   5.86 kB │ map:   130.93 kB
gate	Gate	2026-10-02T22:16:40.0952849Z dist/assets/init-DnH_wx8r.js                       15.66 kB │ gzip:   4.92 kB │ map:    54.96 kB
gate	Gate	2026-10-02T22:16:40.0953581Z dist/assets/GCManagedHash-DqPcw2Gj.js              19.37 kB │ gzip:   6.32 kB │ map:    67.25 kB
gate	Gate	2026-10-02T22:16:40.0954313Z dist/assets/Menu-Bt1jdeUk.js                       23.36 kB │ gzip:   7.77 kB │ map:    73.85 kB
gate	Gate	2026-10-02T22:16:40.0955241Z dist/assets/Button-s_Cybpy_.js                     36.83 kB │ gzip:  12.30 kB │ map:   175.21 kB
gate	Gate	2026-10-02T22:16:40.0956935Z dist/assets/Filter-C-jCSOcL.js                     38.97 kB │ gzip:  11.18 kB │ map:   182.95 kB
gate	Gate	2026-10-02T22:16:40.0957718Z dist/assets/Dialog-BRREbu8Z.js                     39.90 kB │ gzip:  13.65 kB │ map:   184.47 kB
gate	Gate	2026-10-02T22:16:40.0958473Z dist/assets/browserAll-r__XUddT.js                 42.72 kB │ gzip:  11.19 kB │ map:   156.94 kB
gate	Gate	2026-10-02T22:16:40.0959211Z dist/assets/uPlot.esm-C4ecZUO0.js                  51.04 kB │ gzip:  22.28 kB │ map:   252.56 kB
gate	Gate	2026-10-02T22:16:40.0959977Z dist/assets/RenderTargetSystem-CGVbkJQT.js         57.47 kB │ gzip:  16.21 kB │ map:   213.58 kB
gate	Gate	2026-10-02T22:16:40.0960755Z dist/assets/GraphicsContext-DLmAmwc0.js            61.32 kB │ gzip:  20.55 kB │ map:   346.25 kB
gate	Gate	2026-10-02T22:16:40.0961503Z dist/assets/Geometry-coEMng49.js                   65.52 kB │ gzip:  21.50 kB │ map:   326.26 kB
gate	Gate	2026-10-02T22:16:40.0962654Z dist/assets/index-BPHJo-F9.js                     605.03 kB │ gzip: 188.99 kB │ map: 2,845.56 kB
gate	Gate	2026-10-02T22:16:40.0963186Z 
gate	Gate	2026-10-02T22:16:40.0963475Z ^[[33m[plugin builtin:vite-reporter] 
gate	Gate	2026-10-02T22:16:40.0963936Z (!) Some chunks are larger than 500 kB after minification. Consider:
gate	Gate	2026-10-02T22:16:40.0964425Z - Using dynamic import() to code-split the application
gate	Gate	2026-10-02T22:16:40.0965230Z - Use build.rolldownOptions.output.codeSplitting to improve chunking: https://rolldown.rs/reference/OutputOptions.codeSplitting
gate	Gate	2026-10-02T22:16:40.0966411Z - Adjust chunk size limit for this warning via build.chunkSizeWarningLimit.^[[39m
gate	Gate	2026-10-02T22:16:40.0971771Z ^[[32m✓ built in 1.27s^[[39m
gate	Gate	2026-10-02T22:16:40.1905514Z service worker: 44 assets precached, version 3da4ee45585e
gate	Gate	2026-10-02T22:16:40.2612127Z   assets/index-BPHJo-F9.js                           183.0 kB gzip
gate	Gate	2026-10-02T22:16:40.2613975Z   assets/Geometry-coEMng49.js                         20.8 kB gzip
gate	Gate	2026-10-02T22:16:40.2614983Z   assets/Button-s_Cybpy_.js                           11.9 kB gzip
gate	Gate	2026-10-02T22:16:40.2616339Z   assets/constants-DTgHfLDf.js                         0.9 kB gzip
gate	Gate	2026-10-02T22:16:40.2617227Z   assets/state-D62ubXaV.js                             5.7 kB gzip
gate	Gate	2026-10-02T22:16:40.2618085Z   assets/Filter-C-jCSOcL.js                           10.9 kB gzip
gate	Gate	2026-10-02T22:16:40.2618951Z   assets/canvasUtils-BVPkC6ub.js                       2.0 kB gzip
gate	Gate	2026-10-02T22:16:40.2619832Z   assets/Cache-DGqfkvRQ.js                             0.6 kB gzip
gate	Gate	2026-10-02T22:16:40.2620729Z   assets/GCManagedHash-DqPcw2Gj.js                     6.2 kB gzip
gate	Gate	2026-10-02T22:16:40.2621668Z   assets/RenderTargetSystem-CGVbkJQT.js               15.7 kB gzip
gate	Gate	2026-10-02T22:16:40.2622610Z   assets/getTextureBatchBindGroup-Bt6AC8uX.js          0.3 kB gzip
gate	Gate	2026-10-02T22:16:40.2623561Z   assets/GraphicsContext-DLmAmwc0.js                  19.9 kB gzip
gate	Gate	2026-10-02T22:16:40.2624477Z   assets/CanvasPool-ccaPBm8-.js                        0.4 kB gzip
gate	Gate	2026-10-02T22:16:40.2625367Z   assets/BufferResource-CZg6dyUf.js                    2.8 kB gzip
gate	Gate	2026-10-02T22:16:40.2627123Z   TOTAL first-load JS                                281.1 kB gzip
gate	Gate	2026-10-02T22:16:40.2627923Z   BUDGET                                             300.0 kB gzip
gate	Gate	2026-10-02T22:16:40.2629892Z   (lazy chunks, not counted: BlackBox-DH54wejI.js, Debrief-DhgTH_BR.js, Dialog-BRREbu8Z.js, Menu-Bt1jdeUk.js, browserAll-r__XUddT.js, init-DnH_wx8r.js, plots-DprjxOyN.js, uPlot.esm-C4ecZUO0.js, webworkerAll-DvylQK-b.js)
gate	Gate	2026-10-02T22:16:40.2631851Z   assets/index-BnaZiob0.css                           10.1 kB gzip (css)
gate	Gate	2026-10-02T22:16:40.2632780Z   Inter-Regular-BVdEcXjD.woff2                        11.7 kB raw
gate	Gate	2026-10-02T22:16:40.2633702Z   Inter-SemiBold-DlULF7c_.woff2                       12.2 kB raw
gate	Gate	2026-10-02T22:16:40.2634644Z   InterTight-SemiBold-DJfiTN08.woff2                  10.8 kB raw
gate	Gate	2026-10-02T22:16:40.2635787Z   JetBrainsMono-Medium-CMl9fZ9Q.woff2                 16.2 kB raw
gate	Gate	2026-10-02T22:16:40.2637157Z   TOTAL fonts                                         50.9 kB raw
gate	Gate	2026-10-02T22:16:40.2637919Z   FONT BUDGET                                         80.0 kB raw
gate	Gate	2026-10-02T22:16:40.2638646Z   TOTAL audio                                          0.0 kB raw
gate	Gate	2026-10-02T22:16:40.2639427Z   AUDIO BUDGET                                       250.0 kB raw
gate	Gate	2026-10-02T22:16:40.2639808Z 
gate	Gate	2026-10-02T22:16:40.2640269Z budget: OK — 281.1 kB of 300.0 kB JS
gate	Gate	2026-10-02T22:16:40.2640670Z budget: OK — 50.9 kB of 80.0 kB fonts
gate	Gate	2026-10-02T22:16:40.2641449Z budget: OK — 0.0 kB of 250.0 kB audio
gate	Gate	2026-10-02T22:16:40.3062706Z entry graph: ok (14 first-load files, no uPlot or GSAP)
gate	Gate	2026-10-02T22:16:40.4098230Z 
gate	Gate	2026-10-02T22:16:40.4098910Z > starship-simulator-v2@0.1.0 test
gate	Gate	2026-10-02T22:16:40.4099459Z > vitest run
gate	Gate	2026-10-02T22:16:40.4099627Z 
gate	Gate	2026-10-02T22:16:40.7635174Z 
gate	Gate	2026-10-02T22:16:40.7639933Z ^[[1m^[[30m^[[46m RUN ^[[49m^[[39m^[[22m ^[[36mv4.1.11 ^[[39m^[[90m/home/runner/work/StarShipSimulator/StarShipSimulator^[[39m
gate	Gate	2026-10-02T22:16:40.7640808Z 
gate	Gate	2026-10-02T22:16:42.9232184Z Not implemented: HTMLCanvasElement's getContext() method: without installing the canvas npm package
gate	Gate	2026-10-02T22:16:42.9637514Z Not implemented: HTMLCanvasElement's getContext() method: without installing the canvas npm package
gate	Gate	2026-10-02T22:16:43.0017376Z Not implemented: HTMLCanvasElement's getContext() method: without installing the canvas npm package
gate	Gate	2026-10-02T22:16:43.0198415Z Not implemented: HTMLCanvasElement's getContext() method: without installing the canvas npm package
gate	Gate	2026-10-02T22:16:43.0298491Z Not implemented: HTMLCanvasElement's getContext() method: without installing the canvas npm package
gate	Gate	2026-10-02T22:16:43.0528580Z Not implemented: HTMLCanvasElement's getContext() method: without installing the canvas npm package
gate	Gate	2026-10-02T22:16:43.0696132Z Not implemented: HTMLCanvasElement's getContext() method: without installing the canvas npm package
gate	Gate	2026-10-02T22:16:43.0897345Z Not implemented: HTMLCanvasElement's getContext() method: without installing the canvas npm package
gate	Gate	2026-10-02T22:16:43.0990874Z Not implemented: HTMLCanvasElement's getContext() method: without installing the canvas npm package
gate	Gate	2026-10-02T22:16:43.1036788Z Not implemented: HTMLCanvasElement's getContext() method: without installing the canvas npm package
gate	Gate	2026-10-02T22:16:43.1237177Z Not implemented: HTMLCanvasElement's getContext() method: without installing the canvas npm package
gate	Gate	2026-10-02T22:16:43.1261716Z Not implemented: HTMLCanvasElement's getContext() method: without installing the canvas npm package
gate	Gate	2026-10-02T22:16:43.1351330Z Not implemented: HTMLCanvasElement's getContext() method: without installing the canvas npm package
gate	Gate	2026-10-02T22:16:43.1397567Z  ^[[32m✓^[[39m ^[[30m^[[45m kit ^[[49m^[[39m src/ui/kit/BrickField/BrickField.test.tsx ^[[2m(^[[22m^[[2m15 tests^[[22m^[[2m)^[[22m^[[33m 466^[[2mms^[[22m^[[39m
gate	Gate	2026-10-02T22:16:43.5142890Z  ^[[32m✓^[[39m ^[[30m^[[45m kit ^[[49m^[[39m src/ui/kit/ConfirmDialog/ConfirmDialog.test.tsx ^[[2m(^[[22m^[[2m7 tests^[[22m^[[2m)^[[22m^[[33m 715^[[2mms^[[22m^[[39m
gate	Gate	2026-10-02T22:16:43.5145436Z    ^[[33m^[[2m✓^[[22m^[[39m queues requests, resolves each once, and preserves alert semantics ^[[33m 388^[[2mms^[[22m^[[39m
gate	Gate	2026-10-02T22:16:44.8897086Z  ^[[32m✓^[[39m ^[[30m^[[45m kit ^[[49m^[[39m src/ui/kit/BrickField/brickMotion.test.ts ^[[2m(^[[22m^[[2m8 tests^[[22m^[[2m)^[[22m^[[33m 307^[[2mms^[[22m^[[39m
gate	Gate	2026-10-02T22:16:44.9872349Z  ^[[32m✓^[[39m ^[[30m^[[45m kit ^[[49m^[[39m src/ui/kit/input/GamepadNavProvider.test.tsx ^[[2m(^[[22m^[[2m7 tests^[[22m^[[2m)^[[22m^[[33m 560^[[2mms^[[22m^[[39m
gate	Gate	2026-10-02T22:16:45.0297931Z  ^[[32m✓^[[39m ^[[30m^[[45m kit ^[[49m^[[39m src/ui/kit/motion/useChipPanelMorph.test.tsx ^[[2m(^[[22m^[[2m7 tests^[[22m^[[2m)^[[22m^[[33m 2352^[[2mms^[[22m^[[39m
gate	Gate	2026-10-02T22:16:45.0358114Z    ^[[33m^[[2m✓^[[22m^[[39m mounts at once, hands the frame to the shell and settles after the expansion ^[[33m 498^[[2mms^[[22m^[[39m
gate	Gate	2026-10-02T22:16:45.0417328Z    ^[[33m^[[2m✓^[[22m^[[39m ends open and consistent after a rapid open, close, open ^[[33m 490^[[2mms^[[22m^[[39m
gate	Gate	2026-10-02T22:16:45.0446988Z    ^[[33m^[[2m✓^[[22m^[[39m ends closed and unmounted after a rapid close, open, close ^[[33m 724^[[2mms^[[22m^[[39m
gate	Gate	2026-10-02T22:16:45.0476991Z    ^[[33m^[[2m✓^[[22m^[[39m kills the motion when unmounted mid-flight ^[[33m 315^[[2mms^[[22m^[[39m
gate	Gate	2026-10-02T22:16:46.6010069Z  ^[[32m✓^[[39m ^[[30m^[[45m kit ^[[49m^[[39m src/ui/kit/TransitionView/TransitionView.test.tsx ^[[2m(^[[22m^[[2m4 tests^[[22m^[[2m)^[[22m^[[32m 127^[[2mms^[[22m^[[39m
gate	Gate	2026-10-02T22:16:46.9524683Z  ^[[32m✓^[[39m ^[[30m^[[45m kit ^[[49m^[[39m src/ui/kit/motion/effects.test.ts ^[[2m(^[[22m^[[2m7 tests^[[22m^[[2m)^[[22m^[[32m 268^[[2mms^[[22m^[[39m
gate	Gate	2026-10-02T22:16:47.0247015Z  ^[[32m✓^[[39m ^[[30m^[[45m kit ^[[49m^[[39m src/ui/kit/NumberField/NumberField.test.tsx ^[[2m(^[[22m^[[2m6 tests^[[22m^[[2m)^[[22m^[[33m 548^[[2mms^[[22m^[[39m
gate	Gate	2026-10-02T22:16:47.0257584Z      ^[[33m^[[2m✓^[[22m^[[39m keeps empty optional overrides distinct from zero without changing required-field behavior ^[[33m 410^[[2mms^[[22m^[[39m
gate	Gate	2026-10-02T22:16:48.4730653Z  ^[[32m✓^[[39m ^[[30m^[[45m kit ^[[49m^[[39m src/ui/kit/input/ownership.test.ts ^[[2m(^[[22m^[[2m16 tests^[[22m^[[2m)^[[22m^[[32m 21^[[2mms^[[22m^[[39m
gate	Gate	2026-10-02T22:16:48.7373459Z  ^[[32m✓^[[39m ^[[30m^[[45m kit ^[[49m^[[39m src/ui/kit/input/InputOwnershipProvider.test.tsx ^[[2m(^[[22m^[[2m3 tests^[[22m^[[2m)^[[22m^[[32m 237^[[2mms^[[22m^[[39m
gate	Gate	2026-10-02T22:16:48.8780363Z  ^[[32m✓^[[39m ^[[30m^[[45m kit ^[[49m^[[39m src/ui/kit/LoadingState/LoadingState.test.tsx ^[[2m(^[[22m^[[2m4 tests^[[22m^[[2m)^[[22m^[[33m 461^[[2mms^[[22m^[[39m
gate	Gate	2026-10-02T22:16:50.3017847Z  ^[[32m✓^[[39m ^[[30m^[[45m kit ^[[49m^[[39m src/ui/kit/BrickField/renderer.test.ts ^[[2m(^[[22m^[[2m3 tests^[[22m^[[2m)^[[22m^[[32m 13^[[2mms^[[22m^[[39m
gate	Gate	2026-10-02T22:16:50.4747887Z  ^[[32m✓^[[39m ^[[30m^[[45m kit ^[[49m^[[39m src/ui/kit/motion/useMotionTimeline.test.tsx ^[[2m(^[[22m^[[2m3 tests^[[22m^[[2m)^[[22m^[[32m 38^[[2mms^[[22m^[[39m
gate	Gate	2026-10-02T22:16:50.5959524Z  ^[[32m✓^[[39m ^[[30m^[[45m kit ^[[49m^[[39m src/ui/kit/Dialog/Dialog.test.tsx ^[[2m(^[[22m^[[2m2 tests^[[22m^[[2m)^[[22m^[[33m 419^[[2mms^[[22m^[[39m
gate	Gate	2026-10-02T22:16:50.5961723Z    ^[[33m^[[2m✓^[[22m^[[39m uses the safe viewport shell and keeps one scroll owner ^[[33m 350^[[2mms^[[22m^[[39m
gate	Gate	2026-10-02T22:16:51.6947815Z  ^[[32m✓^[[39m ^[[30m^[[45m kit ^[[49m^[[39m src/ui/kit/BrickField/gpuTimer.test.ts ^[[2m(^[[22m^[[2m3 tests^[[22m^[[2m)^[[22m^[[32m 12^[[2mms^[[22m^[[39m
gate	Gate	2026-10-02T22:16:52.2910181Z  ^[[32m✓^[[39m ^[[30m^[[45m kit ^[[49m^[[39m src/ui/kit/ConnectedMedia/ConnectedMedia.test.tsx ^[[2m(^[[22m^[[2m3 tests^[[22m^[[2m)^[[22m^[[32m 253^[[2mms^[[22m^[[39m
gate	Gate	2026-10-02T22:16:52.3597992Z  ^[[32m✓^[[39m ^[[30m^[[45m kit ^[[49m^[[39m src/ui/kit/FieldStatus/FieldStatus.test.tsx ^[[2m(^[[22m^[[2m2 tests^[[22m^[[2m)^[[22m^[[32m 298^[[2mms^[[22m^[[39m
gate	Gate	2026-10-02T22:16:53.8026905Z  ^[[32m✓^[[39m ^[[30m^[[45m kit ^[[49m^[[39m src/ui/kit/InputLegend/InputLegend.test.tsx ^[[2m(^[[22m^[[2m2 tests^[[22m^[[2m)^[[22m^[[32m 108^[[2mms^[[22m^[[39m
gate	Gate	2026-10-02T22:16:53.9987018Z  ^[[32m✓^[[39m ^[[30m^[[45m kit ^[[49m^[[39m src/ui/kit/LoadingState/LoadingState.accessibility.test.tsx ^[[2m(^[[22m^[[2m1 test^[[22m^[[2m)^[[22m^[[33m 422^[[2mms^[[22m^[[39m
gate	Gate	2026-10-02T22:16:54.0037637Z    ^[[33m^[[2m✓^[[22m^[[39m updates one stable live region immediately outside the keyed inert animation ^[[33m 413^[[2mms^[[22m^[[39m
gate	Gate	2026-10-02T22:16:54.2919305Z  ^[[32m✓^[[39m ^[[30m^[[45m kit ^[[49m^[[39m src/ui/kit/SliderRow/SliderRow.test.tsx ^[[2m(^[[22m^[[2m2 tests^[[22m^[[2m)^[[22m^[[32m 227^[[2mms^[[22m^[[39m
gate	Gate	2026-10-02T22:16:55.1406849Z  ^[[32m✓^[[39m ^[[30m^[[45m kit ^[[49m^[[39m src/ui/kit/styles/motion.test.ts ^[[2m(^[[22m^[[2m1 test^[[22m^[[2m)^[[22m^[[32m 6^[[2mms^[[22m^[[39m
gate	Gate	2026-10-02T22:16:55.8721402Z  ^[[32m✓^[[39m ^[[30m^[[45m kit ^[[49m^[[39m src/ui/kit/Tile/Tile.test.tsx ^[[2m(^[[22m^[[2m1 test^[[22m^[[2m)^[[22m^[[33m 338^[[2mms^[[22m^[[39m
gate	Gate	2026-10-02T22:16:55.8736181Z    ^[[33m^[[2m✓^[[22m^[[39m exposes selection independently from activation and preserves native disabled behavior ^[[33m 335^[[2mms^[[22m^[[39m
gate	Gate	2026-10-02T22:16:55.9121911Z  ^[[32m✓^[[39m ^[[30m^[[45m kit ^[[49m^[[39m src/ui/kit/motion/useReducedMotion.test.tsx ^[[2m(^[[22m^[[2m1 test^[[22m^[[2m)^[[22m^[[32m 25^[[2mms^[[22m^[[39m
gate	Gate	2026-10-02T22:16:57.0210500Z  ^[[32m✓^[[39m ^[[30m^[[45m kit ^[[49m^[[39m src/ui/kit/Button/Button.test.tsx ^[[2m(^[[22m^[[2m1 test^[[22m^[[2m)^[[22m^[[32m 215^[[2mms^[[22m^[[39m
gate	Gate	2026-10-02T22:16:57.7157153Z  ^[[32m✓^[[39m ^[[30m^[[45m kit ^[[49m^[[39m src/ui/kit/FormRow/FormRow.test.tsx ^[[2m(^[[22m^[[2m2 tests^[[22m^[[2m)^[[22m^[[32m 264^[[2mms^[[22m^[[39m
gate	Gate	2026-10-02T22:16:57.7676134Z  ^[[32m✓^[[39m ^[[30m^[[45m kit ^[[49m^[[39m src/ui/kit/Toggle/Toggle.test.tsx ^[[2m(^[[22m^[[2m1 test^[[22m^[[2m)^[[22m^[[32m 249^[[2mms^[[22m^[[39m
gate	Gate	2026-10-02T22:16:58.8777652Z  ^[[32m✓^[[39m ^[[30m^[[45m kit ^[[49m^[[39m src/ui/kit/TabStrip/TabStrip.test.tsx ^[[2m(^[[22m^[[2m1 test^[[22m^[[2m)^[[22m^[[32m 217^[[2mms^[[22m^[[39m
gate	Gate	2026-10-02T22:16:59.1879085Z  ^[[32m✓^[[39m ^[[30m^[[45m kit ^[[49m^[[39m src/ui/kit/internal/utils.test.ts ^[[2m(^[[22m^[[2m1 test^[[22m^[[2m)^[[22m^[[32m 13^[[2mms^[[22m^[[39m
gate	Gate	2026-10-02T22:16:59.5058092Z  ^[[32m✓^[[39m ^[[30m^[[42m unit ^[[49m^[[39m tests/core/autopilot-stages.test.ts ^[[2m(^[[22m^[[2m40 tests^[[22m^[[2m)^[[22m^[[32m 54^[[2mms^[[22m^[[39m
gate	Gate	2026-10-02T22:16:59.7463997Z  ^[[32m✓^[[39m ^[[30m^[[45m kit ^[[49m^[[39m src/ui/kit/public-api.test.ts ^[[2m(^[[22m^[[2m1 test^[[22m^[[2m)^[[22m^[[32m 7^[[2mms^[[22m^[[39m
gate	Gate	2026-10-02T22:16:59.7708574Z  ^[[32m✓^[[39m ^[[30m^[[42m unit ^[[49m^[[39m tests/golden/unification.test.ts ^[[2m(^[[22m^[[2m10 tests^[[22m^[[2m)^[[22m^[[32m 21^[[2mms^[[22m^[[39m
gate	Gate	2026-10-02T22:17:04.2136937Z  ^[[32m✓^[[39m ^[[30m^[[42m unit ^[[49m^[[39m tests/view/particles.test.ts ^[[2m(^[[22m^[[2m50 tests^[[22m^[[2m)^[[22m^[[33m 3739^[[2mms^[[22m^[[39m
gate	Gate	2026-10-02T22:17:04.2138976Z      ^[[33m^[[2m✓^[[22m^[[39m THE LEAK: ten thousand engine shutdowns add nothing ^[[33m 2801^[[2mms^[[22m^[[39m
gate	Gate	2026-10-02T22:17:04.7077811Z  ^[[32m✓^[[39m ^[[30m^[[42m unit ^[[49m^[[39m tests/core/control-contracts.test.ts ^[[2m(^[[22m^[[2m38 tests^[[22m^[[2m)^[[22m^[[32m 246^[[2mms^[[22m^[[39m
gate	Gate	2026-10-02T22:17:12.6658947Z  ^[[32m✓^[[39m ^[[30m^[[42m unit ^[[49m^[[39m tests/hud/trajectory.test.ts ^[[2m(^[[22m^[[2m39 tests^[[22m^[[2m)^[[22m^[[33m 7663^[[2mms^[[22m^[[39m
gate	Gate	2026-10-02T22:17:12.6662905Z      ^[[33m^[[2m✓^[[22m^[[39m launch-pad-takeoff ^[[33m 552^[[2mms^[[22m^[[39m
gate	Gate	2026-10-02T22:17:12.6664442Z      ^[[33m^[[2m✓^[[22m^[[39m booster-sep-boostback ^[[33m 548^[[2mms^[[22m^[[39m
gate	Gate	2026-10-02T22:17:12.6666024Z      ^[[33m^[[2m✓^[[22m^[[39m rtls-boostback ^[[33m 631^[[2mms^[[22m^[[39m
gate	Gate	2026-10-02T22:17:12.6667272Z      ^[[33m^[[2m✓^[[22m^[[39m reentry-autoland ^[[33m 4068^[[2mms^[[22m^[[39m
gate	Gate	2026-10-02T22:17:12.6668543Z      ^[[33m^[[2m✓^[[22m^[[39m before-flip-autoland ^[[33m 822^[[2mms^[[22m^[[39m
gate	Gate	2026-10-02T22:17:12.6669803Z      ^[[33m^[[2m✓^[[22m^[[39m landing-burn-autoland ^[[33m 341^[[2mms^[[22m^[[39m
gate	Gate	2026-10-02T22:17:12.6671057Z      ^[[33m^[[2m✓^[[22m^[[39m landing-burn-headwind ^[[33m 350^[[2mms^[[22m^[[39m
gate	Gate	2026-10-02T22:17:14.3161012Z  ^[[32m✓^[[39m ^[[30m^[[42m unit ^[[49m^[[39m tests/core/domain-edges.test.ts ^[[2m(^[[22m^[[2m28 tests^[[22m^[[2m)^[[22m^[[33m 1393^[[2mms^[[22m^[[39m
gate	Gate	2026-10-02T22:17:14.3162680Z      ^[[33m^[[2m✓^[[22m^[[39m and getAttackAngles really does wrap into [-pi, pi] ^[[33m 822^[[2mms^[[22m^[[39m
gate	Gate	2026-10-02T22:17:14.6595199Z  ^[[32m✓^[[39m ^[[30m^[[42m unit ^[[49m^[[39m tests/core/named-branches.test.ts ^[[2m(^[[22m^[[2m17 tests^[[22m^[[2m)^[[22m^[[32m 35^[[2mms^[[22m^[[39m
gate	Gate	2026-10-02T22:17:15.2387023Z  ^[[32m✓^[[39m ^[[30m^[[42m unit ^[[49m^[[39m tests/audio/engine.test.ts ^[[2m(^[[22m^[[2m31 tests^[[22m^[[2m)^[[22m^[[32m 295^[[2mms^[[22m^[[39m
gate	Gate	2026-10-02T22:17:16.8264529Z  ^[[32m✓^[[39m ^[[30m^[[42m unit ^[[49m^[[39m tests/core/camera.test.ts ^[[2m(^[[22m^[[2m105 tests^[[22m^[[2m)^[[22m^[[33m 17387^[[2mms^[[22m^[[39m
gate	Gate	2026-10-02T22:17:16.8267290Z      ^[[33m^[[2m✓^[[22m^[[39m launch-pad-takeoff ^[[33m 365^[[2mms^[[22m^[[39m
gate	Gate	2026-10-02T22:17:16.8268718Z      ^[[33m^[[2m✓^[[22m^[[39m booster-sep-boostback ^[[33m 305^[[2mms^[[22m^[[39m
gate	Gate	2026-10-02T22:17:16.8270169Z      ^[[33m^[[2m✓^[[22m^[[39m rtls-boostback ^[[33m 310^[[2mms^[[22m^[[39m
gate	Gate	2026-10-02T22:17:16.8271426Z      ^[[33m^[[2m✓^[[22m^[[39m reentry-autoland ^[[33m 2485^[[2mms^[[22m^[[39m
gate	Gate	2026-10-02T22:17:16.8272756Z      ^[[33m^[[2m✓^[[22m^[[39m before-flip-autoland ^[[33m 526^[[2mms^[[22m^[[39m
gate	Gate	2026-10-02T22:17:16.8274170Z      ^[[33m^[[2m✓^[[22m^[[39m booster-sep-boostback in pad ^[[33m 409^[[2mms^[[22m^[[39m
gate	Gate	2026-10-02T22:17:16.8275531Z      ^[[33m^[[2m✓^[[22m^[[39m booster-sep-boostback in chase ^[[33m 401^[[2mms^[[22m^[[39m
gate	Gate	2026-10-02T22:17:16.8277150Z      ^[[33m^[[2m✓^[[22m^[[39m booster-sep-boostback in onboard ^[[33m 399^[[2mms^[[22m^[[39m
gate	Gate	2026-10-02T22:17:16.8278776Z      ^[[33m^[[2m✓^[[22m^[[39m rtls-boostback in pad ^[[33m 414^[[2mms^[[22m^[[39m
gate	Gate	2026-10-02T22:17:16.8279893Z      ^[[33m^[[2m✓^[[22m^[[39m rtls-boostback in chase ^[[33m 406^[[2mms^[[22m^[[39m
gate	Gate	2026-10-02T22:17:16.8280995Z      ^[[33m^[[2m✓^[[22m^[[39m rtls-boostback in onboard ^[[33m 402^[[2mms^[[22m^[[39m
gate	Gate	2026-10-02T22:17:16.8282165Z      ^[[33m^[[2m✓^[[22m^[[39m reentry-autoland in pad ^[[33m 2777^[[2mms^[[22m^[[39m
gate	Gate	2026-10-02T22:17:16.8283322Z      ^[[33m^[[2m✓^[[22m^[[39m reentry-autoland in chase ^[[33m 1889^[[2mms^[[22m^[[39m
gate	Gate	2026-10-02T22:17:16.8284509Z      ^[[33m^[[2m✓^[[22m^[[39m reentry-autoland in onboard ^[[33m 2222^[[2mms^[[22m^[[39m
gate	Gate	2026-10-02T22:17:16.8285911Z      ^[[33m^[[2m✓^[[22m^[[39m before-flip-autoland in pad ^[[33m 530^[[2mms^[[22m^[[39m
gate	Gate	2026-10-02T22:17:16.8287104Z      ^[[33m^[[2m✓^[[22m^[[39m before-flip-autoland in chase ^[[33m 642^[[2mms^[[22m^[[39m
gate	Gate	2026-10-02T22:17:16.8288211Z      ^[[33m^[[2m✓^[[22m^[[39m before-flip-autoland in onboard ^[[33m 620^[[2mms^[[22m^[[39m
gate	Gate	2026-10-02T22:17:35.7524460Z  ^[[32m✓^[[39m ^[[30m^[[42m unit ^[[49m^[[39m tests/hud/debrief.test.ts ^[[2m(^[[22m^[[2m52 tests^[[22m^[[2m)^[[22m^[[33m 18638^[[2mms^[[22m^[[39m
gate	Gate	2026-10-02T22:17:35.7527041Z      ^[[33m^[[2m✓^[[22m^[[39m launch-pad-takeoff ^[[33m 314^[[2mms^[[22m^[[39m
gate	Gate	2026-10-02T22:17:35.7531790Z      ^[[33m^[[2m✓^[[22m^[[39m rtls-boostback ^[[33m 301^[[2mms^[[22m^[[39m
gate	Gate	2026-10-02T22:17:35.7533022Z      ^[[33m^[[2m✓^[[22m^[[39m reentry-autoland ^[[33m 2545^[[2mms^[[22m^[[39m
gate	Gate	2026-10-02T22:17:35.7543009Z      ^[[33m^[[2m✓^[[22m^[[39m before-flip-autoland ^[[33m 544^[[2mms^[[22m^[[39m
gate	Gate	2026-10-02T22:17:35.7556654Z      ^[[33m^[[2m✓^[[22m^[[39m reentry-autoland ^[[33m 1505^[[2mms^[[22m^[[39m
gate	Gate	2026-10-02T22:17:35.7557740Z      ^[[33m^[[2m✓^[[22m^[[39m before-flip-autoland ^[[33m 327^[[2mms^[[22m^[[39m
gate	Gate	2026-10-02T22:17:35.7558713Z      ^[[33m^[[2m✓^[[22m^[[39m reentry-autoland ^[[33m 3904^[[2mms^[[22m^[[39m
gate	Gate	2026-10-02T22:17:35.7559720Z      ^[[33m^[[2m✓^[[22m^[[39m before-flip-autoland ^[[33m 621^[[2mms^[[22m^[[39m
gate	Gate	2026-10-02T22:17:35.7560671Z      ^[[33m^[[2m✓^[[22m^[[39m reentry-autoland ^[[33m 2613^[[2mms^[[22m^[[39m
gate	Gate	2026-10-02T22:17:35.7561685Z      ^[[33m^[[2m✓^[[22m^[[39m before-flip-autoland ^[[33m 691^[[2mms^[[22m^[[39m
gate	Gate	2026-10-02T22:17:35.7562563Z      ^[[33m^[[2m✓^[[22m^[[39m reentry-autoland ^[[33m 1370^[[2mms^[[22m^[[39m
gate	Gate	2026-10-02T22:17:35.7563431Z      ^[[33m^[[2m✓^[[22m^[[39m before-flip-autoland ^[[33m 318^[[2mms^[[22m^[[39m
gate	Gate	2026-10-02T22:17:36.1515347Z  ^[[32m✓^[[39m ^[[30m^[[42m unit ^[[49m^[[39m tests/core/isa.test.ts ^[[2m(^[[22m^[[2m30 tests^[[22m^[[2m)^[[22m^[[32m 137^[[2mms^[[22m^[[39m
gate	Gate	2026-10-02T22:17:40.7412348Z  ^[[32m✓^[[39m ^[[30m^[[42m unit ^[[49m^[[39m tests/view/dynamic-pressure.test.ts ^[[2m(^[[22m^[[2m20 tests^[[22m^[[2m)^[[22m^[[32m 65^[[2mms^[[22m^[[39m
gate	Gate	2026-10-02T22:17:41.0608051Z  ^[[32m✓^[[39m ^[[30m^[[42m unit ^[[49m^[[39m tests/view/stars.test.ts ^[[2m(^[[22m^[[2m24 tests^[[22m^[[2m)^[[22m^[[32m 34^[[2mms^[[22m^[[39m
gate	Gate	2026-10-02T22:17:41.2659069Z  ^[[32m✓^[[39m ^[[30m^[[42m unit ^[[49m^[[39m tests/view/sun.test.ts ^[[2m(^[[22m^[[2m33 tests^[[22m^[[2m)^[[22m^[[32m 34^[[2mms^[[22m^[[39m
gate	Gate	2026-10-02T22:17:43.3099203Z Not implemented: HTMLCanvasElement's getContext() method: without installing the canvas npm package
gate	Gate	2026-10-02T22:17:45.9219569Z  ^[[32m✓^[[39m ^[[30m^[[42m unit ^[[49m^[[39m tests/ui/shell/Menu.test.tsx ^[[2m(^[[22m^[[2m22 tests^[[22m^[[2m)^[[22m^[[33m 2318^[[2mms^[[22m^[[39m
gate	Gate	2026-10-02T22:17:45.9226916Z      ^[[33m^[[2m✓^[[22m^[[39m opens on the menu layer only ^[[33m 334^[[2mms^[[22m^[[39m
gate	Gate	2026-10-02T22:17:48.3942028Z  ^[[32m✓^[[39m ^[[30m^[[42m unit ^[[49m^[[39m tests/proofs/trig-collapse.test.ts ^[[2m(^[[22m^[[2m23 tests^[[22m^[[2m)^[[22m^[[33m 2246^[[2mms^[[22m^[[39m
gate	Gate	2026-10-02T22:17:48.3973212Z      ^[[33m^[[2m✓^[[22m^[[39m 'verticalDrag = -cos(x)' ^[[33m 327^[[2mms^[[22m^[[39m
gate	Gate	2026-10-02T22:17:48.3996855Z      ^[[33m^[[2m✓^[[22m^[[39m 'horizontalLift = -cos(x)' ^[[33m 315^[[2mms^[[22m^[[39m
gate	Gate	2026-10-02T22:17:48.4038683Z      ^[[33m^[[2m✓^[[22m^[[39m 'verticalLift = sin(x)' ^[[33m 315^[[2mms^[[22m^[[39m
gate	Gate	2026-10-02T22:17:48.4056953Z      ^[[33m^[[2m✓^[[22m^[[39m 'horizontalThrust = sin(x)' ^[[33m 304^[[2mms^[[22m^[[39m
gate	Gate	2026-10-02T22:17:48.4086912Z      ^[[33m^[[2m✓^[[22m^[[39m 'verticalThrust = cos(x)' ^[[33m 304^[[2mms^[[22m^[[39m
gate	Gate	2026-10-02T22:17:52.7162467Z ^[[90mstdout^[[2m | tests/hud/prediction.test.ts^[[2m > ^[[22m^[[2mthe claim, tested against itself^[[2m > ^[[22m^[[2ma genuinely unpowered fall lands near where it was predicted to
gate	Gate	2026-10-02T22:17:52.7165210Z ^[[22m^[[39munpowered drop · fell 0.2 km · predicted -0.00 km in 3.4 s · actual 0.00 km in 3.4 s · error 0.00 km
gate	Gate	2026-10-02T22:17:52.7166577Z 
gate	Gate	2026-10-02T22:17:52.8490832Z ^[[90mstdout^[[2m | tests/hud/prediction.test.ts^[[2m > ^[[22m^[[2mthe claim, tested against itself^[[2m > ^[[22m^[[2mreports how wrong it is from high altitude, where the model is weakest
gate	Gate	2026-10-02T22:17:52.8493471Z ^[[22m^[[39mfrom 40 km unpowered · predicted 11.9 km in 95 s · actual 20.2 km in 101 s · error 8.3 km
gate	Gate	2026-10-02T22:17:52.8516398Z 
gate	Gate	2026-10-02T22:17:53.1564781Z ^[[90mstdout^[[2m | tests/hud/prediction.test.ts^[[2m > ^[[22m^[[2mthe error against seven real flights^[[2m > ^[[22m^[[2mbefore-flip-autoland converges as the ground approaches
gate	Gate	2026-10-02T22:17:53.1570730Z ^[[22m^[[39mbefore-flip-autoland: touchdown at 0.00 km · at 1.0 km up, error 0.10 km · at 28 m up, error 0 m
gate	Gate	2026-10-02T22:17:53.1571906Z 
gate	Gate	2026-10-02T22:17:53.1752744Z ^[[90mstdout^[[2m | tests/hud/prediction.test.ts^[[2m > ^[[22m^[[2mthe error against seven real flights^[[2m > ^[[22m^[[2mlanding-burn-autoland converges as the ground approaches
gate	Gate	2026-10-02T22:17:53.1756600Z ^[[22m^[[39mlanding-burn-autoland: touchdown at 0.00 km · at 0.2 km up, error 0.00 km · at 26 m up, error 0 m
gate	Gate	2026-10-02T22:17:53.1757758Z 
gate	Gate	2026-10-02T22:17:53.1967561Z ^[[90mstdout^[[2m | tests/hud/prediction.test.ts^[[2m > ^[[22m^[[2mthe error against seven real flights^[[2m > ^[[22m^[[2mintro-demo converges as the ground approaches
gate	Gate	2026-10-02T22:17:53.1984860Z ^[[22m^[[39mintro-demo: touchdown at 0.00 km · at 0.2 km up, error 0.00 km · at 25 m up, error 0 m
gate	Gate	2026-10-02T22:17:53.1986218Z 
gate	Gate	2026-10-02T22:17:53.1987373Z  ^[[32m✓^[[39m ^[[30m^[[42m unit ^[[49m^[[39m tests/hud/prediction.test.ts ^[[2m(^[[22m^[[2m13 tests^[[22m^[[2m)^[[22m^[[33m 4545^[[2mms^[[22m^[[39m
gate	Gate	2026-10-02T22:17:53.1988936Z      ^[[33m^[[2m✓^[[22m^[[39m never returns a non-finite number to a caller ^[[33m 4000^[[2mms^[[22m^[[39m
gate	Gate	2026-10-02T22:17:53.1990551Z      ^[[33m^[[2m✓^[[22m^[[39m before-flip-autoland converges as the ground approaches ^[[33m 309^[[2mms^[[22m^[[39m
gate	Gate	2026-10-02T22:17:54.4444421Z  ^[[32m✓^[[39m ^[[30m^[[42m unit ^[[49m^[[39m tests/core/guidance-physics.test.ts ^[[2m(^[[22m^[[2m26 tests^[[22m^[[2m)^[[22m^[[33m 1052^[[2mms^[[22m^[[39m
gate	Gate	2026-10-02T22:17:56.7048156Z  ^[[32m✓^[[39m ^[[30m^[[42m unit ^[[49m^[[39m tests/view/clouds.test.ts ^[[2m(^[[22m^[[2m18 tests^[[22m^[[2m)^[[22m^[[33m 1689^[[2mms^[[22m^[[39m
gate	Gate	2026-10-02T22:17:56.7050188Z      ^[[33m^[[2m✓^[[22m^[[39m is continuous and monotonic through the crossing ^[[33m 1143^[[2mms^[[22m^[[39m
gate	Gate	2026-10-02T22:17:58.4216521Z Not implemented: HTMLCanvasElement's getContext() method: without installing the canvas npm package
gate	Gate	2026-10-02T22:17:59.5852844Z  ^[[32m✓^[[39m ^[[30m^[[42m unit ^[[49m^[[39m tests/ui/shell/Controls.test.tsx ^[[2m(^[[22m^[[2m17 tests^[[22m^[[2m)^[[22m^[[33m 991^[[2mms^[[22m^[[39m
gate	Gate	2026-10-02T22:17:59.5854621Z      ^[[33m^[[2m✓^[[22m^[[39m renders every control this surface owns ^[[33m 322^[[2mms^[[22m^[[39m
gate	Gate	2026-10-02T22:18:01.7774848Z  ^[[32m✓^[[39m ^[[30m^[[42m unit ^[[49m^[[39m tests/core/orbit-demo.test.ts ^[[2m(^[[22m^[[2m31 tests^[[22m^[[2m)^[[22m^[[33m 46963^[[2mms^[[22m^[[39m
gate	Gate	2026-10-02T22:18:01.7777979Z      ^[[33m^[[2m✓^[[22m^[[39m a 150 km orbit holds for a full 88-minute lap ^[[33m 5554^[[2mms^[[22m^[[39m
gate	Gate	2026-10-02T22:18:01.7803856Z      ^[[33m^[[2m✓^[[22m^[[39m and 100 km still does not — which is why the presets are at 150 ^[[33m 1875^[[2mms^[[22m^[[39m
gate	Gate	2026-10-02T22:18:01.7805481Z      ^[[33m^[[2m✓^[[22m^[[39m is deterministic — the same flight twice ^[[33m 4764^[[2mms^[[22m^[[39m
gate	Gate	2026-10-02T22:18:01.7807343Z      ^[[33m^[[2m✓^[[22m^[[39m from a different starting longitude — half a lap further round ^[[33m 8852^[[2mms^[[22m^[[39m
gate	Gate	2026-10-02T22:18:01.7808838Z      ^[[33m^[[2m✓^[[22m^[[39m 100 tonnes lighter at ignition ^[[33m 4793^[[2mms^[[22m^[[39m
gate	Gate	2026-10-02T22:18:01.7810291Z      ^[[33m^[[2m✓^[[22m^[[39m with an engine already failed, so the burn is a third longer ^[[33m 5612^[[2mms^[[22m^[[39m
gate	Gate	2026-10-02T22:18:01.7812042Z      ^[[33m^[[2m✓^[[22m^[[39m from 120 km, below the presets ^[[33m 4595^[[2mms^[[22m^[[39m
gate	Gate	2026-10-02T22:18:01.7813477Z      ^[[33m^[[2m✓^[[22m^[[39m from 300 km it still lands, but the envelope is showing ^[[33m 5207^[[2mms^[[22m^[[39m
gate	Gate	2026-10-02T22:18:01.7815015Z      ^[[33m^[[2m✓^[[22m^[[39m spends the coast turning around, because RCS is slow ^[[33m 2637^[[2mms^[[22m^[[39m
gate	Gate	2026-10-02T22:18:01.7816757Z      ^[[33m^[[2m✓^[[22m^[[39m does not fire until the ground track is right ^[[33m 2995^[[2mms^[[22m^[[39m
gate	Gate	2026-10-02T22:18:01.7929964Z  ^[[32m✓^[[39m ^[[30m^[[42m unit ^[[49m^[[39m tests/app/view-clock.test.ts ^[[2m(^[[22m^[[2m56 tests^[[22m^[[2m)^[[22m^[[33m 46282^[[2mms^[[22m^[[39m
gate	Gate	2026-10-02T22:18:01.7931691Z      ^[[33m^[[2m✓^[[22m^[[39m launch-pad-takeoff, with frames dropping ^[[33m 337^[[2mms^[[22m^[[39m
gate	Gate	2026-10-02T22:18:01.7933207Z      ^[[33m^[[2m✓^[[22m^[[39m booster-sep-boostback, with frames dropping ^[[33m 314^[[2mms^[[22m^[[39m
gate	Gate	2026-10-02T22:18:01.7934689Z      ^[[33m^[[2m✓^[[22m^[[39m rtls-boostback, with frames dropping ^[[33m 304^[[2mms^[[22m^[[39m
gate	Gate	2026-10-02T22:18:01.7936349Z      ^[[33m^[[2m✓^[[22m^[[39m reentry-autoland, with frames dropping ^[[33m 2127^[[2mms^[[22m^[[39m
gate	Gate	2026-10-02T22:18:01.7937829Z      ^[[33m^[[2m✓^[[22m^[[39m before-flip-autoland, with frames dropping ^[[33m 343^[[2mms^[[22m^[[39m
gate	Gate	2026-10-02T22:18:01.7939200Z      ^[[33m^[[2m✓^[[22m^[[39m reentry-autoland, at 9x warp ^[[33m 1743^[[2mms^[[22m^[[39m
gate	Gate	2026-10-02T22:18:01.7940556Z      ^[[33m^[[2m✓^[[22m^[[39m before-flip-autoland, at 9x warp ^[[33m 496^[[2mms^[[22m^[[39m
gate	Gate	2026-10-02T22:18:01.7941941Z      ^[[33m^[[2m✓^[[22m^[[39m reentry-autoland, at 1/9 speed ^[[33m 2424^[[2mms^[[22m^[[39m
gate	Gate	2026-10-02T22:18:01.7943206Z      ^[[33m^[[2m✓^[[22m^[[39m before-flip-autoland, at 1/9 speed ^[[33m 528^[[2mms^[[22m^[[39m
gate	Gate	2026-10-02T22:18:01.7944980Z      ^[[33m^[[2m✓^[[22m^[[39m booster-sep-boostback lands the camera on the same metre with a 400 ms stall every two seconds ^[[33m 442^[[2mms^[[22m^[[39m
gate	Gate	2026-10-02T22:18:01.7947225Z      ^[[33m^[[2m✓^[[22m^[[39m booster-sep-boostback lands the camera on the same metre with 9x time warp ^[[33m 429^[[2mms^[[22m^[[39m
gate	Gate	2026-10-02T22:18:01.7949139Z      ^[[33m^[[2m✓^[[22m^[[39m booster-sep-boostback lands the camera on the same metre with 1/9 slow motion ^[[33m 387^[[2mms^[[22m^[[39m
gate	Gate	2026-10-02T22:18:01.7952986Z      ^[[33m^[[2m✓^[[22m^[[39m rtls-boostback lands the camera on the same metre with a 400 ms stall every two seconds ^[[33m 355^[[2mms^[[22m^[[39m
gate	Gate	2026-10-02T22:18:01.7954998Z      ^[[33m^[[2m✓^[[22m^[[39m rtls-boostback lands the camera on the same metre with 9x time warp ^[[33m 359^[[2mms^[[22m^[[39m
gate	Gate	2026-10-02T22:18:01.7957073Z      ^[[33m^[[2m✓^[[22m^[[39m rtls-boostback lands the camera on the same metre with 1/9 slow motion ^[[33m 448^[[2mms^[[22m^[[39m
gate	Gate	2026-10-02T22:18:01.7959188Z      ^[[33m^[[2m✓^[[22m^[[39m reentry-autoland lands the camera on the same metre with a 400 ms stall every two seconds ^[[33m 4673^[[2mms^[[22m^[[39m
gate	Gate	2026-10-02T22:18:01.7961312Z      ^[[33m^[[2m✓^[[22m^[[39m reentry-autoland lands the camera on the same metre with 9x time warp ^[[33m 4346^[[2mms^[[22m^[[39m
gate	Gate	2026-10-02T22:18:01.7963948Z      ^[[33m^[[2m✓^[[22m^[[39m reentry-autoland lands the camera on the same metre with 1/9 slow motion ^[[33m 3164^[[2mms^[[22m^[[39m
gate	Gate	2026-10-02T22:18:01.7966583Z      ^[[33m^[[2m✓^[[22m^[[39m before-flip-autoland lands the camera on the same metre with a 400 ms stall every two seconds ^[[33m 1020^[[2mms^[[22m^[[39m
gate	Gate	2026-10-02T22:18:01.7968619Z      ^[[33m^[[2m✓^[[22m^[[39m before-flip-autoland lands the camera on the same metre with 9x time warp ^[[33m 1070^[[2mms^[[22m^[[39m
gate	Gate	2026-10-02T22:18:01.7970503Z      ^[[33m^[[2m✓^[[22m^[[39m before-flip-autoland lands the camera on the same metre with 1/9 slow motion ^[[33m 914^[[2mms^[[22m^[[39m
gate	Gate	2026-10-02T22:18:01.7972189Z      ^[[33m^[[2m✓^[[22m^[[39m the wall clock loses the vehicle when frames drop ^[[33m 3074^[[2mms^[[22m^[[39m
gate	Gate	2026-10-02T22:18:01.7973781Z      ^[[33m^[[2m✓^[[22m^[[39m the wall clock loses it at 9x warp, failing the other way round ^[[33m 2832^[[2mms^[[22m^[[39m
gate	Gate	2026-10-02T22:18:01.7975469Z      ^[[33m^[[2m✓^[[22m^[[39m and simulated time once per FRAME is better, but still not enough ^[[33m 3585^[[2mms^[[22m^[[39m
gate	Gate	2026-10-02T22:18:01.7977782Z      ^[[33m^[[2m✓^[[22m^[[39m all three agree when nothing goes wrong, which is why this survived ^[[33m 6859^[[2mms^[[22m^[[39m
gate	Gate	2026-10-02T22:18:02.2080770Z  ^[[32m✓^[[39m ^[[30m^[[42m unit ^[[49m^[[39m tests/ui/menu.test.ts ^[[2m(^[[22m^[[2m25 tests^[[22m^[[2m)^[[22m^[[32m 152^[[2mms^[[22m^[[39m
gate	Gate	2026-10-02T22:18:06.3992083Z  ^[[32m✓^[[39m ^[[30m^[[42m unit ^[[49m^[[39m tests/hud/timeline.test.ts ^[[2m(^[[22m^[[2m29 tests^[[22m^[[2m)^[[22m^[[33m 6584^[[2mms^[[22m^[[39m
gate	Gate	2026-10-02T22:18:06.3995467Z      ^[[33m^[[2m✓^[[22m^[[39m 'reentry-autoland' fires its events in order, flown live ^[[33m 1740^[[2mms^[[22m^[[39m
gate	Gate	2026-10-02T22:18:06.3997787Z      ^[[33m^[[2m✓^[[22m^[[39m 'before-flip-autoland' fires its events in order, flown live ^[[33m 509^[[2mms^[[22m^[[39m
gate	Gate	2026-10-02T22:18:06.3999667Z      ^[[33m^[[2m✓^[[22m^[[39m 'reentry-autoland' derives the same events from the fixture bytes ^[[33m 555^[[2mms^[[22m^[[39m
gate	Gate	2026-10-02T22:18:06.4001339Z      ^[[33m^[[2m✓^[[22m^[[39m a state exactly at the entry interface counts as crossing it ^[[33m 1834^[[2mms^[[22m^[[39m
gate	Gate	2026-10-02T22:18:06.7337972Z  ^[[32m✓^[[39m ^[[30m^[[42m unit ^[[49m^[[39m tests/view/distant-earth.test.ts ^[[2m(^[[22m^[[2m23 tests^[[22m^[[2m)^[[22m^[[33m 4197^[[2mms^[[22m^[[39m
gate	Gate	2026-10-02T22:18:06.7340665Z      ^[[33m^[[2m✓^[[22m^[[39m launch-pad-takeoff stays readable ^[[33m 307^[[2mms^[[22m^[[39m
gate	Gate	2026-10-02T22:18:06.7346049Z      ^[[33m^[[2m✓^[[22m^[[39m reentry-autoland stays readable ^[[33m 2379^[[2mms^[[22m^[[39m
gate	Gate	2026-10-02T22:18:06.7347335Z      ^[[33m^[[2m✓^[[22m^[[39m before-flip-autoland stays readable ^[[33m 546^[[2mms^[[22m^[[39m
gate	Gate	2026-10-02T22:18:06.7512483Z  ^[[32m✓^[[39m ^[[30m^[[42m unit ^[[49m^[[39m tests/core/mass.test.ts ^[[2m(^[[22m^[[2m20 tests^[[22m^[[2m)^[[22m^[[32m 152^[[2mms^[[22m^[[39m
gate	Gate	2026-10-02T22:18:08.2629697Z  ^[[32m✓^[[39m ^[[30m^[[42m unit ^[[49m^[[39m tests/ui/blackbox.test.ts ^[[2m(^[[22m^[[2m22 tests^[[22m^[[2m)^[[22m^[[33m 728^[[2mms^[[22m^[[39m
gate	Gate	2026-10-02T22:18:08.2631415Z      ^[[33m^[[2m✓^[[22m^[[39m round-trips every sample of a real flight, bit for bit ^[[33m 679^[[2mms^[[22m^[[39m
gate	Gate	2026-10-02T22:18:08.5384186Z  ^[[32m✓^[[39m ^[[30m^[[42m unit ^[[49m^[[39m tests/core/physical-scale.test.ts ^[[2m(^[[22m^[[2m20 tests^[[22m^[[2m)^[[22m^[[32m 18^[[2mms^[[22m^[[39m
gate	Gate	2026-10-02T22:18:09.5789442Z  ^[[32m✓^[[39m ^[[30m^[[42m unit ^[[49m^[[39m tests/core/loop.test.ts ^[[2m(^[[22m^[[2m24 tests^[[22m^[[2m)^[[22m^[[33m 766^[[2mms^[[22m^[[39m
gate	Gate	2026-10-02T22:18:09.5817195Z      ^[[33m^[[2m✓^[[22m^[[39m 60 fps and 30 fps reach the identical state after the same simulated time ^[[33m 488^[[2mms^[[22m^[[39m
gate	Gate	2026-10-02T22:18:09.8148220Z  ^[[32m✓^[[39m ^[[30m^[[42m unit ^[[49m^[[39m tests/core/analytic-laws.test.ts ^[[2m(^[[22m^[[2m14 tests^[[22m^[[2m)^[[22m^[[32m 12^[[2mms^[[22m^[[39m
gate	Gate	2026-10-02T22:18:10.4156673Z  ^[[32m✓^[[39m ^[[30m^[[42m unit ^[[49m^[[39m tests/hud/metrics.test.ts ^[[2m(^[[22m^[[2m22 tests^[[22m^[[2m)^[[22m^[[33m 306^[[2mms^[[22m^[[39m
gate	Gate	2026-10-02T22:18:15.3240672Z  ^[[32m✓^[[39m ^[[30m^[[42m unit ^[[49m^[[39m tests/view/plume.test.ts ^[[2m(^[[22m^[[2m13 tests^[[22m^[[2m)^[[22m^[[33m 4233^[[2mms^[[22m^[[39m
gate	Gate	2026-10-02T22:18:15.3247545Z      ^[[33m^[[2m✓^[[22m^[[39m reports the range each flight puts the plume through ^[[33m 4141^[[2mms^[[22m^[[39m
gate	Gate	2026-10-02T22:18:16.9080564Z ^[[90mstdout^[[2m | tests/audio/vacuum.test.ts^[[2m > ^[[22m^[[2mthe two fades differ, and that IS the milestone^[[2m > ^[[22m^[[2mreaches the floor by 50 km, over the real atmosphere model
gate	Gate	2026-10-02T22:18:16.9082878Z ^[[22m^[[39mabove 50 km · at 70 km: aero 2.21e-3, engine air 0.2490
gate	Gate	2026-10-02T22:18:16.9083596Z 
gate	Gate	2026-10-02T22:18:17.1168141Z ^[[90mstdout^[[2m | tests/audio/vacuum.test.ts^[[2m > ^[[22m^[[2mthe two fades differ, and that IS the milestone^[[2m > ^[[22m^[[2mthe airflow is loud where the flight is fast and low
gate	Gate	2026-10-02T22:18:17.1196562Z ^[[22m^[[39mlaunch: peak airflow 0.689 at 5.5 km
gate	Gate	2026-10-02T22:18:17.1207514Z 
gate	Gate	2026-10-02T22:18:17.3436839Z ^[[90mstdout^[[2m | tests/audio/vacuum.test.ts^[[2m > ^[[22m^[[2mthe re-entry golden, rendered as it climbs out^[[2m > ^[[22m^[[2mthe level falls as the air does
gate	Gate	2026-10-02T22:18:17.3440205Z ^[[22m^[[39m70 km -> RMS 0.00023 · 109 km -> RMS 0.02862 · 134 km -> RMS 0.02841
gate	Gate	2026-10-02T22:18:17.3441184Z 
gate	Gate	2026-10-02T22:18:17.3691210Z ^[[90mstdout^[[2m | tests/audio/vacuum.test.ts^[[2m > ^[[22m^[[2mthe re-entry golden, rendered as it climbs out^[[2m > ^[[22m^[[2mthe same vehicle is measurably louder in air than in vacuum
gate	Gate	2026-10-02T22:18:17.3695491Z ^[[22m^[[39msame vehicle · in air RMS 0.13151 · in vacuum RMS 0.02820
gate	Gate	2026-10-02T22:18:17.3696651Z 
gate	Gate	2026-10-02T22:18:17.3706370Z  ^[[32m✓^[[39m ^[[30m^[[42m unit ^[[49m^[[39m tests/audio/vacuum.test.ts ^[[2m(^[[22m^[[2m11 tests^[[22m^[[2m)^[[22m^[[33m 1649^[[2mms^[[22m^[[39m
gate	Gate	2026-10-02T22:18:17.3708187Z      ^[[33m^[[2m✓^[[22m^[[39m reaches the floor by 50 km, over the real atmosphere model ^[[33m 1179^[[2mms^[[22m^[[39m
gate	Gate	2026-10-02T22:18:17.7016175Z  ^[[32m✓^[[39m ^[[30m^[[42m unit ^[[49m^[[39m tests/core/fin-fraction.test.ts ^[[2m(^[[22m^[[2m11 tests^[[22m^[[2m)^[[22m^[[32m 89^[[2mms^[[22m^[[39m
gate	Gate	2026-10-02T22:18:19.2419150Z  ^[[32m✓^[[39m ^[[30m^[[42m unit ^[[49m^[[39m tests/core/scenarios.test.ts ^[[2m(^[[22m^[[2m51 tests^[[22m^[[2m)^[[22m^[[33m 1278^[[2mms^[[22m^[[39m
gate	Gate	2026-10-02T22:18:19.5243429Z  ^[[32m✓^[[39m ^[[30m^[[42m unit ^[[49m^[[39m tests/core/ignition.test.ts ^[[2m(^[[22m^[[2m14 tests^[[22m^[[2m)^[[22m^[[32m 64^[[2mms^[[22m^[[39m
gate	Gate	2026-10-02T22:18:27.8757888Z  ^[[32m✓^[[39m ^[[30m^[[42m unit ^[[49m^[[39m tests/core/orbit.test.ts ^[[2m(^[[22m^[[2m18 tests^[[22m^[[2m)^[[22m^[[33m 25404^[[2mms^[[22m^[[39m
gate	Gate	2026-10-02T22:18:27.8787189Z      ^[[33m^[[2m✓^[[22m^[[39m altitude holds within a kilometre over a full lap ^[[33m 4709^[[2mms^[[22m^[[39m
gate	Gate	2026-10-02T22:18:27.8807053Z      ^[[33m^[[2m✓^[[22m^[[39m speed holds within a metre per second over a full lap ^[[33m 4922^[[2mms^[[22m^[[39m
gate	Gate	2026-10-02T22:18:27.8833268Z      ^[[33m^[[2m✓^[[22m^[[39m never dips into the atmosphere or climbs away ^[[33m 4095^[[2mms^[[22m^[[39m
gate	Gate	2026-10-02T22:18:27.8847153Z      ^[[33m^[[2m✓^[[22m^[[39m completes a full revolution of downrange distance ^[[33m 5061^[[2mms^[[22m^[[39m
gate	Gate	2026-10-02T22:18:27.8848722Z      ^[[33m^[[2m✓^[[22m^[[39m specific orbital energy drifts by less than one part in a thousand ^[[33m 376^[[2mms^[[22m^[[39m
gate	Gate	2026-10-02T22:18:27.8850196Z      ^[[33m^[[2m✓^[[22m^[[39m an elliptical orbit comes back down again ^[[33m 5923^[[2mms^[[22m^[[39m
gate	Gate	2026-10-02T22:18:31.4772935Z ^[[90mstdout^[[2m | tests/view/perf.test.ts^[[2m > ^[[22m^[[2mparticle pool headroom, with the velocity streaks added^[[2m > ^[[22m^[[2mreports peak usage across all seven scenarios against the 576 baseline
gate	Gate	2026-10-02T22:18:31.4788997Z ^[[22m^[[39mlaunch-pad-takeoff: peak 750 · booster-sep-boostback: peak 492 · rtls-boostback: peak 536 · reentry-autoland: peak 631 · before-flip-autoland: peak 639 · landing-burn-autoland: peak 644 · landing-burn-headwind: peak 648 · intro-demo: peak 651
gate	Gate	2026-10-02T22:18:31.4816674Z    worst 750 of 4000 (81% free), at launch-pad-takeoff; baseline before M7.5 was 576
gate	Gate	2026-10-02T22:18:31.4846056Z 
gate	Gate	2026-10-02T22:18:31.9671023Z ^[[90mstdout^[[2m | tests/audio/params.test.ts^[[2m > ^[[22m^[[2mat the throttles and engine counts the seven scenarios reach^[[2m > ^[[22m^[[2mreports the range each flight actually visits
gate	Gate	2026-10-02T22:18:31.9687288Z ^[[22m^[[39mlaunch-pad-takeoff: engine level 0.00–1.00, up to 3 lit
gate	Gate	2026-10-02T22:18:31.9688625Z booster-sep-boostback: engine level 0.00–1.00, up to 3 lit
gate	Gate	2026-10-02T22:18:31.9689909Z rtls-boostback: engine level 0.00–1.00, up to 3 lit
gate	Gate	2026-10-02T22:18:31.9691154Z reentry-autoland: engine level 0.00–0.73, up to 3 lit
gate	Gate	2026-10-02T22:18:31.9692405Z before-flip-autoland: engine level 0.00–0.73, up to 3 lit
gate	Gate	2026-10-02T22:18:31.9693693Z landing-burn-autoland: engine level 0.00–0.74, up to 3 lit
gate	Gate	2026-10-02T22:18:31.9694919Z landing-burn-headwind: engine level 0.00–0.73, up to 3 lit
gate	Gate	2026-10-02T22:18:31.9696280Z intro-demo: engine level 0.00–0.86, up to 3 lit
gate	Gate	2026-10-02T22:18:31.9697007Z 
gate	Gate	2026-10-02T22:18:31.9703385Z  ^[[32m✓^[[39m ^[[30m^[[42m unit ^[[49m^[[39m tests/audio/params.test.ts ^[[2m(^[[22m^[[2m19 tests^[[22m^[[2m)^[[22m^[[33m 3899^[[2mms^[[22m^[[39m
gate	Gate	2026-10-02T22:18:31.9705227Z      ^[[33m^[[2m✓^[[22m^[[39m reports the range each flight actually visits ^[[33m 3879^[[2mms^[[22m^[[39m
gate	Gate	2026-10-02T22:18:33.3045061Z  ^[[32m✓^[[39m ^[[30m^[[42m unit ^[[49m^[[39m tests/core/verlet.test.ts ^[[2m(^[[22m^[[2m8 tests^[[22m^[[2m)^[[22m^[[33m 13529^[[2mms^[[22m^[[39m
gate	Gate	2026-10-02T22:18:33.3047393Z      ^[[33m^[[2m✓^[[22m^[[39m halving dt quarters the error — the ratio is 4, where Euler gave 2 ^[[33m 2343^[[2mms^[[22m^[[39m
gate	Gate	2026-10-02T22:18:33.3048598Z      ^[[33m^[[2m✓^[[22m^[[39m and is millimetres at 15 Hz, where Euler was 796 metres ^[[33m 2328^[[2mms^[[22m^[[39m
gate	Gate	2026-10-02T22:18:33.3049457Z      ^[[33m^[[2m✓^[[22m^[[39m to a part in 10^10 or better at every rate the simulation runs at ^[[33m 4622^[[2mms^[[22m^[[39m
gate	Gate	2026-10-02T22:18:33.3050297Z      ^[[33m^[[2m✓^[[22m^[[39m altitude drift is a centimetre, and does not depend on dt ^[[33m 3657^[[2mms^[[22m^[[39m
gate	Gate	2026-10-02T22:18:33.3051130Z      ^[[33m^[[2m✓^[[22m^[[39m and in true vacuum, at 800 km, energy and altitude do not move at all ^[[33m 563^[[2mms^[[22m^[[39m
gate	Gate	2026-10-02T22:18:34.9512253Z  ^[[32m✓^[[39m ^[[30m^[[42m unit ^[[49m^[[39m tests/view/perf.test.ts ^[[2m(^[[22m^[[2m8 tests^[[22m^[[2m)^[[22m^[[33m 27627^[[2mms^[[22m^[[39m
gate	Gate	2026-10-02T22:18:34.9513796Z      ^[[33m^[[2m✓^[[22m^[[39m the particle pool is fixed for the life of the system ^[[33m 1941^[[2mms^[[22m^[[39m
gate	Gate	2026-10-02T22:18:34.9515039Z      ^[[33m^[[2m✓^[[22m^[[39m the M6.7 and M7.5 effects do not grow it either ^[[33m 5171^[[2mms^[[22m^[[39m
gate	Gate	2026-10-02T22:18:34.9516351Z      ^[[33m^[[2m✓^[[22m^[[39m a long flight does not grow the heap without bound ^[[33m 374^[[2mms^[[22m^[[39m
gate	Gate	2026-10-02T22:18:34.9517655Z      ^[[33m^[[2m✓^[[22m^[[39m reports peak usage across all seven scenarios against the 576 baseline ^[[33m 16486^[[2mms^[[22m^[[39m
gate	Gate	2026-10-02T22:18:34.9518823Z      ^[[33m^[[2m✓^[[22m^[[39m the shock-banded core does not grow the pool either ^[[33m 3470^[[2mms^[[22m^[[39m
gate	Gate	2026-10-02T22:18:36.8397140Z Not implemented: HTMLCanvasElement's getContext() method: without installing the canvas npm package
gate	Gate	2026-10-02T22:18:37.8947606Z  ^[[32m✓^[[39m ^[[30m^[[42m unit ^[[49m^[[39m tests/ui/shell/BlackBox.test.tsx ^[[2m(^[[22m^[[2m12 tests^[[22m^[[2m)^[[22m^[[33m 785^[[2mms^[[22m^[[39m
gate	Gate	2026-10-02T22:18:37.8977433Z      ^[[33m^[[2m✓^[[22m^[[39m is not imported until the black box opens on a recording ^[[33m 309^[[2mms^[[22m^[[39m
gate	Gate	2026-10-02T22:18:38.2092713Z  ^[[32m✓^[[39m ^[[30m^[[42m unit ^[[49m^[[39m tests/offline.test.ts ^[[2m(^[[22m^[[2m14 tests^[[22m^[[2m)^[[22m^[[32m 85^[[2mms^[[22m^[[39m
gate	Gate	2026-10-02T22:18:38.4837213Z  ^[[32m✓^[[39m ^[[30m^[[42m unit ^[[49m^[[39m tests/core/thrust-altitude.test.ts ^[[2m(^[[22m^[[2m15 tests^[[22m^[[2m)^[[22m^[[32m 18^[[2mms^[[22m^[[39m
gate	Gate	2026-10-02T22:18:39.3107803Z  ^[[32m✓^[[39m ^[[30m^[[42m unit ^[[49m^[[39m tests/view/particle-textures.test.ts ^[[2m(^[[22m^[[2m11 tests^[[22m^[[2m)^[[22m^[[32m 233^[[2mms^[[22m^[[39m
gate	Gate	2026-10-02T22:18:39.9703972Z  ^[[32m✓^[[39m ^[[30m^[[42m unit ^[[49m^[[39m tests/view/horizon.test.ts ^[[2m(^[[22m^[[2m12 tests^[[22m^[[2m)^[[22m^[[32m 24^[[2mms^[[22m^[[39m
gate	Gate	2026-10-02T22:18:43.4600832Z ^[[90mstdout^[[2m | tests/audio/warnings.test.ts^[[2m > ^[[22m^[[2mear and eye read the same thresholds^[[2m > ^[[22m^[[2mstays quiet through all seven, and reports how much margin they had
gate	Gate	2026-10-02T22:18:43.4603084Z ^[[22m^[[39mlaunch-pad-takeoff: nominal (heat 0.02, Q 0.53 of limit)
gate	Gate	2026-10-02T22:18:43.4604298Z booster-sep-boostback: nominal (heat 0.01, Q 0.00 of limit)
gate	Gate	2026-10-02T22:18:43.4605347Z rtls-boostback: nominal (heat 0.02, Q 0.57 of limit)
gate	Gate	2026-10-02T22:18:43.4606661Z reentry-autoland: nominal (heat 0.64, Q 0.17 of limit)
gate	Gate	2026-10-02T22:18:43.4607713Z before-flip-autoland: nominal (heat 0.00, Q 0.06 of limit)
gate	Gate	2026-10-02T22:18:43.4608771Z landing-burn-autoland: nominal (heat 0.00, Q 0.02 of limit)
gate	Gate	2026-10-02T22:18:43.4609815Z landing-burn-headwind: nominal (heat 0.00, Q 0.02 of limit)
gate	Gate	2026-10-02T22:18:43.4610774Z intro-demo: nominal (heat 0.00, Q 0.03 of limit)
gate	Gate	2026-10-02T22:18:43.4611415Z 
gate	Gate	2026-10-02T22:18:43.4861384Z  ^[[32m✓^[[39m ^[[30m^[[42m unit ^[[49m^[[39m tests/audio/warnings.test.ts ^[[2m(^[[22m^[[2m11 tests^[[22m^[[2m)^[[22m^[[33m 3258^[[2mms^[[22m^[[39m
gate	Gate	2026-10-02T22:18:43.4864629Z      ^[[33m^[[2m✓^[[22m^[[39m stays quiet through all seven, and reports how much margin they had ^[[33m 3225^[[2mms^[[22m^[[39m
gate	Gate	2026-10-02T22:18:43.7113420Z  ^[[32m✓^[[39m ^[[30m^[[42m unit ^[[49m^[[39m tests/core/wind.test.ts ^[[2m(^[[22m^[[2m10 tests^[[22m^[[2m)^[[22m^[[32m 16^[[2mms^[[22m^[[39m
gate	Gate	2026-10-02T22:18:45.3688434Z  ^[[32m✓^[[39m ^[[30m^[[42m unit ^[[49m^[[39m tests/core/autopilot.test.ts ^[[2m(^[[22m^[[2m13 tests^[[22m^[[2m)^[[22m^[[33m 1488^[[2mms^[[22m^[[39m
gate	Gate	2026-10-02T22:18:45.3708857Z      ^[[33m^[[2m✓^[[22m^[[39m computes a belly-flop trigger altitude and ends the aero descent below it ^[[33m 1086^[[2mms^[[22m^[[39m
gate	Gate	2026-10-02T22:18:45.5774852Z  ^[[32m✓^[[39m ^[[30m^[[42m unit ^[[49m^[[39m tests/core/atmosphere-strato.test.ts ^[[2m(^[[22m^[[2m12 tests^[[22m^[[2m)^[[22m^[[32m 60^[[2mms^[[22m^[[39m
gate	Gate	2026-10-02T22:18:49.0664483Z  ^[[32m✓^[[39m ^[[30m^[[42m unit ^[[49m^[[39m tests/golden/replay.test.ts ^[[2m(^[[22m^[[2m17 tests^[[22m^[[2m)^[[22m^[[33m 15394^[[2mms^[[22m^[[39m
gate	Gate	2026-10-02T22:18:49.0666838Z      ^[[33m^[[2m✓^[[22m^[[39m replays field for field, sample for sample ^[[33m 567^[[2mms^[[22m^[[39m
gate	Gate	2026-10-02T22:18:49.0668725Z      ^[[33m^[[2m✓^[[22m^[[39m replays field for field, sample for sample ^[[33m 572^[[2mms^[[22m^[[39m
gate	Gate	2026-10-02T22:18:49.0670343Z      ^[[33m^[[2m✓^[[22m^[[39m replays field for field, sample for sample ^[[33m 959^[[2mms^[[22m^[[39m
gate	Gate	2026-10-02T22:18:49.0671893Z      ^[[33m^[[2m✓^[[22m^[[39m replays field for field, sample for sample ^[[33m 5280^[[2mms^[[22m^[[39m
gate	Gate	2026-10-02T22:18:49.0673313Z      ^[[33m^[[2m✓^[[22m^[[39m replays field for field, sample for sample ^[[33m 954^[[2mms^[[22m^[[39m
gate	Gate	2026-10-02T22:18:49.0674603Z      ^[[33m^[[2m✓^[[22m^[[39m replays field for field, sample for sample ^[[33m 386^[[2mms^[[22m^[[39m
gate	Gate	2026-10-02T22:18:49.0676302Z      ^[[33m^[[2m✓^[[22m^[[39m replays field for field, sample for sample ^[[33m 409^[[2mms^[[22m^[[39m
gate	Gate	2026-10-02T22:18:49.0677689Z      ^[[33m^[[2m✓^[[22m^[[39m replays field for field, sample for sample ^[[33m 353^[[2mms^[[22m^[[39m
gate	Gate	2026-10-02T22:18:49.0679268Z      ^[[33m^[[2m✓^[[22m^[[39m round-trip through the serialiser preserves every value exactly ^[[33m 5329^[[2mms^[[22m^[[39m
gate	Gate	2026-10-02T22:18:49.2211955Z  ^[[32m✓^[[39m ^[[30m^[[42m unit ^[[49m^[[39m tests/core/angular-momentum.test.ts ^[[2m(^[[22m^[[2m8 tests^[[22m^[[2m)^[[22m^[[33m 16993^[[2mms^[[22m^[[39m
gate	Gate	2026-10-02T22:18:49.2233610Z      ^[[33m^[[2m✓^[[22m^[[39m to better than a part in ten thousand over a hundred minutes ^[[33m 6545^[[2mms^[[22m^[[39m
gate	Gate	2026-10-02T22:18:49.2235260Z      ^[[33m^[[2m✓^[[22m^[[39m and the orbit reaches the apogee the energy says it should ^[[33m 5908^[[2mms^[[22m^[[39m
gate	Gate	2026-10-02T22:18:49.2237458Z      ^[[33m^[[2m✓^[[22m^[[39m the simulation agrees to within a kilometre in five thousand ^[[33m 594^[[2mms^[[22m^[[39m
gate	Gate	2026-10-02T22:18:49.2238926Z      ^[[33m^[[2m✓^[[22m^[[39m and the guidance's conic predicts the ground arc the simulation flies ^[[33m 706^[[2mms^[[22m^[[39m
gate	Gate	2026-10-02T22:18:49.2245183Z      ^[[33m^[[2m✓^[[22m^[[39m and CONVERGES — which is how a model error tells itself from an integrator one ^[[33m 3232^[[2mms^[[22m^[[39m
gate	Gate	2026-10-02T22:18:49.4737426Z  ^[[32m✓^[[39m ^[[30m^[[42m unit ^[[49m^[[39m tests/app/input.test.ts ^[[2m(^[[22m^[[2m32 tests^[[22m^[[2m)^[[22m^[[32m 21^[[2mms^[[22m^[[39m
gate	Gate	2026-10-02T22:18:50.0188380Z ^[[90mstdout^[[2m | tests/view/motion-cues.test.ts^[[2m > ^[[22m^[[2mat the speeds the seven scenarios actually reach^[[2m > ^[[22m^[[2mreports where the streaks are silent and where they blow
gate	Gate	2026-10-02T22:18:50.0194014Z ^[[22m^[[39mlaunch-pad-takeoff: peak 646 m/s -> streak 0.18, silent 33% of the flight
gate	Gate	2026-10-02T22:18:50.0195510Z booster-sep-boostback: peak 1599 m/s -> streak 0.88, silent 0% of the flight
gate	Gate	2026-10-02T22:18:50.0197160Z rtls-boostback: peak 542 m/s -> streak 0.12, silent 45% of the flight
gate	Gate	2026-10-02T22:18:50.0198431Z reentry-autoland: peak 7300 m/s -> streak 1.00, silent 52% of the flight
gate	Gate	2026-10-02T22:18:50.0199736Z before-flip-autoland: peak 70 m/s -> streak 0.00, silent 100% of the flight
gate	Gate	2026-10-02T22:18:50.0201100Z landing-burn-autoland: peak 38 m/s -> streak 0.00, silent 100% of the flight
gate	Gate	2026-10-02T22:18:50.0202442Z landing-burn-headwind: peak 37 m/s -> streak 0.00, silent 100% of the flight
gate	Gate	2026-10-02T22:18:50.0203655Z intro-demo: peak 51 m/s -> streak 0.00, silent 100% of the flight
gate	Gate	2026-10-02T22:18:50.0204371Z 
gate	Gate	2026-10-02T22:18:50.2847968Z  ^[[32m✓^[[39m ^[[30m^[[42m unit ^[[49m^[[39m tests/core/wind-profile.test.ts ^[[2m(^[[22m^[[2m20 tests^[[22m^[[2m)^[[22m^[[33m 492^[[2mms^[[22m^[[39m
gate	Gate	2026-10-02T22:18:50.3242330Z ^[[90mstdout^[[2m | tests/view/motion-cues.test.ts^[[2m > ^[[22m^[[2mthe flight-path marker^[[2m > ^[[22m^[[2mlaunch-pad-takeoff: the marker never disagrees with the state vector
gate	Gate	2026-10-02T22:18:50.3248029Z ^[[22m^[[39mlaunch-pad-takeoff: nose and flight path diverge by up to 4°
gate	Gate	2026-10-02T22:18:50.3248843Z 
gate	Gate	2026-10-02T22:18:50.4879064Z ^[[90mstdout^[[2m | tests/view/motion-cues.test.ts^[[2m > ^[[22m^[[2mthe flight-path marker^[[2m > ^[[22m^[[2mbooster-sep-boostback: the marker never disagrees with the state vector
gate	Gate	2026-10-02T22:18:50.4881264Z ^[[22m^[[39mbooster-sep-boostback: nose and flight path diverge by up to 134°
gate	Gate	2026-10-02T22:18:50.4882251Z 
gate	Gate	2026-10-02T22:18:50.6247747Z ^[[90mstdout^[[2m | tests/view/motion-cues.test.ts^[[2m > ^[[22m^[[2mthe flight-path marker^[[2m > ^[[22m^[[2mrtls-boostback: the marker never disagrees with the state vector
gate	Gate	2026-10-02T22:18:50.6277038Z ^[[22m^[[39mrtls-boostback: nose and flight path diverge by up to 179°
gate	Gate	2026-10-02T22:18:50.6306061Z 
gate	Gate	2026-10-02T22:18:51.2737379Z Not implemented: HTMLCanvasElement's getContext() method: without installing the canvas npm package
gate	Gate	2026-10-02T22:18:51.3247615Z  ^[[32m✓^[[39m ^[[30m^[[42m unit ^[[49m^[[39m tests/view/terrain.test.ts ^[[2m(^[[22m^[[2m11 tests^[[22m^[[2m)^[[22m^[[32m 251^[[2mms^[[22m^[[39m
gate	Gate	2026-10-02T22:18:52.5772004Z  ^[[32m✓^[[39m ^[[30m^[[42m unit ^[[49m^[[39m tests/ui/shell/Hud.test.tsx ^[[2m(^[[22m^[[2m9 tests^[[22m^[[2m)^[[22m^[[33m 926^[[2mms^[[22m^[[39m
gate	Gate	2026-10-02T22:18:52.5797357Z      ^[[33m^[[2m✓^[[22m^[[39m gives its zone to the debrief once the flight has ended, and takes it back ^[[33m 424^[[2mms^[[22m^[[39m
gate	Gate	2026-10-02T22:18:52.8645494Z ^[[90mstdout^[[2m | tests/view/motion-cues.test.ts^[[2m > ^[[22m^[[2mthe flight-path marker^[[2m > ^[[22m^[[2mreentry-autoland: the marker never disagrees with the state vector
gate	Gate	2026-10-02T22:18:52.8667452Z ^[[22m^[[39mreentry-autoland: nose and flight path diverge by up to 180°
gate	Gate	2026-10-02T22:18:52.8672749Z 
gate	Gate	2026-10-02T22:18:53.1328149Z  ^[[32m✓^[[39m ^[[30m^[[42m unit ^[[49m^[[39m tests/core/step.test.ts ^[[2m(^[[22m^[[2m15 tests^[[22m^[[2m)^[[22m^[[33m 366^[[2mms^[[22m^[[39m
gate	Gate	2026-10-02T22:18:53.3758905Z ^[[90mstdout^[[2m | tests/view/motion-cues.test.ts^[[2m > ^[[22m^[[2mthe flight-path marker^[[2m > ^[[22m^[[2mbefore-flip-autoland: the marker never disagrees with the state vector
gate	Gate	2026-10-02T22:18:53.3796805Z ^[[22m^[[39mbefore-flip-autoland: nose and flight path diverge by up to 180°
gate	Gate	2026-10-02T22:18:53.3825943Z 
gate	Gate	2026-10-02T22:18:53.4309213Z ^[[90mstdout^[[2m | tests/view/motion-cues.test.ts^[[2m > ^[[22m^[[2mthe flight-path marker^[[2m > ^[[22m^[[2mlanding-burn-autoland: the marker never disagrees with the state vector
gate	Gate	2026-10-02T22:18:53.4311654Z ^[[22m^[[39mlanding-burn-autoland: nose and flight path diverge by up to 180°
gate	Gate	2026-10-02T22:18:53.4312486Z 
gate	Gate	2026-10-02T22:18:53.4869323Z ^[[90mstdout^[[2m | tests/view/motion-cues.test.ts^[[2m > ^[[22m^[[2mthe flight-path marker^[[2m > ^[[22m^[[2mlanding-burn-headwind: the marker never disagrees with the state vector
gate	Gate	2026-10-02T22:18:53.4874194Z ^[[22m^[[39mlanding-burn-headwind: nose and flight path diverge by up to 180°
gate	Gate	2026-10-02T22:18:53.4875451Z 
gate	Gate	2026-10-02T22:18:53.5271480Z ^[[90mstdout^[[2m | tests/view/motion-cues.test.ts^[[2m > ^[[22m^[[2mthe flight-path marker^[[2m > ^[[22m^[[2mintro-demo: the marker never disagrees with the state vector
gate	Gate	2026-10-02T22:18:53.5274956Z ^[[22m^[[39mintro-demo: nose and flight path diverge by up to 180°
gate	Gate	2026-10-02T22:18:53.5276357Z 
gate	Gate	2026-10-02T22:18:55.0797827Z Not implemented: HTMLCanvasElement's getContext() method: without installing the canvas npm package
gate	Gate	2026-10-02T22:18:55.0887663Z  ^[[32m✓^[[39m ^[[30m^[[42m unit ^[[49m^[[39m tests/view/motion-cues.test.ts ^[[2m(^[[22m^[[2m19 tests^[[22m^[[2m)^[[22m^[[33m 9003^[[2mms^[[22m^[[39m
gate	Gate	2026-10-02T22:18:55.0889425Z      ^[[33m^[[2m✓^[[22m^[[39m reports where the streaks are silent and where they blow ^[[33m 3922^[[2mms^[[22m^[[39m
gate	Gate	2026-10-02T22:18:55.0891302Z      ^[[33m^[[2m✓^[[22m^[[39m reentry-autoland: the marker never disagrees with the state vector ^[[33m 2240^[[2mms^[[22m^[[39m
gate	Gate	2026-10-02T22:18:55.0929367Z      ^[[33m^[[2m✓^[[22m^[[39m before-flip-autoland: the marker never disagrees with the state vector ^[[33m 510^[[2mms^[[22m^[[39m
gate	Gate	2026-10-02T22:18:55.0931772Z      ^[[33m^[[2m✓^[[22m^[[39m the divergence is real on at least one scenario, or this draws nothing ^[[33m 1559^[[2mms^[[22m^[[39m
gate	Gate	2026-10-02T22:18:55.5325164Z  ^[[32m✓^[[39m ^[[30m^[[42m unit ^[[49m^[[39m tests/ui/shell/Debrief.test.tsx ^[[2m(^[[22m^[[2m10 tests^[[22m^[[2m)^[[22m^[[33m 370^[[2mms^[[22m^[[39m
gate	Gate	2026-10-02T22:18:56.2773139Z  ^[[32m✓^[[39m ^[[30m^[[42m unit ^[[49m^[[39m tests/view/atmosphere-look.test.ts ^[[2m(^[[22m^[[2m22 tests^[[22m^[[2m)^[[22m^[[33m 4311^[[2mms^[[22m^[[39m
gate	Gate	2026-10-02T22:18:56.2775053Z      ^[[33m^[[2m✓^[[22m^[[39m rises monotonically between the two ^[[33m 4167^[[2mms^[[22m^[[39m
gate	Gate	2026-10-02T22:18:56.5458482Z  ^[[32m✓^[[39m ^[[30m^[[42m unit ^[[49m^[[39m tests/hud/binder.test.ts ^[[2m(^[[22m^[[2m9 tests^[[22m^[[2m)^[[22m^[[33m 1174^[[2mms^[[22m^[[39m
gate	Gate	2026-10-02T22:18:56.5460566Z      ^[[33m^[[2m✓^[[22m^[[39m a real flight writes a small fraction of what an undiffed binder would ^[[33m 1130^[[2mms^[[22m^[[39m
gate	Gate	2026-10-02T22:18:56.6431543Z ^[[90mstdout^[[2m | tests/audio/render.test.ts^[[2m > ^[[22m^[[2mthe engine is louder at 100% than at 40% — measured, not asserted^[[2m > ^[[22m^[[2mrises with throttle
gate	Gate	2026-10-02T22:18:56.6479600Z ^[[22m^[[39mthree engines: 40% RMS 0.09131 · 100% RMS 0.13051
gate	Gate	2026-10-02T22:18:56.6535455Z 
gate	Gate	2026-10-02T22:18:56.6603519Z ^[[90mstdout^[[2m | tests/audio/render.test.ts^[[2m > ^[[22m^[[2mthe engine is louder at 100% than at 40% — measured, not asserted^[[2m > ^[[22m^[[2mrises with engine count
gate	Gate	2026-10-02T22:18:56.6611601Z ^[[22m^[[39mat 100%: one engine RMS 0.07535 · three RMS 0.13051
gate	Gate	2026-10-02T22:18:56.6656142Z 
gate	Gate	2026-10-02T22:18:56.6719797Z ^[[90mstdout^[[2m | tests/audio/render.test.ts^[[2m > ^[[22m^[[2mthe engine is louder at 100% than at 40% — measured, not asserted^[[2m > ^[[22m^[[2mdistinguishes three engines at 40% from two at 100%
gate	Gate	2026-10-02T22:18:56.6721683Z ^[[22m^[[39mthree at 40% RMS 0.09131 · two at 100% RMS 0.10656
gate	Gate	2026-10-02T22:18:56.6745957Z 
gate	Gate	2026-10-02T22:18:56.6770833Z ^[[90mstdout^[[2m | tests/audio/render.test.ts^[[2m > ^[[22m^[[2mthe air fade, rendered^[[2m > ^[[22m^[[2mfalls toward its floor in vacuum without reaching silence
gate	Gate	2026-10-02T22:18:56.6797134Z ^[[22m^[[39msea level RMS 0.13051 · vacuum RMS 0.02871 · ratio 0.2200 against a floor of 0.22
gate	Gate	2026-10-02T22:18:56.6820303Z 
gate	Gate	2026-10-02T22:18:56.7127722Z  ^[[32m✓^[[39m ^[[30m^[[42m unit ^[[49m^[[39m tests/audio/render.test.ts ^[[2m(^[[22m^[[2m7 tests^[[22m^[[2m)^[[22m^[[32m 86^[[2mms^[[22m^[[39m
gate	Gate	2026-10-02T22:18:56.9949902Z  ^[[32m✓^[[39m ^[[30m^[[42m unit ^[[49m^[[39m tests/core/rng.test.ts ^[[2m(^[[22m^[[2m15 tests^[[22m^[[2m)^[[22m^[[33m 1224^[[2mms^[[22m^[[39m
gate	Gate	2026-10-02T22:18:56.9993035Z      ^[[33m^[[2m✓^[[22m^[[39m stays in [0, 1) ^[[33m 1059^[[2mms^[[22m^[[39m
gate	Gate	2026-10-02T22:18:57.0557645Z  ^[[32m✓^[[39m ^[[30m^[[42m unit ^[[49m^[[39m tests/ui/controls.test.ts ^[[2m(^[[22m^[[2m20 tests^[[22m^[[2m)^[[22m^[[32m 69^[[2mms^[[22m^[[39m
gate	Gate	2026-10-02T22:18:57.2857993Z  ^[[32m✓^[[39m ^[[30m^[[42m unit ^[[49m^[[39m tests/hud/timeline-binder.test.ts ^[[2m(^[[22m^[[2m8 tests^[[22m^[[2m)^[[22m^[[33m 458^[[2mms^[[22m^[[39m
gate	Gate	2026-10-02T22:18:57.7130471Z  ^[[32m✓^[[39m ^[[30m^[[42m unit ^[[49m^[[39m tests/core/rotating-frame.test.ts ^[[2m(^[[22m^[[2m13 tests^[[22m^[[2m)^[[22m^[[32m 115^[[2mms^[[22m^[[39m
gate	Gate	2026-10-02T22:18:57.8370988Z ^[[90mstdout^[[2m | tests/audio/transients.test.ts^[[2m > ^[[22m^[[2mthe latch fires once per event^[[2m > ^[[22m^[[2mlaunch-pad-takeoff
gate	Gate	2026-10-02T22:18:57.8372801Z ^[[22m^[[39mlaunch-pad-takeoff: ignition x3
gate	Gate	2026-10-02T22:18:57.8373398Z 
gate	Gate	2026-10-02T22:18:58.1197055Z ^[[90mstdout^[[2m | tests/audio/transients.test.ts^[[2m > ^[[22m^[[2mthe latch fires once per event^[[2m > ^[[22m^[[2mbooster-sep-boostback
gate	Gate	2026-10-02T22:18:58.1226613Z ^[[22m^[[39mbooster-sep-boostback: ignition x3
gate	Gate	2026-10-02T22:18:58.1256110Z 
gate	Gate	2026-10-02T22:18:58.3770478Z ^[[90mstdout^[[2m | tests/audio/transients.test.ts^[[2m > ^[[22m^[[2mthe latch fires once per event^[[2m > ^[[22m^[[2mrtls-boostback
gate	Gate	2026-10-02T22:18:58.3796986Z ^[[22m^[[39mrtls-boostback: ignition x6, shutdown x6
gate	Gate	2026-10-02T22:18:58.3807862Z 
gate	Gate	2026-10-02T22:18:59.7361182Z Not implemented: HTMLCanvasElement's getContext() method: without installing the canvas npm package
gate	Gate	2026-10-02T22:19:00.4097863Z  ^[[32m✓^[[39m ^[[30m^[[42m unit ^[[49m^[[39m tests/ui/shell/StatusBar.test.tsx ^[[2m(^[[22m^[[2m9 tests^[[22m^[[2m)^[[22m^[[33m 584^[[2mms^[[22m^[[39m
gate	Gate	2026-10-02T22:19:00.4117366Z      ^[[33m^[[2m✓^[[22m^[[39m renders the wordmark, the scenario, the clock readout and every chrome control once ^[[33m 302^[[2mms^[[22m^[[39m
gate	Gate	2026-10-02T22:19:00.5741080Z ^[[90mstdout^[[2m | tests/audio/transients.test.ts^[[2m > ^[[22m^[[2mthe latch fires once per event^[[2m > ^[[22m^[[2mreentry-autoland
gate	Gate	2026-10-02T22:19:00.5756626Z ^[[22m^[[39mreentry-autoland: ignition x3, shutdown x3, touchdown x1
gate	Gate	2026-10-02T22:19:00.5765999Z 
gate	Gate	2026-10-02T22:19:01.0482679Z  ^[[32m✓^[[39m ^[[30m^[[42m unit ^[[49m^[[39m tests/view/sky.test.ts ^[[2m(^[[22m^[[2m17 tests^[[22m^[[2m)^[[22m^[[32m 42^[[2mms^[[22m^[[39m
gate	Gate	2026-10-02T22:19:01.0919735Z ^[[90mstdout^[[2m | tests/audio/transients.test.ts^[[2m > ^[[22m^[[2mthe latch fires once per event^[[2m > ^[[22m^[[2mbefore-flip-autoland
gate	Gate	2026-10-02T22:19:01.0953087Z ^[[22m^[[39mbefore-flip-autoland: ignition x3, shutdown x3, touchdown x1
gate	Gate	2026-10-02T22:19:01.0966350Z 
gate	Gate	2026-10-02T22:19:01.1858091Z ^[[90mstdout^[[2m | tests/audio/transients.test.ts^[[2m > ^[[22m^[[2mthe latch fires once per event^[[2m > ^[[22m^[[2mlanding-burn-autoland
gate	Gate	2026-10-02T22:19:01.1897014Z ^[[22m^[[39mlanding-burn-autoland: ignition x3, shutdown x3, touchdown x1
gate	Gate	2026-10-02T22:19:01.1926090Z 
gate	Gate	2026-10-02T22:19:01.2771515Z ^[[90mstdout^[[2m | tests/audio/transients.test.ts^[[2m > ^[[22m^[[2mthe latch fires once per event^[[2m > ^[[22m^[[2mlanding-burn-headwind
gate	Gate	2026-10-02T22:19:01.2773553Z ^[[22m^[[39mlanding-burn-headwind: ignition x3, shutdown x3, touchdown x1
gate	Gate	2026-10-02T22:19:01.2774357Z 
gate	Gate	2026-10-02T22:19:01.2821188Z  ^[[32m✓^[[39m ^[[30m^[[42m unit ^[[49m^[[39m tests/core/heat-argument.test.ts ^[[2m(^[[22m^[[2m9 tests^[[22m^[[2m)^[[22m^[[32m 14^[[2mms^[[22m^[[39m
gate	Gate	2026-10-02T22:19:01.3268450Z ^[[90mstdout^[[2m | tests/audio/transients.test.ts^[[2m > ^[[22m^[[2mthe latch fires once per event^[[2m > ^[[22m^[[2mintro-demo
gate	Gate	2026-10-02T22:19:01.3270234Z ^[[22m^[[39mintro-demo: ignition x3, shutdown x3, touchdown x1
gate	Gate	2026-10-02T22:19:01.3271061Z 
gate	Gate	2026-10-02T22:19:01.4598251Z  ^[[32m✓^[[39m ^[[30m^[[42m unit ^[[49m^[[39m tests/audio/transients.test.ts ^[[2m(^[[22m^[[2m16 tests^[[22m^[[2m)^[[22m^[[33m 3991^[[2mms^[[22m^[[39m
gate	Gate	2026-10-02T22:19:01.4600606Z      ^[[33m^[[2m✓^[[22m^[[39m launch-pad-takeoff ^[[33m 371^[[2mms^[[22m^[[39m
gate	Gate	2026-10-02T22:19:01.4601774Z      ^[[33m^[[2m✓^[[22m^[[39m reentry-autoland ^[[33m 2198^[[2mms^[[22m^[[39m
gate	Gate	2026-10-02T22:19:01.4602956Z      ^[[33m^[[2m✓^[[22m^[[39m before-flip-autoland ^[[33m 516^[[2mms^[[22m^[[39m
gate	Gate	2026-10-02T22:19:01.6960935Z  ^[[32m✓^[[39m ^[[30m^[[42m unit ^[[49m^[[39m tests/core/rvac.test.ts ^[[2m(^[[22m^[[2m13 tests^[[22m^[[2m)^[[22m^[[32m 16^[[2mms^[[22m^[[39m
gate	Gate	2026-10-02T22:19:02.1907689Z  ^[[32m✓^[[39m ^[[30m^[[42m unit ^[[49m^[[39m tests/app/recorder.test.ts ^[[2m(^[[22m^[[2m12 tests^[[22m^[[2m)^[[22m^[[32m 234^[[2mms^[[22m^[[39m
gate	Gate	2026-10-02T22:19:02.5582930Z  ^[[32m✓^[[39m ^[[30m^[[42m unit ^[[49m^[[39m tests/budget.test.ts ^[[2m(^[[22m^[[2m11 tests^[[22m^[[2m)^[[22m^[[32m 166^[[2mms^[[22m^[[39m
gate	Gate	2026-10-02T22:19:02.8719654Z  ^[[32m✓^[[39m ^[[30m^[[42m unit ^[[49m^[[39m tests/core/collapsed-trig.test.ts ^[[2m(^[[22m^[[2m11 tests^[[22m^[[2m)^[[22m^[[32m 123^[[2mms^[[22m^[[39m
gate	Gate	2026-10-02T22:19:03.0616845Z  ^[[32m✓^[[39m ^[[30m^[[42m unit ^[[49m^[[39m tests/ui/no-neumorphism.test.ts ^[[2m(^[[22m^[[2m5 tests^[[22m^[[2m)^[[22m^[[32m 31^[[2mms^[[22m^[[39m
gate	Gate	2026-10-02T22:19:03.3457734Z  ^[[32m✓^[[39m ^[[30m^[[42m unit ^[[49m^[[39m tests/core/pitch-rate.test.ts ^[[2m(^[[22m^[[2m11 tests^[[22m^[[2m)^[[22m^[[32m 104^[[2mms^[[22m^[[39m
gate	Gate	2026-10-02T22:19:03.5448463Z  ^[[32m✓^[[39m ^[[30m^[[42m unit ^[[49m^[[39m tests/core/rcs-dead-zone.test.ts ^[[2m(^[[22m^[[2m7 tests^[[22m^[[2m)^[[22m^[[33m 1995^[[2mms^[[22m^[[39m
gate	Gate	2026-10-02T22:19:03.5450486Z      ^[[33m^[[2m✓^[[22m^[[39m and then HOLDS it, rather than carrying on rotating ^[[33m 1102^[[2mms^[[22m^[[39m
gate	Gate	2026-10-02T22:19:03.5452331Z      ^[[33m^[[2m✓^[[22m^[[39m the thrusters fire below saturation, not only at the cap ^[[33m 469^[[2mms^[[22m^[[39m
gate	Gate	2026-10-02T22:19:03.9707750Z  ^[[32m✓^[[39m ^[[30m^[[42m unit ^[[49m^[[39m tests/ui/contrast.test.ts ^[[2m(^[[22m^[[2m12 tests^[[22m^[[2m)^[[22m^[[32m 13^[[2mms^[[22m^[[39m
gate	Gate	2026-10-02T22:19:04.1734546Z  ^[[32m✓^[[39m ^[[30m^[[42m unit ^[[49m^[[39m tests/core/failure-freshness.test.ts ^[[2m(^[[22m^[[2m7 tests^[[22m^[[2m)^[[22m^[[32m 10^[[2mms^[[22m^[[39m
gate	Gate	2026-10-02T22:19:04.6387797Z  ^[[32m✓^[[39m ^[[30m^[[42m unit ^[[49m^[[39m tests/hud/indicators.test.ts ^[[2m(^[[22m^[[2m8 tests^[[22m^[[2m)^[[22m^[[32m 232^[[2mms^[[22m^[[39m
gate	Gate	2026-10-02T22:19:05.2267715Z  ^[[32m✓^[[39m ^[[30m^[[42m unit ^[[49m^[[39m tests/view/lighting.test.ts ^[[2m(^[[22m^[[2m9 tests^[[22m^[[2m)^[[22m^[[32m 20^[[2mms^[[22m^[[39m
gate	Gate	2026-10-02T22:19:05.6194754Z  ^[[32m✓^[[39m ^[[30m^[[42m unit ^[[49m^[[39m tests/lint-walls/walls.test.ts ^[[2m(^[[22m^[[2m14 tests^[[22m^[[2m)^[[22m^[[33m 1703^[[2mms^[[22m^[[39m
gate	Gate	2026-10-02T22:19:05.6207634Z      ^[[33m^[[2m✓^[[22m^[[39m wall 1: no view/ ui/ hud/ app/ PIXI or React imports ^[[33m 1434^[[2mms^[[22m^[[39m
gate	Gate	2026-10-02T22:19:05.9591417Z  ^[[32m✓^[[39m ^[[30m^[[42m unit ^[[49m^[[39m tests/core/speed-of-sound.test.ts ^[[2m(^[[22m^[[2m13 tests^[[22m^[[2m)^[[22m^[[32m 87^[[2mms^[[22m^[[39m
gate	Gate	2026-10-02T22:19:07.0072399Z  ^[[32m✓^[[39m ^[[30m^[[42m unit ^[[49m^[[39m tests/view/emissive-bell.test.ts ^[[2m(^[[22m^[[2m8 tests^[[22m^[[2m)^[[22m^[[32m 297^[[2mms^[[22m^[[39m
gate	Gate	2026-10-02T22:19:07.0247266Z Not implemented: HTMLCanvasElement's getContext() method: without installing the canvas npm package
gate	Gate	2026-10-02T22:19:07.4627723Z  ^[[32m✓^[[39m ^[[30m^[[42m unit ^[[49m^[[39m tests/proofs/dt-substitution.test.ts ^[[2m(^[[22m^[[2m4 tests^[[22m^[[2m)^[[22m^[[32m 265^[[2mms^[[22m^[[39m
gate	Gate	2026-10-02T22:19:07.6027170Z  ^[[32m✓^[[39m ^[[30m^[[42m unit ^[[49m^[[39m tests/ui/shell/TrajectoryCard.test.tsx ^[[2m(^[[22m^[[2m9 tests^[[22m^[[2m)^[[22m^[[33m 342^[[2mms^[[22m^[[39m
gate	Gate	2026-10-02T22:19:07.6946358Z  ^[[32m✓^[[39m ^[[30m^[[42m unit ^[[49m^[[39m tests/ui/tabular-digits.test.ts ^[[2m(^[[22m^[[2m22 tests^[[22m^[[2m)^[[22m^[[32m 12^[[2mms^[[22m^[[39m
gate	Gate	2026-10-02T22:19:07.9487831Z  ^[[32m✓^[[39m ^[[30m^[[42m unit ^[[49m^[[39m tests/ui/preferences.test.ts ^[[2m(^[[22m^[[2m6 tests^[[22m^[[2m)^[[22m^[[32m 28^[[2mms^[[22m^[[39m
gate	Gate	2026-10-02T22:19:08.5670248Z  ^[[32m✓^[[39m ^[[30m^[[42m unit ^[[49m^[[39m tests/view/reentry.test.ts ^[[2m(^[[22m^[[2m8 tests^[[22m^[[2m)^[[22m^[[32m 10^[[2mms^[[22m^[[39m
gate	Gate	2026-10-02T22:19:08.7008205Z  ^[[32m✓^[[39m ^[[30m^[[42m unit ^[[49m^[[39m tests/flies-every-scenario.test.ts ^[[2m(^[[22m^[[2m17 tests^[[22m^[[2m)^[[22m^[[33m 11449^[[2mms^[[22m^[[39m
gate	Gate	2026-10-02T22:19:08.7049773Z      ^[[33m^[[2m✓^[[22m^[[39m launch-pad flies ^[[33m 829^[[2mms^[[22m^[[39m
gate	Gate	2026-10-02T22:19:08.7056918Z      ^[[33m^[[2m✓^[[22m^[[39m booster-sep flies ^[[33m 392^[[2mms^[[22m^[[39m
gate	Gate	2026-10-02T22:19:08.7058781Z      ^[[33m^[[2m✓^[[22m^[[39m circularize flies ^[[33m 735^[[2mms^[[22m^[[39m
gate	Gate	2026-10-02T22:19:08.7060104Z      ^[[33m^[[2m✓^[[22m^[[39m deorbit flies ^[[33m 652^[[2mms^[[22m^[[39m
gate	Gate	2026-10-02T22:19:08.7061488Z      ^[[33m^[[2m✓^[[22m^[[39m booster-sep: auto-land landed ^[[33m 2013^[[2mms^[[22m^[[39m
gate	Gate	2026-10-02T22:19:08.7062938Z      ^[[33m^[[2m✓^[[22m^[[39m rtls: auto-land landed ^[[33m 1831^[[2mms^[[22m^[[39m
gate	Gate	2026-10-02T22:19:08.7064374Z      ^[[33m^[[2m✓^[[22m^[[39m before-flip: auto-land landed ^[[33m 460^[[2mms^[[22m^[[39m
gate	Gate	2026-10-02T22:19:08.7066107Z      ^[[33m^[[2m✓^[[22m^[[39m reentry: auto-land landed ^[[33m 1966^[[2mms^[[22m^[[39m
gate	Gate	2026-10-02T22:19:08.7067725Z      ^[[33m^[[2m✓^[[22m^[[39m reentry: survives the heat it now actually meets ^[[33m 2009^[[2mms^[[22m^[[39m
gate	Gate	2026-10-02T22:19:08.9401975Z  ^[[32m✓^[[39m ^[[30m^[[42m unit ^[[49m^[[39m tests/proofs/rcs-reserve.test.ts ^[[2m(^[[22m^[[2m5 tests^[[22m^[[2m)^[[22m^[[32m 7^[[2mms^[[22m^[[39m
gate	Gate	2026-10-02T22:19:09.1726183Z  ^[[32m✓^[[39m ^[[30m^[[42m unit ^[[49m^[[39m tests/hud/haptics.test.ts ^[[2m(^[[22m^[[2m8 tests^[[22m^[[2m)^[[22m^[[32m 13^[[2mms^[[22m^[[39m
gate	Gate	2026-10-02T22:19:09.8750007Z  ^[[32m✓^[[39m ^[[30m^[[42m unit ^[[49m^[[39m tests/ui/shell/BlackBoxPlots.test.ts ^[[2m(^[[22m^[[2m4 tests^[[22m^[[2m)^[[22m^[[33m 895^[[2mms^[[22m^[[39m
gate	Gate	2026-10-02T22:19:09.8767438Z      ^[[33m^[[2m✓^[[22m^[[39m draws one cell per plot, keyed by the recorder ids ^[[33m 521^[[2mms^[[22m^[[39m
gate	Gate	2026-10-02T22:19:10.3171064Z  ^[[32m✓^[[39m ^[[30m^[[42m unit ^[[49m^[[39m tests/core/random-failure.test.ts ^[[2m(^[[22m^[[2m8 tests^[[22m^[[2m)^[[22m^[[32m 147^[[2mms^[[22m^[[39m
gate	Gate	2026-10-02T22:19:11.0307612Z Not implemented: HTMLCanvasElement's getContext() method: without installing the canvas npm package
gate	Gate	2026-10-02T22:19:11.3613151Z  ^[[32m✓^[[39m ^[[30m^[[42m unit ^[[49m^[[39m tests/ui/shell/FirstFlight.test.tsx ^[[2m(^[[22m^[[2m8 tests^[[22m^[[2m)^[[22m^[[32m 99^[[2mms^[[22m^[[39m
gate	Gate	2026-10-02T22:19:11.6220459Z  ^[[32m✓^[[39m ^[[30m^[[42m unit ^[[49m^[[39m tests/hud/readouts.test.ts ^[[2m(^[[22m^[[2m9 tests^[[22m^[[2m)^[[22m^[[32m 15^[[2mms^[[22m^[[39m
gate	Gate	2026-10-02T22:19:11.8947931Z  ^[[32m✓^[[39m ^[[30m^[[42m unit ^[[49m^[[39m tests/ui/guide.test.ts ^[[2m(^[[22m^[[2m5 tests^[[22m^[[2m)^[[22m^[[32m 10^[[2mms^[[22m^[[39m
gate	Gate	2026-10-02T22:19:11.9758623Z  ^[[32m✓^[[39m ^[[30m^[[42m unit ^[[49m^[[39m tests/core/invariants.test.ts ^[[2m(^[[22m^[[2m4 tests^[[22m^[[2m)^[[22m^[[33m 2989^[[2mms^[[22m^[[39m
gate	Gate	2026-10-02T22:19:11.9760882Z      ^[[33m^[[2m✓^[[22m^[[39m every number stays finite, or is a sentinel it started as ^[[33m 896^[[2mms^[[22m^[[39m
gate	Gate	2026-10-02T22:19:11.9762810Z      ^[[33m^[[2m✓^[[22m^[[39m mass never increases, and propellant never goes negative ^[[33m 1132^[[2mms^[[22m^[[39m
gate	Gate	2026-10-02T22:19:11.9764851Z      ^[[33m^[[2m✓^[[22m^[[39m with the engines off and no wind, orbital energy never rises beyond integrator error ^[[33m 773^[[2mms^[[22m^[[39m
gate	Gate	2026-10-02T22:19:11.9907969Z Not implemented: HTMLCanvasElement's getContext() method: without installing the canvas npm package
gate	Gate	2026-10-02T22:19:12.0732294Z  ^[[32m✓^[[39m ^[[30m^[[42m unit ^[[49m^[[39m tests/ui/session.test.ts ^[[2m(^[[22m^[[2m7 tests^[[22m^[[2m)^[[22m^[[32m 13^[[2mms^[[22m^[[39m
gate	Gate	2026-10-02T22:19:12.1932260Z  ^[[32m✓^[[39m ^[[30m^[[42m unit ^[[49m^[[39m tests/app/debug.test.ts ^[[2m(^[[22m^[[2m9 tests^[[22m^[[2m)^[[22m^[[32m 20^[[2mms^[[22m^[[39m
gate	Gate	2026-10-02T22:19:12.3384871Z  ^[[32m✓^[[39m ^[[30m^[[42m unit ^[[49m^[[39m tests/core/guidance-truth.test.ts ^[[2m(^[[22m^[[2m4 tests^[[22m^[[2m)^[[22m^[[32m 103^[[2mms^[[22m^[[39m
gate	Gate	2026-10-02T22:19:12.3457287Z  ^[[32m✓^[[39m ^[[30m^[[42m unit ^[[49m^[[39m tests/core/felt-g.test.ts ^[[2m(^[[22m^[[2m4 tests^[[22m^[[2m)^[[22m^[[32m 14^[[2mms^[[22m^[[39m
gate	Gate	2026-10-02T22:19:12.6358433Z  ^[[32m✓^[[39m ^[[30m^[[42m unit ^[[49m^[[39m tests/core/tank-empty.test.ts ^[[2m(^[[22m^[[2m4 tests^[[22m^[[2m)^[[22m^[[32m 15^[[2mms^[[22m^[[39m
gate	Gate	2026-10-02T22:19:12.8408026Z  ^[[32m✓^[[39m ^[[30m^[[42m unit ^[[49m^[[39m tests/view/zoom.test.ts ^[[2m(^[[22m^[[2m7 tests^[[22m^[[2m)^[[22m^[[32m 7^[[2mms^[[22m^[[39m
gate	Gate	2026-10-02T22:19:13.0147678Z  ^[[32m✓^[[39m ^[[30m^[[42m unit ^[[49m^[[39m tests/view/post.test.ts ^[[2m(^[[22m^[[2m12 tests^[[22m^[[2m)^[[22m^[[32m 7^[[2mms^[[22m^[[39m
gate	Gate	2026-10-02T22:19:13.0532467Z  ^[[32m✓^[[39m ^[[30m^[[42m unit ^[[49m^[[39m tests/offline-classic.test.ts ^[[2m(^[[22m^[[2m3 tests^[[22m^[[2m)^[[22m^[[32m 14^[[2mms^[[22m^[[39m
gate	Gate	2026-10-02T22:19:13.2679695Z  ^[[32m✓^[[39m ^[[30m^[[42m unit ^[[49m^[[39m tests/proofs/isa-into.test.ts ^[[2m(^[[22m^[[2m1 test^[[22m^[[2m)^[[22m^[[32m 41^[[2mms^[[22m^[[39m
gate	Gate	2026-10-02T22:19:13.3121088Z  ^[[32m✓^[[39m ^[[30m^[[42m unit ^[[49m^[[39m tests/core/landing-burn.test.ts ^[[2m(^[[22m^[[2m6 tests^[[22m^[[2m)^[[22m^[[32m 10^[[2mms^[[22m^[[39m
gate	Gate	2026-10-02T22:19:13.5065297Z  ^[[32m✓^[[39m ^[[30m^[[42m unit ^[[49m^[[39m tests/ui/kit-boundary.test.ts ^[[2m(^[[22m^[[2m3 tests^[[22m^[[2m)^[[22m^[[32m 7^[[2mms^[[22m^[[39m
gate	Gate	2026-10-02T22:19:13.5151461Z  ^[[32m✓^[[39m ^[[30m^[[42m unit ^[[49m^[[39m tests/ui/testids.test.ts ^[[2m(^[[22m^[[2m6 tests^[[22m^[[2m)^[[22m^[[32m 16^[[2mms^[[22m^[[39m
gate	Gate	2026-10-02T22:19:14.7388512Z  ^[[32m✓^[[39m ^[[30m^[[42m unit ^[[49m^[[39m tests/core/random-failure-diff.test.ts ^[[2m(^[[22m^[[2m10 tests^[[22m^[[2m)^[[22m^[[33m 2314^[[2mms^[[22m^[[39m
gate	Gate	2026-10-02T22:19:14.7394943Z      ^[[33m^[[2m✓^[[22m^[[39m launch-pad is deterministic and identical across runs ^[[33m 370^[[2mms^[[22m^[[39m
gate	Gate	2026-10-02T22:19:14.7396908Z      ^[[33m^[[2m✓^[[22m^[[39m before-flip is deterministic and identical across runs ^[[33m 772^[[2mms^[[22m^[[39m
gate	Gate	2026-10-02T22:19:15.1645987Z  ^[[32m✓^[[39m ^[[30m^[[42m unit ^[[49m^[[39m tests/golden/compare.test.ts ^[[2m(^[[22m^[[2m5 tests^[[22m^[[2m)^[[22m^[[32m 167^[[2mms^[[22m^[[39m
gate	Gate	2026-10-02T22:19:15.7178595Z  ^[[32m✓^[[39m ^[[30m^[[42m unit ^[[49m^[[39m tests/view/emission-blending.test.ts ^[[2m(^[[22m^[[2m3 tests^[[22m^[[2m)^[[22m^[[32m 6^[[2mms^[[22m^[[39m
gate	Gate	2026-10-02T22:19:15.8784004Z  ^[[32m✓^[[39m ^[[30m^[[42m unit ^[[49m^[[39m tests/core/thermosphere.test.ts ^[[2m(^[[22m^[[2m10 tests^[[22m^[[2m)^[[22m^[[32m 6^[[2mms^[[22m^[[39m
gate	Gate	2026-10-02T22:19:16.0979989Z  ^[[32m✓^[[39m ^[[30m^[[42m unit ^[[49m^[[39m tests/core/final-descent-profile.test.ts ^[[2m(^[[22m^[[2m3 tests^[[22m^[[2m)^[[22m^[[32m 5^[[2mms^[[22m^[[39m
gate	Gate	2026-10-02T22:19:16.3613475Z  ^[[32m✓^[[39m ^[[30m^[[42m unit ^[[49m^[[39m tests/core/spawn-mach.test.ts ^[[2m(^[[22m^[[2m19 tests^[[22m^[[2m)^[[22m^[[32m 17^[[2mms^[[22m^[[39m
gate	Gate	2026-10-02T22:19:16.6007965Z  ^[[32m✓^[[39m ^[[30m^[[42m unit ^[[49m^[[39m tests/core/propellant.test.ts ^[[2m(^[[22m^[[2m3 tests^[[22m^[[2m)^[[22m^[[32m 7^[[2mms^[[22m^[[39m
gate	Gate	2026-10-02T22:19:16.8467113Z  ^[[32m✓^[[39m ^[[30m^[[42m unit ^[[49m^[[39m tests/reference/bands.test.ts ^[[2m(^[[22m^[[2m6 tests^[[22m^[[2m)^[[22m^[[32m 11^[[2mms^[[22m^[[39m
gate	Gate	2026-10-02T22:19:17.0847956Z  ^[[32m✓^[[39m ^[[30m^[[42m unit ^[[49m^[[39m tests/reference/ratchet.test.ts ^[[2m(^[[22m^[[2m3 tests^[[22m^[[2m)^[[22m^[[32m 10^[[2mms^[[22m^[[39m
gate	Gate	2026-10-02T22:19:17.1190419Z  ^[[32m✓^[[39m ^[[30m^[[42m unit ^[[49m^[[39m tests/core/rotating-frame-step.test.ts ^[[2m(^[[22m^[[2m2 tests^[[22m^[[2m)^[[22m^[[33m 3368^[[2mms^[[22m^[[39m
gate	Gate	2026-10-02T22:19:17.1193067Z      ^[[33m^[[2m✓^[[22m^[[39m a circular inertial orbit stays circular when flown at its ground-relative speed ^[[33m 1530^[[2mms^[[22m^[[39m
gate	Gate	2026-10-02T22:19:17.1195290Z      ^[[33m^[[2m✓^[[22m^[[39m a body at the synchronous radius with no ground speed stays over the same point ^[[33m 1835^[[2mms^[[22m^[[39m
gate	Gate	2026-10-02T22:19:17.4176054Z  ^[[32m✓^[[39m ^[[30m^[[42m unit ^[[49m^[[39m tests/ui/shell/fields-presets.test.ts ^[[2m(^[[22m^[[2m9 tests^[[22m^[[2m)^[[22m^[[32m 9^[[2mms^[[22m^[[39m
gate	Gate	2026-10-02T22:19:18.1749637Z  ^[[32m✓^[[39m ^[[30m^[[42m unit ^[[49m^[[39m tests/core/engine-out-landings.test.ts ^[[2m(^[[22m^[[2m4 tests^[[22m^[[2m)^[[22m^[[33m 858^[[2mms^[[22m^[[39m
gate	Gate	2026-10-02T22:19:18.1751342Z      ^[[33m^[[2m✓^[[22m^[[39m before-flip-autoland/one-out: landed ^[[33m 423^[[2mms^[[22m^[[39m
gate	Gate	2026-10-02T22:19:18.1752550Z      ^[[33m^[[2m✓^[[22m^[[39m before-flip-autoland/two-out: landed ^[[33m 346^[[2mms^[[22m^[[39m
gate	Gate	2026-10-02T22:19:29.7056926Z  ^[[32m✓^[[39m ^[[30m^[[42m unit ^[[49m^[[39m tests/core/deorbit-range.test.ts ^[[2m(^[[22m^[[2m6 tests^[[22m^[[2m)^[[22m^[[33m 10638^[[2mms^[[22m^[[39m
gate	Gate	2026-10-02T22:19:29.7058065Z      ^[[33m^[[2m✓^[[22m^[[39m engine 0 out ^[[33m 3618^[[2mms^[[22m^[[39m
gate	Gate	2026-10-02T22:19:29.7058584Z      ^[[33m^[[2m✓^[[22m^[[39m engine 1 out ^[[33m 3546^[[2mms^[[22m^[[39m
gate	Gate	2026-10-02T22:19:29.7059088Z      ^[[33m^[[2m✓^[[22m^[[39m engine 2 out ^[[33m 3468^[[2mms^[[22m^[[39m
gate	Gate	2026-10-02T22:19:29.7127766Z 
gate	Gate	2026-10-02T22:19:29.7138548Z ^[[2m Test Files ^[[22m ^[[1m^[[32m151 passed^[[39m^[[22m^[[90m (151)^[[39m
gate	Gate	2026-10-02T22:19:29.7148490Z ^[[2m      Tests ^[[22m ^[[1m^[[32m1993 passed^[[39m^[[22m^[[90m (1993)^[[39m
gate	Gate	2026-10-02T22:19:29.7149634Z ^[[2m   Start at ^[[22m 22:16:40
gate	Gate	2026-10-02T22:19:29.7152588Z ^[[2m   Duration ^[[22m 168.92s^[[2m (transform 5.30s, setup 2.92s, import 56.33s, tests 356.55s, environment 40.05s)^[[22m
gate	Gate	2026-10-02T22:19:29.7154511Z 
gate	Gate	2026-10-02T22:19:29.8738674Z 
gate	Gate	2026-10-02T22:19:29.8739418Z > starship-simulator-v2@0.1.0 coverage
gate	Gate	2026-10-02T22:19:29.8740103Z > vitest run --coverage --testTimeout=120000
gate	Gate	2026-10-02T22:19:29.8740454Z 
gate	Gate	2026-10-02T22:19:30.3162946Z 
gate	Gate	2026-10-02T22:19:30.3167534Z ^[[1m^[[30m^[[46m RUN ^[[49m^[[39m^[[22m ^[[36mv4.1.11 ^[[39m^[[90m/home/runner/work/StarShipSimulator/StarShipSimulator^[[39m
gate	Gate	2026-10-02T22:19:30.3168611Z       ^[[2mCoverage enabled with ^[[22m^[[33mv8^[[39m
gate	Gate	2026-10-02T22:19:30.3169011Z 
gate	Gate	2026-10-02T22:19:33.1478445Z  ^[[32m✓^[[39m ^[[30m^[[45m kit ^[[49m^[[39m src/ui/kit/input/GamepadNavProvider.test.tsx ^[[2m(^[[22m^[[2m7 tests^[[22m^[[2m)^[[22m^[[33m 781^[[2mms^[[22m^[[39m
gate	Gate	2026-10-02T22:19:33.1503726Z    ^[[33m^[[2m✓^[[22m^[[39m routes Back and hints to the topmost mounted scope ^[[33m 338^[[2mms^[[22m^[[39m
gate	Gate	2026-10-02T22:19:33.3994809Z  ^[[32m✓^[[39m ^[[30m^[[45m kit ^[[49m^[[39m src/ui/kit/ConfirmDialog/ConfirmDialog.test.tsx ^[[2m(^[[22m^[[2m7 tests^[[22m^[[2m)^[[22m^[[33m 876^[[2mms^[[22m^[[39m
gate	Gate	2026-10-02T22:19:33.3997372Z    ^[[33m^[[2m✓^[[22m^[[39m queues requests, resolves each once, and preserves alert semantics ^[[33m 423^[[2mms^[[22m^[[39m
gate	Gate	2026-10-02T22:19:34.9328560Z  ^[[32m✓^[[39m ^[[30m^[[45m kit ^[[49m^[[39m src/ui/kit/motion/useChipPanelMorph.test.tsx ^[[2m(^[[22m^[[2m7 tests^[[22m^[[2m)^[[22m^[[33m 2439^[[2mms^[[22m^[[39m
gate	Gate	2026-10-02T22:19:34.9357343Z    ^[[33m^[[2m✓^[[22m^[[39m mounts at once, hands the frame to the shell and settles after the expansion ^[[33m 539^[[2mms^[[22m^[[39m
gate	Gate	2026-10-02T22:19:34.9386767Z    ^[[33m^[[2m✓^[[22m^[[39m ends open and consistent after a rapid open, close, open ^[[33m 463^[[2mms^[[22m^[[39m
gate	Gate	2026-10-02T22:19:34.9426927Z    ^[[33m^[[2m✓^[[22m^[[39m ends closed and unmounted after a rapid close, open, close ^[[33m 737^[[2mms^[[22m^[[39m
gate	Gate	2026-10-02T22:19:34.9456746Z    ^[[33m^[[2m✓^[[22m^[[39m kills the motion when unmounted mid-flight ^[[33m 335^[[2mms^[[22m^[[39m
gate	Gate	2026-10-02T22:19:35.0214318Z  ^[[32m✓^[[39m ^[[30m^[[45m kit ^[[49m^[[39m src/ui/kit/NumberField/NumberField.test.tsx ^[[2m(^[[22m^[[2m6 tests^[[22m^[[2m)^[[22m^[[33m 485^[[2mms^[[22m^[[39m
gate	Gate	2026-10-02T22:19:35.0227910Z      ^[[33m^[[2m✓^[[22m^[[39m keeps empty optional overrides distinct from zero without changing required-field behavior ^[[33m 341^[[2mms^[[22m^[[39m
gate	Gate	2026-10-02T22:19:35.0411888Z Not implemented: HTMLCanvasElement's getContext() method: without installing the canvas npm package
gate	Gate	2026-10-02T22:19:35.0931974Z Not implemented: HTMLCanvasElement's getContext() method: without installing the canvas npm package
gate	Gate	2026-10-02T22:19:35.1617707Z Not implemented: HTMLCanvasElement's getContext() method: without installing the canvas npm package
gate	Gate	2026-10-02T22:19:35.1981268Z Not implemented: HTMLCanvasElement's getContext() method: without installing the canvas npm package
gate	Gate	2026-10-02T22:19:35.2293987Z Not implemented: HTMLCanvasElement's getContext() method: without installing the canvas npm package
gate	Gate	2026-10-02T22:19:35.2797541Z Not implemented: HTMLCanvasElement's getContext() method: without installing the canvas npm package
gate	Gate	2026-10-02T22:19:35.3144281Z Not implemented: HTMLCanvasElement's getContext() method: without installing the canvas npm package
gate	Gate	2026-10-02T22:19:35.3607411Z Not implemented: HTMLCanvasElement's getContext() method: without installing the canvas npm package
gate	Gate	2026-10-02T22:19:35.4059955Z Not implemented: HTMLCanvasElement's getContext() method: without installing the canvas npm package
gate	Gate	2026-10-02T22:19:35.4165160Z Not implemented: HTMLCanvasElement's getContext() method: without installing the canvas npm package
gate	Gate	2026-10-02T22:19:35.4369703Z Not implemented: HTMLCanvasElement's getContext() method: without installing the canvas npm package
gate	Gate	2026-10-02T22:19:35.4459695Z Not implemented: HTMLCanvasElement's getContext() method: without installing the canvas npm package
gate	Gate	2026-10-02T22:19:35.4801376Z Not implemented: HTMLCanvasElement's getContext() method: without installing the canvas npm package
gate	Gate	2026-10-02T22:19:35.5267930Z  ^[[32m✓^[[39m ^[[30m^[[45m kit ^[[49m^[[39m src/ui/kit/BrickField/BrickField.test.tsx ^[[2m(^[[22m^[[2m15 tests^[[22m^[[2m)^[[22m^[[33m 678^[[2mms^[[22m^[[39m
gate	Gate	2026-10-02T22:19:37.4302114Z  ^[[32m✓^[[39m ^[[30m^[[45m kit ^[[49m^[[39m src/ui/kit/LoadingState/LoadingState.test.tsx ^[[2m(^[[22m^[[2m4 tests^[[22m^[[2m)^[[22m^[[33m 564^[[2mms^[[22m^[[39m
gate	Gate	2026-10-02T22:19:37.4317715Z    ^[[33m^[[2m✓^[[22m^[[39m renders valid measured progress and never derives unknown progress ^[[33m 335^[[2mms^[[22m^[[39m
gate	Gate	2026-10-02T22:19:37.4943965Z  ^[[32m✓^[[39m ^[[30m^[[45m kit ^[[49m^[[39m src/ui/kit/LoadingState/LoadingState.accessibility.test.tsx ^[[2m(^[[22m^[[2m1 test^[[22m^[[2m)^[[22m^[[33m 391^[[2mms^[[22m^[[39m
gate	Gate	2026-10-02T22:19:37.4957657Z    ^[[33m^[[2m✓^[[22m^[[39m updates one stable live region immediately outside the keyed inert animation ^[[33m 387^[[2mms^[[22m^[[39m
gate	Gate	2026-10-02T22:19:37.8644708Z  ^[[32m✓^[[39m ^[[30m^[[45m kit ^[[49m^[[39m src/ui/kit/Dialog/Dialog.test.tsx ^[[2m(^[[22m^[[2m2 tests^[[22m^[[2m)^[[22m^[[33m 446^[[2mms^[[22m^[[39m
gate	Gate	2026-10-02T22:19:37.8647713Z    ^[[33m^[[2m✓^[[22m^[[39m uses the safe viewport shell and keeps one scroll owner ^[[33m 379^[[2mms^[[22m^[[39m
gate	Gate	2026-10-02T22:19:39.5147063Z  ^[[32m✓^[[39m ^[[30m^[[45m kit ^[[49m^[[39m src/ui/kit/BrickField/brickMotion.test.ts ^[[2m(^[[22m^[[2m8 tests^[[22m^[[2m)^[[22m^[[33m 588^[[2mms^[[22m^[[39m
gate	Gate	2026-10-02T22:19:39.6205992Z  ^[[32m✓^[[39m ^[[30m^[[45m kit ^[[49m^[[39m src/ui/kit/Tile/Tile.test.tsx ^[[2m(^[[22m^[[2m1 test^[[22m^[[2m)^[[22m^[[33m 427^[[2mms^[[22m^[[39m
gate	Gate	2026-10-02T22:19:39.6207865Z    ^[[33m^[[2m✓^[[22m^[[39m exposes selection independently from activation and preserves native disabled behavior ^[[33m 423^[[2mms^[[22m^[[39m
gate	Gate	2026-10-02T22:19:39.9906589Z  ^[[32m✓^[[39m ^[[30m^[[45m kit ^[[49m^[[39m src/ui/kit/FieldStatus/FieldStatus.test.tsx ^[[2m(^[[22m^[[2m2 tests^[[22m^[[2m)^[[22m^[[33m 337^[[2mms^[[22m^[[39m
gate	Gate	2026-10-02T22:19:41.5777936Z  ^[[32m✓^[[39m ^[[30m^[[45m kit ^[[49m^[[39m src/ui/kit/FormRow/FormRow.test.tsx ^[[2m(^[[22m^[[2m2 tests^[[22m^[[2m)^[[22m^[[33m 381^[[2mms^[[22m^[[39m
gate	Gate	2026-10-02T22:19:41.5786335Z      ^[[33m^[[2m✓^[[22m^[[39m keeps composite rows as visible text without inventing one control association ^[[33m 307^[[2mms^[[22m^[[39m
gate	Gate	2026-10-02T22:19:41.7114224Z  ^[[32m✓^[[39m ^[[30m^[[45m kit ^[[49m^[[39m src/ui/kit/motion/effects.test.ts ^[[2m(^[[22m^[[2m7 tests^[[22m^[[2m)^[[22m^[[33m 398^[[2mms^[[22m^[[39m
gate	Gate	2026-10-02T22:19:42.1000863Z  ^[[32m✓^[[39m ^[[30m^[[45m kit ^[[49m^[[39m src/ui/kit/ConnectedMedia/ConnectedMedia.test.tsx ^[[2m(^[[22m^[[2m3 tests^[[22m^[[2m)^[[22m^[[33m 340^[[2mms^[[22m^[[39m
gate	Gate	2026-10-02T22:19:43.6007637Z  ^[[32m✓^[[39m ^[[30m^[[45m kit ^[[49m^[[39m src/ui/kit/Toggle/Toggle.test.tsx ^[[2m(^[[22m^[[2m1 test^[[22m^[[2m)^[[22m^[[32m 296^[[2mms^[[22m^[[39m
gate	Gate	2026-10-02T22:19:43.6336473Z  ^[[32m✓^[[39m ^[[30m^[[45m kit ^[[49m^[[39m src/ui/kit/input/InputOwnershipProvider.test.tsx ^[[2m(^[[22m^[[2m3 tests^[[22m^[[2m)^[[22m^[[32m 240^[[2mms^[[22m^[[39m
gate	Gate	2026-10-02T22:19:44.2272212Z  ^[[32m✓^[[39m ^[[30m^[[45m kit ^[[49m^[[39m src/ui/kit/SliderRow/SliderRow.test.tsx ^[[2m(^[[22m^[[2m2 tests^[[22m^[[2m)^[[22m^[[32m 284^[[2mms^[[22m^[[39m
gate	Gate	2026-10-02T22:19:45.6981123Z  ^[[32m✓^[[39m ^[[30m^[[45m kit ^[[49m^[[39m src/ui/kit/Button/Button.test.tsx ^[[2m(^[[22m^[[2m1 test^[[22m^[[2m)^[[22m^[[33m 316^[[2mms^[[22m^[[39m
gate	Gate	2026-10-02T22:19:45.6983609Z    ^[[33m^[[2m✓^[[22m^[[39m forwards native button behavior, attributes and refs ^[[33m 311^[[2mms^[[22m^[[39m
gate	Gate	2026-10-02T22:19:45.8022307Z  ^[[32m✓^[[39m ^[[30m^[[45m kit ^[[49m^[[39m src/ui/kit/TabStrip/TabStrip.test.tsx ^[[2m(^[[22m^[[2m1 test^[[22m^[[2m)^[[22m^[[33m 382^[[2mms^[[22m^[[39m
gate	Gate	2026-10-02T22:19:45.8024355Z    ^[[33m^[[2m✓^[[22m^[[39m preserves tab roles, selection and activation callbacks ^[[33m 378^[[2mms^[[22m^[[39m
gate	Gate	2026-10-02T22:19:46.0857764Z  ^[[32m✓^[[39m ^[[30m^[[45m kit ^[[49m^[[39m src/ui/kit/TransitionView/TransitionView.test.tsx ^[[2m(^[[22m^[[2m4 tests^[[22m^[[2m)^[[22m^[[32m 121^[[2mms^[[22m^[[39m
gate	Gate	2026-10-02T22:19:47.5327973Z  ^[[32m✓^[[39m ^[[30m^[[45m kit ^[[49m^[[39m src/ui/kit/InputLegend/InputLegend.test.tsx ^[[2m(^[[22m^[[2m2 tests^[[22m^[[2m)^[[22m^[[32m 77^[[2mms^[[22m^[[39m
gate	Gate	2026-10-02T22:19:47.7237934Z  ^[[32m✓^[[39m ^[[30m^[[45m kit ^[[49m^[[39m src/ui/kit/motion/useMotionTimeline.test.tsx ^[[2m(^[[22m^[[2m3 tests^[[22m^[[2m)^[[22m^[[32m 45^[[2mms^[[22m^[[39m
gate	Gate	2026-10-02T22:19:47.8368136Z  ^[[32m✓^[[39m ^[[30m^[[45m kit ^[[49m^[[39m src/ui/kit/motion/useReducedMotion.test.tsx ^[[2m(^[[22m^[[2m1 test^[[22m^[[2m)^[[22m^[[32m 32^[[2mms^[[22m^[[39m
gate	Gate	2026-10-02T22:19:48.9917646Z  ^[[32m✓^[[39m ^[[30m^[[45m kit ^[[49m^[[39m src/ui/kit/input/ownership.test.ts ^[[2m(^[[22m^[[2m16 tests^[[22m^[[2m)^[[22m^[[32m 20^[[2mms^[[22m^[[39m
gate	Gate	2026-10-02T22:19:49.3120590Z  ^[[32m✓^[[39m ^[[30m^[[45m kit ^[[49m^[[39m src/ui/kit/BrickField/renderer.test.ts ^[[2m(^[[22m^[[2m3 tests^[[22m^[[2m)^[[22m^[[32m 32^[[2mms^[[22m^[[39m
gate	Gate	2026-10-02T22:19:49.4020563Z  ^[[32m✓^[[39m ^[[30m^[[45m kit ^[[49m^[[39m src/ui/kit/internal/utils.test.ts ^[[2m(^[[22m^[[2m1 test^[[22m^[[2m)^[[22m^[[32m 18^[[2mms^[[22m^[[39m
gate	Gate	2026-10-02T22:19:50.6497821Z  ^[[32m✓^[[39m ^[[30m^[[45m kit ^[[49m^[[39m src/ui/kit/BrickField/gpuTimer.test.ts ^[[2m(^[[22m^[[2m3 tests^[[22m^[[2m)^[[22m^[[32m 14^[[2mms^[[22m^[[39m
gate	Gate	2026-10-02T22:19:50.9227548Z  ^[[32m✓^[[39m ^[[30m^[[45m kit ^[[49m^[[39m src/ui/kit/styles/motion.test.ts ^[[2m(^[[22m^[[2m1 test^[[22m^[[2m)^[[22m^[[32m 6^[[2mms^[[22m^[[39m
gate	Gate	2026-10-02T22:19:51.4993125Z  ^[[32m✓^[[39m ^[[30m^[[45m kit ^[[49m^[[39m src/ui/kit/public-api.test.ts ^[[2m(^[[22m^[[2m1 test^[[22m^[[2m)^[[22m^[[32m 8^[[2mms^[[22m^[[39m
gate	Gate	2026-10-02T22:21:37.7755543Z ^[[90mstdout^[[2m | tests/view/perf.test.ts^[[2m > ^[[22m^[[2mparticle pool headroom, with the velocity streaks added^[[2m > ^[[22m^[[2mreports peak usage across all seven scenarios against the 576 baseline
gate	Gate	2026-10-02T22:21:37.7780142Z ^[[22m^[[39mlaunch-pad-takeoff: peak 750 · booster-sep-boostback: peak 492 · rtls-boostback: peak 536 · reentry-autoland: peak 631 · before-flip-autoland: peak 639 · landing-burn-autoland: peak 644 · landing-burn-headwind: peak 648 · intro-demo: peak 651
gate	Gate	2026-10-02T22:21:37.7796976Z    worst 750 of 4000 (81% free), at launch-pad-takeoff; baseline before M7.5 was 576
gate	Gate	2026-10-02T22:21:37.7797847Z 
gate	Gate	2026-10-02T22:21:48.4630185Z  ^[[32m✓^[[39m ^[[30m^[[42m unit ^[[49m^[[39m tests/view/perf.test.ts ^[[2m(^[[22m^[[2m8 tests^[[22m^[[2m)^[[22m^[[33m 116146^[[2mms^[[22m^[[39m
gate	Gate	2026-10-02T22:21:48.4647009Z      ^[[33m^[[2m✓^[[22m^[[39m the particle pool is fixed for the life of the system ^[[33m 8720^[[2mms^[[22m^[[39m
gate	Gate	2026-10-02T22:21:48.4648590Z      ^[[33m^[[2m✓^[[22m^[[39m the M6.7 and M7.5 effects do not grow it either ^[[33m 30048^[[2mms^[[22m^[[39m
gate	Gate	2026-10-02T22:21:48.4650190Z      ^[[33m^[[2m✓^[[22m^[[39m a long flight does not grow the heap without bound ^[[33m 636^[[2mms^[[22m^[[39m
gate	Gate	2026-10-02T22:21:48.4651876Z      ^[[33m^[[2m✓^[[22m^[[39m reports peak usage across all seven scenarios against the 576 baseline ^[[33m 65726^[[2mms^[[22m^[[39m
gate	Gate	2026-10-02T22:21:48.4653530Z      ^[[33m^[[2m✓^[[22m^[[39m the shock-banded core does not grow the pool either ^[[33m 10634^[[2mms^[[22m^[[39m
gate	Gate	2026-10-02T22:21:52.7861324Z  ^[[32m✓^[[39m ^[[30m^[[42m unit ^[[49m^[[39m tests/app/view-clock.test.ts ^[[2m(^[[22m^[[2m56 tests^[[22m^[[2m)^[[22m^[[33m 121491^[[2mms^[[22m^[[39m
gate	Gate	2026-10-02T22:21:52.7882235Z      ^[[33m^[[2m✓^[[22m^[[39m launch-pad-takeoff, with frames dropping ^[[33m 650^[[2mms^[[22m^[[39m
gate	Gate	2026-10-02T22:21:52.7884065Z      ^[[33m^[[2m✓^[[22m^[[39m booster-sep-boostback, with frames dropping ^[[33m 568^[[2mms^[[22m^[[39m
gate	Gate	2026-10-02T22:21:52.7885854Z      ^[[33m^[[2m✓^[[22m^[[39m rtls-boostback, with frames dropping ^[[33m 410^[[2mms^[[22m^[[39m
gate	Gate	2026-10-02T22:21:52.7887551Z      ^[[33m^[[2m✓^[[22m^[[39m reentry-autoland, with frames dropping ^[[33m 4364^[[2mms^[[22m^[[39m
gate	Gate	2026-10-02T22:21:52.7889032Z      ^[[33m^[[2m✓^[[22m^[[39m before-flip-autoland, with frames dropping ^[[33m 1049^[[2mms^[[22m^[[39m
gate	Gate	2026-10-02T22:21:52.7890409Z      ^[[33m^[[2m✓^[[22m^[[39m launch-pad-takeoff, at 9x warp ^[[33m 332^[[2mms^[[22m^[[39m
gate	Gate	2026-10-02T22:21:52.7891723Z      ^[[33m^[[2m✓^[[22m^[[39m booster-sep-boostback, at 9x warp ^[[33m 601^[[2mms^[[22m^[[39m
gate	Gate	2026-10-02T22:21:52.7892984Z      ^[[33m^[[2m✓^[[22m^[[39m rtls-boostback, at 9x warp ^[[33m 596^[[2mms^[[22m^[[39m
gate	Gate	2026-10-02T22:21:52.7894265Z      ^[[33m^[[2m✓^[[22m^[[39m reentry-autoland, at 9x warp ^[[33m 6765^[[2mms^[[22m^[[39m
gate	Gate	2026-10-02T22:21:52.7896205Z      ^[[33m^[[2m✓^[[22m^[[39m before-flip-autoland, at 9x warp ^[[33m 1045^[[2mms^[[22m^[[39m
gate	Gate	2026-10-02T22:21:52.7930238Z      ^[[33m^[[2m✓^[[22m^[[39m booster-sep-boostback, at 1/9 speed ^[[33m 337^[[2mms^[[22m^[[39m
gate	Gate	2026-10-02T22:21:52.7931750Z      ^[[33m^[[2m✓^[[22m^[[39m rtls-boostback, at 1/9 speed ^[[33m 319^[[2mms^[[22m^[[39m
gate	Gate	2026-10-02T22:21:52.7933203Z      ^[[33m^[[2m✓^[[22m^[[39m reentry-autoland, at 1/9 speed ^[[33m 4431^[[2mms^[[22m^[[39m
gate	Gate	2026-10-02T22:21:52.7934808Z      ^[[33m^[[2m✓^[[22m^[[39m before-flip-autoland, at 1/9 speed ^[[33m 1031^[[2mms^[[22m^[[39m
gate	Gate	2026-10-02T22:21:52.7937132Z      ^[[33m^[[2m✓^[[22m^[[39m launch-pad-takeoff lands the camera on the same metre with a 400 ms stall every two seconds ^[[33m 426^[[2mms^[[22m^[[39m
gate	Gate	2026-10-02T22:21:52.7939294Z      ^[[33m^[[2m✓^[[22m^[[39m launch-pad-takeoff lands the camera on the same metre with 9x time warp ^[[33m 423^[[2mms^[[22m^[[39m
gate	Gate	2026-10-02T22:21:52.7941378Z      ^[[33m^[[2m✓^[[22m^[[39m launch-pad-takeoff lands the camera on the same metre with 1/9 slow motion ^[[33m 459^[[2mms^[[22m^[[39m
gate	Gate	2026-10-02T22:21:52.7943607Z      ^[[33m^[[2m✓^[[22m^[[39m booster-sep-boostback lands the camera on the same metre with a 400 ms stall every two seconds ^[[33m 613^[[2mms^[[22m^[[39m
gate	Gate	2026-10-02T22:21:52.7945988Z      ^[[33m^[[2m✓^[[22m^[[39m booster-sep-boostback lands the camera on the same metre with 9x time warp ^[[33m 582^[[2mms^[[22m^[[39m
gate	Gate	2026-10-02T22:21:52.7948129Z      ^[[33m^[[2m✓^[[22m^[[39m booster-sep-boostback lands the camera on the same metre with 1/9 slow motion ^[[33m 615^[[2mms^[[22m^[[39m
gate	Gate	2026-10-02T22:21:52.7950231Z      ^[[33m^[[2m✓^[[22m^[[39m rtls-boostback lands the camera on the same metre with a 400 ms stall every two seconds ^[[33m 581^[[2mms^[[22m^[[39m
gate	Gate	2026-10-02T22:21:52.7952283Z      ^[[33m^[[2m✓^[[22m^[[39m rtls-boostback lands the camera on the same metre with 9x time warp ^[[33m 603^[[2mms^[[22m^[[39m
gate	Gate	2026-10-02T22:21:52.7954637Z      ^[[33m^[[2m✓^[[22m^[[39m rtls-boostback lands the camera on the same metre with 1/9 slow motion ^[[33m 615^[[2mms^[[22m^[[39m
gate	Gate	2026-10-02T22:21:52.7957066Z      ^[[33m^[[2m✓^[[22m^[[39m reentry-autoland lands the camera on the same metre with a 400 ms stall every two seconds ^[[33m 8380^[[2mms^[[22m^[[39m
gate	Gate	2026-10-02T22:21:52.7959175Z      ^[[33m^[[2m✓^[[22m^[[39m reentry-autoland lands the camera on the same metre with 9x time warp ^[[33m 11591^[[2mms^[[22m^[[39m
gate	Gate	2026-10-02T22:21:52.7961153Z      ^[[33m^[[2m✓^[[22m^[[39m reentry-autoland lands the camera on the same metre with 1/9 slow motion ^[[33m 13860^[[2mms^[[22m^[[39m
gate	Gate	2026-10-02T22:21:52.7963232Z      ^[[33m^[[2m✓^[[22m^[[39m before-flip-autoland lands the camera on the same metre with a 400 ms stall every two seconds ^[[33m 3666^[[2mms^[[22m^[[39m
gate	Gate	2026-10-02T22:21:52.7965215Z      ^[[33m^[[2m✓^[[22m^[[39m before-flip-autoland lands the camera on the same metre with 9x time warp ^[[33m 3620^[[2mms^[[22m^[[39m
gate	Gate	2026-10-02T22:21:52.7967472Z      ^[[33m^[[2m✓^[[22m^[[39m before-flip-autoland lands the camera on the same metre with 1/9 slow motion ^[[33m 3684^[[2mms^[[22m^[[39m
gate	Gate	2026-10-02T22:21:52.7969520Z      ^[[33m^[[2m✓^[[22m^[[39m landing-burn-autoland lands the camera on the same metre with a 400 ms stall every two seconds ^[[33m 394^[[2mms^[[22m^[[39m
gate	Gate	2026-10-02T22:21:52.7971520Z      ^[[33m^[[2m✓^[[22m^[[39m landing-burn-autoland lands the camera on the same metre with 9x time warp ^[[33m 389^[[2mms^[[22m^[[39m
gate	Gate	2026-10-02T22:21:52.7973409Z      ^[[33m^[[2m✓^[[22m^[[39m landing-burn-autoland lands the camera on the same metre with 1/9 slow motion ^[[33m 416^[[2mms^[[22m^[[39m
gate	Gate	2026-10-02T22:21:52.7975443Z      ^[[33m^[[2m✓^[[22m^[[39m landing-burn-headwind lands the camera on the same metre with a 400 ms stall every two seconds ^[[33m 440^[[2mms^[[22m^[[39m
gate	Gate	2026-10-02T22:21:52.7977653Z      ^[[33m^[[2m✓^[[22m^[[39m landing-burn-headwind lands the camera on the same metre with 9x time warp ^[[33m 431^[[2mms^[[22m^[[39m
gate	Gate	2026-10-02T22:21:52.7979547Z      ^[[33m^[[2m✓^[[22m^[[39m landing-burn-headwind lands the camera on the same metre with 1/9 slow motion ^[[33m 460^[[2mms^[[22m^[[39m
gate	Gate	2026-10-02T22:21:52.7981794Z      ^[[33m^[[2m✓^[[22m^[[39m intro-demo lands the camera on the same metre with a 400 ms stall every two seconds ^[[33m 394^[[2mms^[[22m^[[39m
gate	Gate	2026-10-02T22:21:52.7983877Z      ^[[33m^[[2m✓^[[22m^[[39m intro-demo lands the camera on the same metre with 9x time warp ^[[33m 390^[[2mms^[[22m^[[39m
gate	Gate	2026-10-02T22:21:52.7985811Z      ^[[33m^[[2m✓^[[22m^[[39m intro-demo lands the camera on the same metre with 1/9 slow motion ^[[33m 410^[[2mms^[[22m^[[39m
gate	Gate	2026-10-02T22:21:52.7987617Z      ^[[33m^[[2m✓^[[22m^[[39m the wall clock loses the vehicle when frames drop ^[[33m 6549^[[2mms^[[22m^[[39m
gate	Gate	2026-10-02T22:21:52.7989216Z      ^[[33m^[[2m✓^[[22m^[[39m the wall clock loses it at 9x warp, failing the other way round ^[[33m 6162^[[2mms^[[22m^[[39m
gate	Gate	2026-10-02T22:21:52.7990902Z      ^[[33m^[[2m✓^[[22m^[[39m and simulated time once per FRAME is better, but still not enough ^[[33m 8408^[[2mms^[[22m^[[39m
gate	Gate	2026-10-02T22:21:52.7992660Z      ^[[33m^[[2m✓^[[22m^[[39m all three agree when nothing goes wrong, which is why this survived ^[[33m 22996^[[2mms^[[22m^[[39m
gate	Gate	2026-10-02T22:22:32.2444603Z  ^[[32m✓^[[39m ^[[30m^[[42m unit ^[[49m^[[39m tests/core/orbit-demo.test.ts ^[[2m(^[[22m^[[2m31 tests^[[22m^[[2m)^[[22m^[[33m 120017^[[2mms^[[22m^[[39m
gate	Gate	2026-10-02T22:22:32.2449487Z      ^[[33m^[[2m✓^[[22m^[[39m a 150 km orbit holds for a full 88-minute lap ^[[33m 8655^[[2mms^[[22m^[[39m
gate	Gate	2026-10-02T22:22:32.2451592Z      ^[[33m^[[2m✓^[[22m^[[39m and 100 km still does not — which is why the presets are at 150 ^[[33m 4625^[[2mms^[[22m^[[39m
gate	Gate	2026-10-02T22:22:32.2453445Z      ^[[33m^[[2m✓^[[22m^[[39m is deterministic — the same flight twice ^[[33m 16807^[[2mms^[[22m^[[39m
gate	Gate	2026-10-02T22:22:32.2455219Z      ^[[33m^[[2m✓^[[22m^[[39m from a different starting longitude — half a lap further round ^[[33m 25188^[[2mms^[[22m^[[39m
gate	Gate	2026-10-02T22:22:32.2457074Z      ^[[33m^[[2m✓^[[22m^[[39m 100 tonnes lighter at ignition ^[[33m 15613^[[2mms^[[22m^[[39m
gate	Gate	2026-10-02T22:22:32.2458639Z      ^[[33m^[[2m✓^[[22m^[[39m with an engine already failed, so the burn is a third longer ^[[33m 16830^[[2mms^[[22m^[[39m
gate	Gate	2026-10-02T22:22:32.2460490Z      ^[[33m^[[2m✓^[[22m^[[39m from 120 km, below the presets ^[[33m 14313^[[2mms^[[22m^[[39m
gate	Gate	2026-10-02T22:22:32.2461998Z      ^[[33m^[[2m✓^[[22m^[[39m from 300 km it still lands, but the envelope is showing ^[[33m 9113^[[2mms^[[22m^[[39m
gate	Gate	2026-10-02T22:22:32.2463605Z      ^[[33m^[[2m✓^[[22m^[[39m spends the coast turning around, because RCS is slow ^[[33m 4317^[[2mms^[[22m^[[39m
gate	Gate	2026-10-02T22:22:32.2465189Z      ^[[33m^[[2m✓^[[22m^[[39m does not fire until the ground track is right ^[[33m 4461^[[2mms^[[22m^[[39m
gate	Gate	2026-10-02T22:23:00.6226977Z  ^[[32m✓^[[39m ^[[30m^[[42m unit ^[[49m^[[39m tests/hud/debrief.test.ts ^[[2m(^[[22m^[[2m52 tests^[[22m^[[2m)^[[22m^[[33m 67550^[[2mms^[[22m^[[39m
gate	Gate	2026-10-02T22:23:00.6228899Z      ^[[33m^[[2m✓^[[22m^[[39m launch-pad-takeoff ^[[33m 451^[[2mms^[[22m^[[39m
gate	Gate	2026-10-02T22:23:00.6230395Z      ^[[33m^[[2m✓^[[22m^[[39m booster-sep-boostback ^[[33m 413^[[2mms^[[22m^[[39m
gate	Gate	2026-10-02T22:23:00.6231753Z      ^[[33m^[[2m✓^[[22m^[[39m rtls-boostback ^[[33m 438^[[2mms^[[22m^[[39m
gate	Gate	2026-10-02T22:23:00.6232892Z      ^[[33m^[[2m✓^[[22m^[[39m reentry-autoland ^[[33m 4389^[[2mms^[[22m^[[39m
gate	Gate	2026-10-02T22:23:00.6234042Z      ^[[33m^[[2m✓^[[22m^[[39m before-flip-autoland ^[[33m 1112^[[2mms^[[22m^[[39m
gate	Gate	2026-10-02T22:23:00.6235162Z      ^[[33m^[[2m✓^[[22m^[[39m launch-pad-takeoff ^[[33m 435^[[2mms^[[22m^[[39m
gate	Gate	2026-10-02T22:23:00.6236524Z      ^[[33m^[[2m✓^[[22m^[[39m booster-sep-boostback ^[[33m 578^[[2mms^[[22m^[[39m
gate	Gate	2026-10-02T22:23:00.6237591Z      ^[[33m^[[2m✓^[[22m^[[39m rtls-boostback ^[[33m 586^[[2mms^[[22m^[[39m
gate	Gate	2026-10-02T22:23:00.6238610Z      ^[[33m^[[2m✓^[[22m^[[39m reentry-autoland ^[[33m 7353^[[2mms^[[22m^[[39m
gate	Gate	2026-10-02T22:23:00.6239670Z      ^[[33m^[[2m✓^[[22m^[[39m before-flip-autoland ^[[33m 1848^[[2mms^[[22m^[[39m
gate	Gate	2026-10-02T22:23:00.6240746Z      ^[[33m^[[2m✓^[[22m^[[39m launch-pad-takeoff ^[[33m 812^[[2mms^[[22m^[[39m
gate	Gate	2026-10-02T22:23:00.6241831Z      ^[[33m^[[2m✓^[[22m^[[39m booster-sep-boostback ^[[33m 1099^[[2mms^[[22m^[[39m
gate	Gate	2026-10-02T22:23:00.6242911Z      ^[[33m^[[2m✓^[[22m^[[39m rtls-boostback ^[[33m 1073^[[2mms^[[22m^[[39m
gate	Gate	2026-10-02T22:23:00.6243942Z      ^[[33m^[[2m✓^[[22m^[[39m reentry-autoland ^[[33m 14658^[[2mms^[[22m^[[39m
gate	Gate	2026-10-02T22:23:00.6245029Z      ^[[33m^[[2m✓^[[22m^[[39m before-flip-autoland ^[[33m 3526^[[2mms^[[22m^[[39m
gate	Gate	2026-10-02T22:23:00.6246851Z      ^[[33m^[[2m✓^[[22m^[[39m landing-burn-headwind ^[[33m 303^[[2mms^[[22m^[[39m
gate	Gate	2026-10-02T22:23:00.6247908Z      ^[[33m^[[2m✓^[[22m^[[39m launch-pad-takeoff ^[[33m 679^[[2mms^[[22m^[[39m
gate	Gate	2026-10-02T22:23:00.6248961Z      ^[[33m^[[2m✓^[[22m^[[39m booster-sep-boostback ^[[33m 575^[[2mms^[[22m^[[39m
gate	Gate	2026-10-02T22:23:00.6249977Z      ^[[33m^[[2m✓^[[22m^[[39m rtls-boostback ^[[33m 535^[[2mms^[[22m^[[39m
gate	Gate	2026-10-02T22:23:00.6250976Z      ^[[33m^[[2m✓^[[22m^[[39m reentry-autoland ^[[33m 12893^[[2mms^[[22m^[[39m
gate	Gate	2026-10-02T22:23:00.6252020Z      ^[[33m^[[2m✓^[[22m^[[39m before-flip-autoland ^[[33m 3549^[[2mms^[[22m^[[39m
gate	Gate	2026-10-02T22:23:00.6253076Z      ^[[33m^[[2m✓^[[22m^[[39m landing-burn-headwind ^[[33m 301^[[2mms^[[22m^[[39m
gate	Gate	2026-10-02T22:23:00.6254111Z      ^[[33m^[[2m✓^[[22m^[[39m launch-pad-takeoff ^[[33m 426^[[2mms^[[22m^[[39m
gate	Gate	2026-10-02T22:23:00.6255166Z      ^[[33m^[[2m✓^[[22m^[[39m booster-sep-boostback ^[[33m 573^[[2mms^[[22m^[[39m
gate	Gate	2026-10-02T22:23:00.6256930Z      ^[[33m^[[2m✓^[[22m^[[39m rtls-boostback ^[[33m 509^[[2mms^[[22m^[[39m
gate	Gate	2026-10-02T22:23:00.6258879Z      ^[[33m^[[2m✓^[[22m^[[39m reentry-autoland ^[[33m 4303^[[2mms^[[22m^[[39m
gate	Gate	2026-10-02T22:23:00.6266512Z      ^[[33m^[[2m✓^[[22m^[[39m before-flip-autoland ^[[33m 1043^[[2mms^[[22m^[[39m
gate	Gate	2026-10-02T22:23:03.4943167Z  ^[[32m✓^[[39m ^[[30m^[[42m unit ^[[49m^[[39m tests/core/orbit.test.ts ^[[2m(^[[22m^[[2m18 tests^[[22m^[[2m)^[[22m^[[33m 74753^[[2mms^[[22m^[[39m
gate	Gate	2026-10-02T22:23:03.4955551Z      ^[[33m^[[2m✓^[[22m^[[39m altitude holds within a kilometre over a full lap ^[[33m 11630^[[2mms^[[22m^[[39m
gate	Gate	2026-10-02T22:23:03.4958580Z      ^[[33m^[[2m✓^[[22m^[[39m speed holds within a metre per second over a full lap ^[[33m 8131^[[2mms^[[22m^[[39m
gate	Gate	2026-10-02T22:23:03.4960232Z      ^[[33m^[[2m✓^[[22m^[[39m never dips into the atmosphere or climbs away ^[[33m 13500^[[2mms^[[22m^[[39m
gate	Gate	2026-10-02T22:23:03.4961775Z      ^[[33m^[[2m✓^[[22m^[[39m completes a full revolution of downrange distance ^[[33m 13946^[[2mms^[[22m^[[39m
gate	Gate	2026-10-02T22:23:03.4963492Z      ^[[33m^[[2m✓^[[22m^[[39m specific orbital energy drifts by less than one part in a thousand ^[[33m 1582^[[2mms^[[22m^[[39m
gate	Gate	2026-10-02T22:23:03.4965209Z      ^[[33m^[[2m✓^[[22m^[[39m specific angular momentum is conserved as the vehicle climbs ^[[33m 837^[[2mms^[[22m^[[39m
gate	Gate	2026-10-02T22:23:03.4967018Z      ^[[33m^[[2m✓^[[22m^[[39m an elliptical orbit comes back down again ^[[33m 24783^[[2mms^[[22m^[[39m
gate	Gate	2026-10-02T22:23:03.4968638Z      ^[[33m^[[2m✓^[[22m^[[39m a vehicle at orbital speed holds altitude now, and could not have then ^[[33m 334^[[2mms^[[22m^[[39m
gate	Gate	2026-10-02T22:23:12.8053575Z  ^[[32m✓^[[39m ^[[30m^[[42m unit ^[[49m^[[39m tests/core/camera.test.ts ^[[2m(^[[22m^[[2m105 tests^[[22m^[[2m)^[[22m^[[33m 40159^[[2mms^[[22m^[[39m
gate	Gate	2026-10-02T22:23:12.8059128Z      ^[[33m^[[2m✓^[[22m^[[39m launch-pad-takeoff ^[[33m 438^[[2mms^[[22m^[[39m
gate	Gate	2026-10-02T22:23:12.8061274Z      ^[[33m^[[2m✓^[[22m^[[39m booster-sep-boostback ^[[33m 389^[[2mms^[[22m^[[39m
gate	Gate	2026-10-02T22:23:12.8062403Z      ^[[33m^[[2m✓^[[22m^[[39m rtls-boostback ^[[33m 547^[[2mms^[[22m^[[39m
gate	Gate	2026-10-02T22:23:12.8063522Z      ^[[33m^[[2m✓^[[22m^[[39m reentry-autoland ^[[33m 6027^[[2mms^[[22m^[[39m
gate	Gate	2026-10-02T22:23:12.8064609Z      ^[[33m^[[2m✓^[[22m^[[39m before-flip-autoland ^[[33m 1049^[[2mms^[[22m^[[39m
gate	Gate	2026-10-02T22:23:12.8066043Z      ^[[33m^[[2m✓^[[22m^[[39m launch-pad-takeoff in pad ^[[33m 342^[[2mms^[[22m^[[39m
gate	Gate	2026-10-02T22:23:12.8067316Z      ^[[33m^[[2m✓^[[22m^[[39m launch-pad-takeoff in chase ^[[33m 314^[[2mms^[[22m^[[39m
gate	Gate	2026-10-02T22:23:12.8068530Z      ^[[33m^[[2m✓^[[22m^[[39m launch-pad-takeoff in onboard ^[[33m 320^[[2mms^[[22m^[[39m
gate	Gate	2026-10-02T22:23:12.8069751Z      ^[[33m^[[2m✓^[[22m^[[39m booster-sep-boostback in pad ^[[33m 423^[[2mms^[[22m^[[39m
gate	Gate	2026-10-02T22:23:12.8070982Z      ^[[33m^[[2m✓^[[22m^[[39m booster-sep-boostback in chase ^[[33m 413^[[2mms^[[22m^[[39m
gate	Gate	2026-10-02T22:23:12.8072241Z      ^[[33m^[[2m✓^[[22m^[[39m booster-sep-boostback in onboard ^[[33m 404^[[2mms^[[22m^[[39m
gate	Gate	2026-10-02T22:23:12.8073414Z      ^[[33m^[[2m✓^[[22m^[[39m rtls-boostback in pad ^[[33m 420^[[2mms^[[22m^[[39m
gate	Gate	2026-10-02T22:23:12.8074526Z      ^[[33m^[[2m✓^[[22m^[[39m rtls-boostback in chase ^[[33m 404^[[2mms^[[22m^[[39m
gate	Gate	2026-10-02T22:23:12.8075905Z      ^[[33m^[[2m✓^[[22m^[[39m rtls-boostback in onboard ^[[33m 385^[[2mms^[[22m^[[39m
gate	Gate	2026-10-02T22:23:12.8077488Z      ^[[33m^[[2m✓^[[22m^[[39m reentry-autoland in pad ^[[33m 5082^[[2mms^[[22m^[[39m
gate	Gate	2026-10-02T22:23:12.8078644Z      ^[[33m^[[2m✓^[[22m^[[39m reentry-autoland in chase ^[[33m 5617^[[2mms^[[22m^[[39m
gate	Gate	2026-10-02T22:23:12.8079817Z      ^[[33m^[[2m✓^[[22m^[[39m reentry-autoland in onboard ^[[33m 8583^[[2mms^[[22m^[[39m
gate	Gate	2026-10-02T22:23:12.8081094Z      ^[[33m^[[2m✓^[[22m^[[39m before-flip-autoland in pad ^[[33m 1933^[[2mms^[[22m^[[39m
gate	Gate	2026-10-02T22:23:12.8082324Z      ^[[33m^[[2m✓^[[22m^[[39m before-flip-autoland in chase ^[[33m 1926^[[2mms^[[22m^[[39m
gate	Gate	2026-10-02T22:23:12.8083571Z      ^[[33m^[[2m✓^[[22m^[[39m before-flip-autoland in onboard ^[[33m 1922^[[2mms^[[22m^[[39m
gate	Gate	2026-10-02T22:23:28.6285540Z  ^[[32m✓^[[39m ^[[30m^[[42m unit ^[[49m^[[39m tests/core/angular-momentum.test.ts ^[[2m(^[[22m^[[2m8 tests^[[22m^[[2m)^[[22m^[[33m 27786^[[2mms^[[22m^[[39m
gate	Gate	2026-10-02T22:23:28.6288141Z      ^[[33m^[[2m✓^[[22m^[[39m to better than a part in ten thousand over a hundred minutes ^[[33m 10400^[[2mms^[[22m^[[39m
gate	Gate	2026-10-02T22:23:28.6291101Z      ^[[33m^[[2m✓^[[22m^[[39m and the orbit reaches the apogee the energy says it should ^[[33m 10043^[[2mms^[[22m^[[39m
gate	Gate	2026-10-02T22:23:28.6292779Z      ^[[33m^[[2m✓^[[22m^[[39m the simulation agrees to within a kilometre in five thousand ^[[33m 1069^[[2mms^[[22m^[[39m
gate	Gate	2026-10-02T22:23:28.6294445Z      ^[[33m^[[2m✓^[[22m^[[39m and the guidance's conic predicts the ground arc the simulation flies ^[[33m 966^[[2mms^[[22m^[[39m
gate	Gate	2026-10-02T22:23:28.6296518Z      ^[[33m^[[2m✓^[[22m^[[39m and CONVERGES — which is how a model error tells itself from an integrator one ^[[33m 5302^[[2mms^[[22m^[[39m
gate	Gate	2026-10-02T22:23:31.2060166Z  ^[[32m✓^[[39m ^[[30m^[[42m unit ^[[49m^[[39m tests/golden/replay.test.ts ^[[2m(^[[22m^[[2m17 tests^[[22m^[[2m)^[[22m^[[33m 27081^[[2mms^[[22m^[[39m
gate	Gate	2026-10-02T22:23:31.2086810Z      ^[[33m^[[2m✓^[[22m^[[39m replays field for field, sample for sample ^[[33m 1162^[[2mms^[[22m^[[39m
gate	Gate	2026-10-02T22:23:31.2088084Z      ^[[33m^[[2m✓^[[22m^[[39m replays field for field, sample for sample ^[[33m 1308^[[2mms^[[22m^[[39m
gate	Gate	2026-10-02T22:23:31.2089318Z      ^[[33m^[[2m✓^[[22m^[[39m replays field for field, sample for sample ^[[33m 1283^[[2mms^[[22m^[[39m
gate	Gate	2026-10-02T22:23:31.2090564Z      ^[[33m^[[2m✓^[[22m^[[39m replays field for field, sample for sample ^[[33m 11277^[[2mms^[[22m^[[39m
gate	Gate	2026-10-02T22:23:31.2091748Z      ^[[33m^[[2m✓^[[22m^[[39m replays field for field, sample for sample ^[[33m 2217^[[2mms^[[22m^[[39m
gate	Gate	2026-10-02T22:23:31.2092906Z      ^[[33m^[[2m✓^[[22m^[[39m replays field for field, sample for sample ^[[33m 534^[[2mms^[[22m^[[39m
gate	Gate	2026-10-02T22:23:31.2094057Z      ^[[33m^[[2m✓^[[22m^[[39m replays field for field, sample for sample ^[[33m 564^[[2mms^[[22m^[[39m
gate	Gate	2026-10-02T22:23:31.2095200Z      ^[[33m^[[2m✓^[[22m^[[39m replays field for field, sample for sample ^[[33m 487^[[2mms^[[22m^[[39m
gate	Gate	2026-10-02T22:23:31.2096831Z      ^[[33m^[[2m✓^[[22m^[[39m round-trip through the serialiser preserves every value exactly ^[[33m 7416^[[2mms^[[22m^[[39m
gate	Gate	2026-10-02T22:23:49.1228125Z  ^[[32m✓^[[39m ^[[30m^[[42m unit ^[[49m^[[39m tests/core/verlet.test.ts ^[[2m(^[[22m^[[2m8 tests^[[22m^[[2m)^[[22m^[[33m 36023^[[2mms^[[22m^[[39m
gate	Gate	2026-10-02T22:23:49.1237803Z      ^[[33m^[[2m✓^[[22m^[[39m halving dt quarters the error — the ratio is 4, where Euler gave 2 ^[[33m 5195^[[2mms^[[22m^[[39m
gate	Gate	2026-10-02T22:23:49.1257213Z      ^[[33m^[[2m✓^[[22m^[[39m and is millimetres at 15 Hz, where Euler was 796 metres ^[[33m 6126^[[2mms^[[22m^[[39m
gate	Gate	2026-10-02T22:23:49.1258893Z      ^[[33m^[[2m✓^[[22m^[[39m to a part in 10^10 or better at every rate the simulation runs at ^[[33m 9833^[[2mms^[[22m^[[39m
gate	Gate	2026-10-02T22:23:49.1260657Z      ^[[33m^[[2m✓^[[22m^[[39m altitude drift is a centimetre, and does not depend on dt ^[[33m 12086^[[2mms^[[22m^[[39m
gate	Gate	2026-10-02T22:23:49.1262462Z      ^[[33m^[[2m✓^[[22m^[[39m and in true vacuum, at 800 km, energy and altitude do not move at all ^[[33m 2737^[[2mms^[[22m^[[39m
gate	Gate	2026-10-02T22:23:56.8652902Z  ^[[32m✓^[[39m ^[[30m^[[42m unit ^[[49m^[[39m tests/flies-every-scenario.test.ts ^[[2m(^[[22m^[[2m17 tests^[[22m^[[2m)^[[22m^[[33m 28009^[[2mms^[[22m^[[39m
gate	Gate	2026-10-02T22:23:56.8654799Z      ^[[33m^[[2m✓^[[22m^[[39m launch-pad flies ^[[33m 2030^[[2mms^[[22m^[[39m
gate	Gate	2026-10-02T22:23:56.8656449Z      ^[[33m^[[2m✓^[[22m^[[39m booster-sep flies ^[[33m 719^[[2mms^[[22m^[[39m
gate	Gate	2026-10-02T22:23:56.8657896Z      ^[[33m^[[2m✓^[[22m^[[39m rtls flies ^[[33m 352^[[2mms^[[22m^[[39m
gate	Gate	2026-10-02T22:23:56.8658845Z      ^[[33m^[[2m✓^[[22m^[[39m circularize flies ^[[33m 944^[[2mms^[[22m^[[39m
gate	Gate	2026-10-02T22:23:56.8659783Z      ^[[33m^[[2m✓^[[22m^[[39m deorbit flies ^[[33m 937^[[2mms^[[22m^[[39m
gate	Gate	2026-10-02T22:23:56.8660841Z      ^[[33m^[[2m✓^[[22m^[[39m booster-sep: auto-land landed ^[[33m 5607^[[2mms^[[22m^[[39m
gate	Gate	2026-10-02T22:23:56.8661969Z      ^[[33m^[[2m✓^[[22m^[[39m rtls: auto-land landed ^[[33m 6086^[[2mms^[[22m^[[39m
gate	Gate	2026-10-02T22:23:56.8663042Z      ^[[33m^[[2m✓^[[22m^[[39m before-flip: auto-land landed ^[[33m 1796^[[2mms^[[22m^[[39m
gate	Gate	2026-10-02T22:23:56.8664118Z      ^[[33m^[[2m✓^[[22m^[[39m reentry: auto-land landed ^[[33m 5010^[[2mms^[[22m^[[39m
gate	Gate	2026-10-02T22:23:56.8665377Z      ^[[33m^[[2m✓^[[22m^[[39m reentry: survives the heat it now actually meets ^[[33m 3974^[[2mms^[[22m^[[39m
gate	Gate	2026-10-02T22:24:01.5070527Z ^[[90mstdout^[[2m | tests/view/motion-cues.test.ts^[[2m > ^[[22m^[[2mat the speeds the seven scenarios actually reach^[[2m > ^[[22m^[[2mreports where the streaks are silent and where they blow
gate	Gate	2026-10-02T22:24:01.5072853Z ^[[22m^[[39mlaunch-pad-takeoff: peak 646 m/s -> streak 0.18, silent 33% of the flight
gate	Gate	2026-10-02T22:24:01.5074362Z booster-sep-boostback: peak 1599 m/s -> streak 0.88, silent 0% of the flight
gate	Gate	2026-10-02T22:24:01.5075914Z rtls-boostback: peak 542 m/s -> streak 0.12, silent 45% of the flight
gate	Gate	2026-10-02T22:24:01.5077134Z reentry-autoland: peak 7300 m/s -> streak 1.00, silent 52% of the flight
gate	Gate	2026-10-02T22:24:01.5078370Z before-flip-autoland: peak 70 m/s -> streak 0.00, silent 100% of the flight
gate	Gate	2026-10-02T22:24:01.5079610Z landing-burn-autoland: peak 38 m/s -> streak 0.00, silent 100% of the flight
gate	Gate	2026-10-02T22:24:01.5080848Z landing-burn-headwind: peak 37 m/s -> streak 0.00, silent 100% of the flight
gate	Gate	2026-10-02T22:24:01.5082005Z intro-demo: peak 51 m/s -> streak 0.00, silent 100% of the flight
gate	Gate	2026-10-02T22:24:01.5082740Z 
gate	Gate	2026-10-02T22:24:02.2042085Z ^[[90mstdout^[[2m | tests/view/motion-cues.test.ts^[[2m > ^[[22m^[[2mthe flight-path marker^[[2m > ^[[22m^[[2mlaunch-pad-takeoff: the marker never disagrees with the state vector
gate	Gate	2026-10-02T22:24:02.2047345Z ^[[22m^[[39mlaunch-pad-takeoff: nose and flight path diverge by up to 4°
gate	Gate	2026-10-02T22:24:02.2048236Z 
gate	Gate	2026-10-02T22:24:02.5199742Z ^[[90mstdout^[[2m | tests/view/motion-cues.test.ts^[[2m > ^[[22m^[[2mthe flight-path marker^[[2m > ^[[22m^[[2mbooster-sep-boostback: the marker never disagrees with the state vector
gate	Gate	2026-10-02T22:24:02.5206587Z ^[[22m^[[39mbooster-sep-boostback: nose and flight path diverge by up to 134°
gate	Gate	2026-10-02T22:24:02.5207502Z 
gate	Gate	2026-10-02T22:24:02.8190553Z ^[[90mstdout^[[2m | tests/view/motion-cues.test.ts^[[2m > ^[[22m^[[2mthe flight-path marker^[[2m > ^[[22m^[[2mrtls-boostback: the marker never disagrees with the state vector
gate	Gate	2026-10-02T22:24:02.8192741Z ^[[22m^[[39mrtls-boostback: nose and flight path diverge by up to 179°
gate	Gate	2026-10-02T22:24:02.8193741Z 
gate	Gate	2026-10-02T22:24:07.3862645Z ^[[90mstdout^[[2m | tests/view/motion-cues.test.ts^[[2m > ^[[22m^[[2mthe flight-path marker^[[2m > ^[[22m^[[2mreentry-autoland: the marker never disagrees with the state vector
gate	Gate	2026-10-02T22:24:07.3864813Z ^[[22m^[[39mreentry-autoland: nose and flight path diverge by up to 180°
gate	Gate	2026-10-02T22:24:07.3865931Z 
gate	Gate	2026-10-02T22:24:08.4034549Z ^[[90mstdout^[[2m | tests/view/motion-cues.test.ts^[[2m > ^[[22m^[[2mthe flight-path marker^[[2m > ^[[22m^[[2mbefore-flip-autoland: the marker never disagrees with the state vector
gate	Gate	2026-10-02T22:24:08.4039937Z ^[[22m^[[39mbefore-flip-autoland: nose and flight path diverge by up to 180°
gate	Gate	2026-10-02T22:24:08.4040816Z 
gate	Gate	2026-10-02T22:24:08.4944562Z ^[[90mstdout^[[2m | tests/view/motion-cues.test.ts^[[2m > ^[[22m^[[2mthe flight-path marker^[[2m > ^[[22m^[[2mlanding-burn-autoland: the marker never disagrees with the state vector
gate	Gate	2026-10-02T22:24:08.4948373Z ^[[22m^[[39mlanding-burn-autoland: nose and flight path diverge by up to 180°
gate	Gate	2026-10-02T22:24:08.4949348Z 
gate	Gate	2026-10-02T22:24:08.5953843Z ^[[90mstdout^[[2m | tests/view/motion-cues.test.ts^[[2m > ^[[22m^[[2mthe flight-path marker^[[2m > ^[[22m^[[2mlanding-burn-headwind: the marker never disagrees with the state vector
gate	Gate	2026-10-02T22:24:08.5961180Z ^[[22m^[[39mlanding-burn-headwind: nose and flight path diverge by up to 180°
gate	Gate	2026-10-02T22:24:08.5962149Z 
gate	Gate	2026-10-02T22:24:08.6870056Z ^[[90mstdout^[[2m | tests/view/motion-cues.test.ts^[[2m > ^[[22m^[[2mthe flight-path marker^[[2m > ^[[22m^[[2mintro-demo: the marker never disagrees with the state vector
gate	Gate	2026-10-02T22:24:08.6873602Z ^[[22m^[[39mintro-demo: nose and flight path diverge by up to 180°
gate	Gate	2026-10-02T22:24:08.6874476Z 
gate	Gate	2026-10-02T22:24:13.3377146Z  ^[[32m✓^[[39m ^[[30m^[[42m unit ^[[49m^[[39m tests/view/motion-cues.test.ts ^[[2m(^[[22m^[[2m19 tests^[[22m^[[2m)^[[22m^[[33m 23510^[[2mms^[[22m^[[39m
gate	Gate	2026-10-02T22:24:13.3387008Z      ^[[33m^[[2m✓^[[22m^[[39m reports where the streaks are silent and where they blow ^[[33m 11683^[[2mms^[[22m^[[39m
gate	Gate	2026-10-02T22:24:13.3388656Z      ^[[33m^[[2m✓^[[22m^[[39m the two landing scenarios stay silent throughout ^[[33m 331^[[2mms^[[22m^[[39m
gate	Gate	2026-10-02T22:24:13.3390733Z      ^[[33m^[[2m✓^[[22m^[[39m launch-pad-takeoff: the marker never disagrees with the state vector ^[[33m 365^[[2mms^[[22m^[[39m
gate	Gate	2026-10-02T22:24:13.3392505Z      ^[[33m^[[2m✓^[[22m^[[39m booster-sep-boostback: the marker never disagrees with the state vector ^[[33m 316^[[2mms^[[22m^[[39m
gate	Gate	2026-10-02T22:24:13.3394231Z      ^[[33m^[[2m✓^[[22m^[[39m reentry-autoland: the marker never disagrees with the state vector ^[[33m 4566^[[2mms^[[22m^[[39m
gate	Gate	2026-10-02T22:24:13.3396166Z      ^[[33m^[[2m✓^[[22m^[[39m before-flip-autoland: the marker never disagrees with the state vector ^[[33m 1017^[[2mms^[[22m^[[39m
gate	Gate	2026-10-02T22:24:13.3397922Z      ^[[33m^[[2m✓^[[22m^[[39m the divergence is real on at least one scenario, or this draws nothing ^[[33m 4624^[[2mms^[[22m^[[39m
gate	Gate	2026-10-02T22:24:16.3730248Z  ^[[32m✓^[[39m ^[[30m^[[42m unit ^[[49m^[[39m tests/hud/trajectory.test.ts ^[[2m(^[[22m^[[2m39 tests^[[22m^[[2m)^[[22m^[[33m 19225^[[2mms^[[22m^[[39m
gate	Gate	2026-10-02T22:24:16.3747091Z      ^[[33m^[[2m✓^[[22m^[[39m allocates nothing per redraw ^[[33m 301^[[2mms^[[22m^[[39m
gate	Gate	2026-10-02T22:24:16.3748365Z      ^[[33m^[[2m✓^[[22m^[[39m launch-pad-takeoff ^[[33m 902^[[2mms^[[22m^[[39m
gate	Gate	2026-10-02T22:24:16.3749608Z      ^[[33m^[[2m✓^[[22m^[[39m booster-sep-boostback ^[[33m 1288^[[2mms^[[22m^[[39m
gate	Gate	2026-10-02T22:24:16.3750786Z      ^[[33m^[[2m✓^[[22m^[[39m rtls-boostback ^[[33m 1609^[[2mms^[[22m^[[39m
gate	Gate	2026-10-02T22:24:16.3751879Z      ^[[33m^[[2m✓^[[22m^[[39m reentry-autoland ^[[33m 11807^[[2mms^[[22m^[[39m
gate	Gate	2026-10-02T22:24:16.3752996Z      ^[[33m^[[2m✓^[[22m^[[39m before-flip-autoland ^[[33m 1988^[[2mms^[[22m^[[39m
gate	Gate	2026-10-02T22:24:16.3754144Z      ^[[33m^[[2m✓^[[22m^[[39m landing-burn-autoland ^[[33m 447^[[2mms^[[22m^[[39m
gate	Gate	2026-10-02T22:24:16.3755285Z      ^[[33m^[[2m✓^[[22m^[[39m landing-burn-headwind ^[[33m 473^[[2mms^[[22m^[[39m
gate	Gate	2026-10-02T22:24:16.3759065Z      ^[[33m^[[2m✓^[[22m^[[39m intro-demo ^[[33m 362^[[2mms^[[22m^[[39m
gate	Gate	2026-10-02T22:24:26.4888940Z  ^[[32m✓^[[39m ^[[30m^[[42m unit ^[[49m^[[39m tests/core/deorbit-range.test.ts ^[[2m(^[[22m^[[2m6 tests^[[22m^[[2m)^[[22m^[[33m 41973^[[2mms^[[22m^[[39m
gate	Gate	2026-10-02T22:24:26.4890575Z      ^[[33m^[[2m✓^[[22m^[[39m engine 0 out ^[[33m 13544^[[2mms^[[22m^[[39m
gate	Gate	2026-10-02T22:24:26.4891653Z      ^[[33m^[[2m✓^[[22m^[[39m engine 1 out ^[[33m 13774^[[2mms^[[22m^[[39m
gate	Gate	2026-10-02T22:24:26.4892694Z      ^[[33m^[[2m✓^[[22m^[[39m engine 2 out ^[[33m 14649^[[2mms^[[22m^[[39m
gate	Gate	2026-10-02T22:24:29.8572351Z  ^[[32m✓^[[39m ^[[30m^[[42m unit ^[[49m^[[39m tests/hud/timeline.test.ts ^[[2m(^[[22m^[[2m29 tests^[[22m^[[2m)^[[22m^[[33m 16273^[[2mms^[[22m^[[39m
gate	Gate	2026-10-02T22:24:29.8574313Z      ^[[33m^[[2m✓^[[22m^[[39m 'launch-pad-takeoff' fires its events in order, flown live ^[[33m 479^[[2mms^[[22m^[[39m
gate	Gate	2026-10-02T22:24:29.8576352Z      ^[[33m^[[2m✓^[[22m^[[39m 'booster-sep-boostback' fires its events in order, flown live ^[[33m 481^[[2mms^[[22m^[[39m
gate	Gate	2026-10-02T22:24:29.8578181Z      ^[[33m^[[2m✓^[[22m^[[39m 'rtls-boostback' fires its events in order, flown live ^[[33m 561^[[2mms^[[22m^[[39m
gate	Gate	2026-10-02T22:24:29.8579804Z      ^[[33m^[[2m✓^[[22m^[[39m 'reentry-autoland' fires its events in order, flown live ^[[33m 6180^[[2mms^[[22m^[[39m
gate	Gate	2026-10-02T22:24:29.8581530Z      ^[[33m^[[2m✓^[[22m^[[39m 'before-flip-autoland' fires its events in order, flown live ^[[33m 1021^[[2mms^[[22m^[[39m
gate	Gate	2026-10-02T22:24:29.8583817Z      ^[[33m^[[2m✓^[[22m^[[39m 'reentry-autoland' derives the same events from the fixture bytes ^[[33m 311^[[2mms^[[22m^[[39m
gate	Gate	2026-10-02T22:24:29.8585477Z      ^[[33m^[[2m✓^[[22m^[[39m reports touchdown and loss as alternatives, never both ^[[33m 309^[[2mms^[[22m^[[39m
gate	Gate	2026-10-02T22:24:29.8587374Z      ^[[33m^[[2m✓^[[22m^[[39m a state exactly at the entry interface counts as crossing it ^[[33m 5858^[[2mms^[[22m^[[39m
gate	Gate	2026-10-02T22:24:29.9421118Z ^[[90mstdout^[[2m | tests/hud/prediction.test.ts^[[2m > ^[[22m^[[2mthe claim, tested against itself^[[2m > ^[[22m^[[2ma genuinely unpowered fall lands near where it was predicted to
gate	Gate	2026-10-02T22:24:29.9424631Z ^[[22m^[[39munpowered drop · fell 0.2 km · predicted -0.00 km in 3.4 s · actual 0.00 km in 3.4 s · error 0.00 km
gate	Gate	2026-10-02T22:24:29.9426033Z 
gate	Gate	2026-10-02T22:24:30.1902028Z ^[[90mstdout^[[2m | tests/hud/prediction.test.ts^[[2m > ^[[22m^[[2mthe claim, tested against itself^[[2m > ^[[22m^[[2mreports how wrong it is from high altitude, where the model is weakest
gate	Gate	2026-10-02T22:24:30.1936986Z ^[[22m^[[39mfrom 40 km unpowered · predicted 11.9 km in 95 s · actual 20.2 km in 101 s · error 8.3 km
gate	Gate	2026-10-02T22:24:30.1965992Z 
gate	Gate	2026-10-02T22:24:31.1317514Z  ^[[32m✓^[[39m ^[[30m^[[42m unit ^[[49m^[[39m tests/view/atmosphere-look.test.ts ^[[2m(^[[22m^[[2m22 tests^[[22m^[[2m)^[[22m^[[33m 3984^[[2mms^[[22m^[[39m
gate	Gate	2026-10-02T22:24:31.1322538Z      ^[[33m^[[2m✓^[[22m^[[39m rises monotonically between the two ^[[33m 3867^[[2mms^[[22m^[[39m
gate	Gate	2026-10-02T22:24:31.6168292Z ^[[90mstdout^[[2m | tests/hud/prediction.test.ts^[[2m > ^[[22m^[[2mthe error against seven real flights^[[2m > ^[[22m^[[2mbefore-flip-autoland converges as the ground approaches
gate	Gate	2026-10-02T22:24:31.6170462Z ^[[22m^[[39mbefore-flip-autoland: touchdown at 0.00 km · at 1.0 km up, error 0.10 km · at 28 m up, error 0 m
gate	Gate	2026-10-02T22:24:31.6171205Z 
gate	Gate	2026-10-02T22:24:31.6651539Z ^[[90mstdout^[[2m | tests/hud/prediction.test.ts^[[2m > ^[[22m^[[2mthe error against seven real flights^[[2m > ^[[22m^[[2mlanding-burn-autoland converges as the ground approaches
gate	Gate	2026-10-02T22:24:31.6654023Z ^[[22m^[[39mlanding-burn-autoland: touchdown at 0.00 km · at 0.2 km up, error 0.00 km · at 26 m up, error 0 m
gate	Gate	2026-10-02T22:24:31.6655181Z 
gate	Gate	2026-10-02T22:24:31.7178063Z ^[[90mstdout^[[2m | tests/hud/prediction.test.ts^[[2m > ^[[22m^[[2mthe error against seven real flights^[[2m > ^[[22m^[[2mintro-demo converges as the ground approaches
gate	Gate	2026-10-02T22:24:31.7191858Z ^[[22m^[[39mintro-demo: touchdown at 0.00 km · at 0.2 km up, error 0.00 km · at 25 m up, error 0 m
gate	Gate	2026-10-02T22:24:31.7235885Z 
gate	Gate	2026-10-02T22:24:31.7344542Z  ^[[32m✓^[[39m ^[[30m^[[42m unit ^[[49m^[[39m tests/hud/prediction.test.ts ^[[2m(^[[22m^[[2m13 tests^[[22m^[[2m)^[[22m^[[33m 15063^[[2mms^[[22m^[[39m
gate	Gate	2026-10-02T22:24:31.7346874Z      ^[[33m^[[2m✓^[[22m^[[39m never returns a non-finite number to a caller ^[[33m 13213^[[2mms^[[22m^[[39m
gate	Gate	2026-10-02T22:24:31.7348619Z      ^[[33m^[[2m✓^[[22m^[[39m before-flip-autoland converges as the ground approaches ^[[33m 1425^[[2mms^[[22m^[[39m
gate	Gate	2026-10-02T22:24:32.9057909Z ^[[90mstdout^[[2m | tests/audio/transients.test.ts^[[2m > ^[[22m^[[2mthe latch fires once per event^[[2m > ^[[22m^[[2mlaunch-pad-takeoff
gate	Gate	2026-10-02T22:24:32.9066983Z ^[[22m^[[39mlaunch-pad-takeoff: ignition x3
gate	Gate	2026-10-02T22:24:32.9096524Z 
gate	Gate	2026-10-02T22:24:33.4997694Z ^[[90mstdout^[[2m | tests/audio/transients.test.ts^[[2m > ^[[22m^[[2mthe latch fires once per event^[[2m > ^[[22m^[[2mbooster-sep-boostback
gate	Gate	2026-10-02T22:24:33.5016804Z ^[[22m^[[39mbooster-sep-boostback: ignition x3
gate	Gate	2026-10-02T22:24:33.5019132Z 
gate	Gate	2026-10-02T22:24:33.9533277Z ^[[90mstdout^[[2m | tests/audio/transients.test.ts^[[2m > ^[[22m^[[2mthe latch fires once per event^[[2m > ^[[22m^[[2mrtls-boostback
gate	Gate	2026-10-02T22:24:33.9537671Z ^[[22m^[[39mrtls-boostback: ignition x6, shutdown x6
gate	Gate	2026-10-02T22:24:33.9538585Z 
gate	Gate	2026-10-02T22:24:38.2267067Z ^[[90mstdout^[[2m | tests/audio/transients.test.ts^[[2m > ^[[22m^[[2mthe latch fires once per event^[[2m > ^[[22m^[[2mreentry-autoland
gate	Gate	2026-10-02T22:24:38.2296743Z ^[[22m^[[39mreentry-autoland: ignition x3, shutdown x3, touchdown x1
gate	Gate	2026-10-02T22:24:38.2326048Z 
gate	Gate	2026-10-02T22:24:39.2606303Z ^[[90mstdout^[[2m | tests/audio/transients.test.ts^[[2m > ^[[22m^[[2mthe latch fires once per event^[[2m > ^[[22m^[[2mbefore-flip-autoland
gate	Gate	2026-10-02T22:24:39.2610913Z ^[[22m^[[39mbefore-flip-autoland: ignition x3, shutdown x3, touchdown x1
gate	Gate	2026-10-02T22:24:39.2611806Z 
gate	Gate	2026-10-02T22:24:39.4820614Z ^[[90mstdout^[[2m | tests/audio/transients.test.ts^[[2m > ^[[22m^[[2mthe latch fires once per event^[[2m > ^[[22m^[[2mlanding-burn-autoland
gate	Gate	2026-10-02T22:24:39.4824500Z ^[[22m^[[39mlanding-burn-autoland: ignition x3, shutdown x3, touchdown x1
gate	Gate	2026-10-02T22:24:39.4825340Z 
gate	Gate	2026-10-02T22:24:39.7378262Z ^[[90mstdout^[[2m | tests/audio/transients.test.ts^[[2m > ^[[22m^[[2mthe latch fires once per event^[[2m > ^[[22m^[[2mlanding-burn-headwind
gate	Gate	2026-10-02T22:24:39.7382248Z ^[[22m^[[39mlanding-burn-headwind: ignition x3, shutdown x3, touchdown x1
gate	Gate	2026-10-02T22:24:39.7383143Z 
gate	Gate	2026-10-02T22:24:39.8916444Z ^[[90mstdout^[[2m | tests/audio/transients.test.ts^[[2m > ^[[22m^[[2mthe latch fires once per event^[[2m > ^[[22m^[[2mintro-demo
gate	Gate	2026-10-02T22:24:39.8927089Z ^[[22m^[[39mintro-demo: ignition x3, shutdown x3, touchdown x1
gate	Gate	2026-10-02T22:24:39.8927723Z 
gate	Gate	2026-10-02T22:24:40.0891802Z  ^[[32m✓^[[39m ^[[30m^[[42m unit ^[[49m^[[39m tests/audio/transients.test.ts ^[[2m(^[[22m^[[2m16 tests^[[22m^[[2m)^[[22m^[[33m 7857^[[2mms^[[22m^[[39m
gate	Gate	2026-10-02T22:24:40.0917071Z      ^[[33m^[[2m✓^[[22m^[[39m launch-pad-takeoff ^[[33m 691^[[2mms^[[22m^[[39m
gate	Gate	2026-10-02T22:24:40.0946858Z      ^[[33m^[[2m✓^[[22m^[[39m booster-sep-boostback ^[[33m 591^[[2mms^[[22m^[[39m
gate	Gate	2026-10-02T22:24:40.0984593Z      ^[[33m^[[2m✓^[[22m^[[39m rtls-boostback ^[[33m 455^[[2mms^[[22m^[[39m
gate	Gate	2026-10-02T22:24:40.0997223Z      ^[[33m^[[2m✓^[[22m^[[39m reentry-autoland ^[[33m 4273^[[2mms^[[22m^[[39m
gate	Gate	2026-10-02T22:24:40.1005287Z      ^[[33m^[[2m✓^[[22m^[[39m before-flip-autoland ^[[33m 1034^[[2mms^[[22m^[[39m
gate	Gate	2026-10-02T22:24:42.0081682Z  ^[[32m✓^[[39m ^[[30m^[[42m unit ^[[49m^[[39m tests/view/plume.test.ts ^[[2m(^[[22m^[[2m13 tests^[[22m^[[2m)^[[22m^[[33m 11400^[[2mms^[[22m^[[39m
gate	Gate	2026-10-02T22:24:42.0097824Z      ^[[33m^[[2m✓^[[22m^[[39m reports the range each flight puts the plume through ^[[33m 11312^[[2mms^[[22m^[[39m
gate	Gate	2026-10-02T22:24:43.2779575Z  ^[[32m✓^[[39m ^[[30m^[[42m unit ^[[49m^[[39m tests/view/distant-earth.test.ts ^[[2m(^[[22m^[[2m23 tests^[[22m^[[2m)^[[22m^[[33m 11367^[[2mms^[[22m^[[39m
gate	Gate	2026-10-02T22:24:43.2781398Z      ^[[33m^[[2m✓^[[22m^[[39m launch-pad-takeoff stays readable ^[[33m 619^[[2mms^[[22m^[[39m
gate	Gate	2026-10-02T22:24:43.2782737Z      ^[[33m^[[2m✓^[[22m^[[39m booster-sep-boostback stays readable ^[[33m 457^[[2mms^[[22m^[[39m
gate	Gate	2026-10-02T22:24:43.2783986Z      ^[[33m^[[2m✓^[[22m^[[39m rtls-boostback stays readable ^[[33m 504^[[2mms^[[22m^[[39m
gate	Gate	2026-10-02T22:24:43.2785209Z      ^[[33m^[[2m✓^[[22m^[[39m reentry-autoland stays readable ^[[33m 7408^[[2mms^[[22m^[[39m
gate	Gate	2026-10-02T22:24:43.2786826Z      ^[[33m^[[2m✓^[[22m^[[39m before-flip-autoland stays readable ^[[33m 1565^[[2mms^[[22m^[[39m
gate	Gate	2026-10-02T22:24:48.5781732Z ^[[90mstdout^[[2m | tests/audio/params.test.ts^[[2m > ^[[22m^[[2mat the throttles and engine counts the seven scenarios reach^[[2m > ^[[22m^[[2mreports the range each flight actually visits
gate	Gate	2026-10-02T22:24:48.5807058Z ^[[22m^[[39mlaunch-pad-takeoff: engine level 0.00–1.00, up to 3 lit
gate	Gate	2026-10-02T22:24:48.5837234Z booster-sep-boostback: engine level 0.00–1.00, up to 3 lit
gate	Gate	2026-10-02T22:24:48.5846688Z rtls-boostback: engine level 0.00–1.00, up to 3 lit
gate	Gate	2026-10-02T22:24:48.5856899Z reentry-autoland: engine level 0.00–0.73, up to 3 lit
gate	Gate	2026-10-02T22:24:48.5857978Z before-flip-autoland: engine level 0.00–0.73, up to 3 lit
gate	Gate	2026-10-02T22:24:48.5859151Z landing-burn-autoland: engine level 0.00–0.74, up to 3 lit
gate	Gate	2026-10-02T22:24:48.5860317Z landing-burn-headwind: engine level 0.00–0.73, up to 3 lit
gate	Gate	2026-10-02T22:24:48.5861318Z intro-demo: engine level 0.00–0.86, up to 3 lit
gate	Gate	2026-10-02T22:24:48.5861927Z 
gate	Gate	2026-10-02T22:24:48.5927255Z  ^[[32m✓^[[39m ^[[30m^[[42m unit ^[[49m^[[39m tests/audio/params.test.ts ^[[2m(^[[22m^[[2m19 tests^[[22m^[[2m)^[[22m^[[33m 8276^[[2mms^[[22m^[[39m
gate	Gate	2026-10-02T22:24:48.5929270Z      ^[[33m^[[2m✓^[[22m^[[39m reports the range each flight actually visits ^[[33m 8255^[[2mms^[[22m^[[39m
gate	Gate	2026-10-02T22:24:50.6983514Z  ^[[32m✓^[[39m ^[[30m^[[42m unit ^[[49m^[[39m tests/core/rotating-frame-step.test.ts ^[[2m(^[[22m^[[2m2 tests^[[22m^[[2m)^[[22m^[[33m 7124^[[2mms^[[22m^[[39m
gate	Gate	2026-10-02T22:24:50.6994955Z      ^[[33m^[[2m✓^[[22m^[[39m a circular inertial orbit stays circular when flown at its ground-relative speed ^[[33m 3601^[[2mms^[[22m^[[39m
gate	Gate	2026-10-02T22:24:50.6997407Z      ^[[33m^[[2m✓^[[22m^[[39m a body at the synchronous radius with no ground speed stays over the same point ^[[33m 3519^[[2mms^[[22m^[[39m
gate	Gate	2026-10-02T22:24:54.7973989Z  ^[[32m✓^[[39m ^[[30m^[[42m unit ^[[49m^[[39m tests/core/invariants.test.ts ^[[2m(^[[22m^[[2m4 tests^[[22m^[[2m)^[[22m^[[33m 3870^[[2mms^[[22m^[[39m
gate	Gate	2026-10-02T22:24:54.7975971Z      ^[[33m^[[2m✓^[[22m^[[39m every number stays finite, or is a sentinel it started as ^[[33m 1308^[[2mms^[[22m^[[39m
gate	Gate	2026-10-02T22:24:54.7983071Z      ^[[33m^[[2m✓^[[22m^[[39m mass never increases, and propellant never goes negative ^[[33m 1338^[[2mms^[[22m^[[39m
gate	Gate	2026-10-02T22:24:54.7984895Z      ^[[33m^[[2m✓^[[22m^[[39m with the engines off and no wind, orbital energy never rises beyond integrator error ^[[33m 1085^[[2mms^[[22m^[[39m
gate	Gate	2026-10-02T22:24:57.2847077Z Not implemented: HTMLCanvasElement's getContext() method: without installing the canvas npm package
gate	Gate	2026-10-02T22:24:57.6229704Z  ^[[32m✓^[[39m ^[[30m^[[42m unit ^[[49m^[[39m tests/view/particles.test.ts ^[[2m(^[[22m^[[2m50 tests^[[22m^[[2m)^[[22m^[[33m 14902^[[2mms^[[22m^[[39m
gate	Gate	2026-10-02T22:24:57.6258863Z      ^[[33m^[[2m✓^[[22m^[[39m emitting does not add a single child ^[[33m 710^[[2mms^[[22m^[[39m
gate	Gate	2026-10-02T22:24:57.6277256Z      ^[[33m^[[2m✓^[[22m^[[39m THE LEAK: ten thousand engine shutdowns add nothing ^[[33m 12405^[[2mms^[[22m^[[39m
gate	Gate	2026-10-02T22:24:57.6297078Z      ^[[33m^[[2m✓^[[22m^[[39m a recycled slot can be used again, indefinitely ^[[33m 628^[[2mms^[[22m^[[39m
gate	Gate	2026-10-02T22:24:57.6299132Z      ^[[33m^[[2m✓^[[22m^[[39m core and bell keep the same steady plume across render batches at pressure 79.50141980166975 ^[[33m 366^[[2mms^[[22m^[[39m
gate	Gate	2026-10-02T22:24:58.8650963Z ^[[90mstdout^[[2m | tests/audio/warnings.test.ts^[[2m > ^[[22m^[[2mear and eye read the same thresholds^[[2m > ^[[22m^[[2mstays quiet through all seven, and reports how much margin they had
gate	Gate	2026-10-02T22:24:58.8666923Z ^[[22m^[[39mlaunch-pad-takeoff: nominal (heat 0.02, Q 0.53 of limit)
gate	Gate	2026-10-02T22:24:58.8667994Z booster-sep-boostback: nominal (heat 0.01, Q 0.00 of limit)
gate	Gate	2026-10-02T22:24:58.8668905Z rtls-boostback: nominal (heat 0.02, Q 0.57 of limit)
gate	Gate	2026-10-02T22:24:58.8669777Z reentry-autoland: nominal (heat 0.64, Q 0.17 of limit)
gate	Gate	2026-10-02T22:24:58.8670720Z before-flip-autoland: nominal (heat 0.00, Q 0.06 of limit)
gate	Gate	2026-10-02T22:24:58.8671682Z landing-burn-autoland: nominal (heat 0.00, Q 0.02 of limit)
gate	Gate	2026-10-02T22:24:58.8672609Z landing-burn-headwind: nominal (heat 0.00, Q 0.02 of limit)
gate	Gate	2026-10-02T22:24:58.8673473Z intro-demo: nominal (heat 0.00, Q 0.03 of limit)
gate	Gate	2026-10-02T22:24:58.8674019Z 
gate	Gate	2026-10-02T22:24:58.9404282Z  ^[[32m✓^[[39m ^[[30m^[[42m unit ^[[49m^[[39m tests/audio/warnings.test.ts ^[[2m(^[[22m^[[2m11 tests^[[22m^[[2m)^[[22m^[[33m 10115^[[2mms^[[22m^[[39m
gate	Gate	2026-10-02T22:24:58.9406712Z      ^[[33m^[[2m✓^[[22m^[[39m stays quiet through all seven, and reports how much margin they had ^[[33m 10054^[[2mms^[[22m^[[39m
gate	Gate	2026-10-02T22:25:00.8680502Z  ^[[32m✓^[[39m ^[[30m^[[42m unit ^[[49m^[[39m tests/ui/shell/Menu.test.tsx ^[[2m(^[[22m^[[2m22 tests^[[22m^[[2m)^[[22m^[[33m 3121^[[2mms^[[22m^[[39m
gate	Gate	2026-10-02T22:25:00.8697107Z      ^[[33m^[[2m✓^[[22m^[[39m opens on the menu layer only ^[[33m 328^[[2mms^[[22m^[[39m
gate	Gate	2026-10-02T22:25:00.8699107Z      ^[[33m^[[2m✓^[[22m^[[39m a tab jumps to its section and shows as current ^[[33m 304^[[2mms^[[22m^[[39m
gate	Gate	2026-10-02T22:25:02.2180197Z  ^[[32m✓^[[39m ^[[30m^[[42m unit ^[[49m^[[39m tests/core/random-failure-diff.test.ts ^[[2m(^[[22m^[[2m10 tests^[[22m^[[2m)^[[22m^[[33m 4273^[[2mms^[[22m^[[39m
gate	Gate	2026-10-02T22:25:02.2183336Z      ^[[33m^[[2m✓^[[22m^[[39m launch-pad is deterministic and identical across runs ^[[33m 695^[[2mms^[[22m^[[39m
gate	Gate	2026-10-02T22:25:02.2185115Z      ^[[33m^[[2m✓^[[22m^[[39m booster-sep is deterministic and identical across runs ^[[33m 479^[[2mms^[[22m^[[39m
gate	Gate	2026-10-02T22:25:02.2187069Z      ^[[33m^[[2m✓^[[22m^[[39m rtls is deterministic and identical across runs ^[[33m 370^[[2mms^[[22m^[[39m
gate	Gate	2026-10-02T22:25:02.2188897Z      ^[[33m^[[2m✓^[[22m^[[39m before-flip is deterministic and identical across runs ^[[33m 1674^[[2mms^[[22m^[[39m
gate	Gate	2026-10-02T22:25:04.4353114Z  ^[[32m✓^[[39m ^[[30m^[[42m unit ^[[49m^[[39m tests/lint-walls/walls.test.ts ^[[2m(^[[22m^[[2m14 tests^[[22m^[[2m)^[[22m^[[33m 1710^[[2mms^[[22m^[[39m
gate	Gate	2026-10-02T22:25:04.4354969Z      ^[[33m^[[2m✓^[[22m^[[39m wall 1: no view/ ui/ hud/ app/ PIXI or React imports ^[[33m 1427^[[2mms^[[22m^[[39m
gate	Gate	2026-10-02T22:25:04.6658019Z  ^[[32m✓^[[39m ^[[30m^[[42m unit ^[[49m^[[39m tests/core/rcs-dead-zone.test.ts ^[[2m(^[[22m^[[2m7 tests^[[22m^[[2m)^[[22m^[[33m 3512^[[2mms^[[22m^[[39m
gate	Gate	2026-10-02T22:25:04.6678184Z      ^[[33m^[[2m✓^[[22m^[[39m and then HOLDS it, rather than carrying on rotating ^[[33m 1976^[[2mms^[[22m^[[39m
gate	Gate	2026-10-02T22:25:04.6726122Z      ^[[33m^[[2m✓^[[22m^[[39m the thrusters fire below saturation, not only at the cap ^[[33m 819^[[2mms^[[22m^[[39m
gate	Gate	2026-10-02T22:25:05.4407854Z  ^[[32m✓^[[39m ^[[30m^[[42m unit ^[[49m^[[39m tests/proofs/trig-collapse.test.ts ^[[2m(^[[22m^[[2m23 tests^[[22m^[[2m)^[[22m^[[33m 6230^[[2mms^[[22m^[[39m
gate	Gate	2026-10-02T22:25:05.4430865Z      ^[[33m^[[2m✓^[[22m^[[39m 'horizontalDrag = -sin(x)' ^[[33m 691^[[2mms^[[22m^[[39m
gate	Gate	2026-10-02T22:25:05.4443621Z      ^[[33m^[[2m✓^[[22m^[[39m 'verticalDrag = -cos(x)' ^[[33m 931^[[2mms^[[22m^[[39m
gate	Gate	2026-10-02T22:25:05.4464925Z      ^[[33m^[[2m✓^[[22m^[[39m 'horizontalLift = -cos(x)' ^[[33m 921^[[2mms^[[22m^[[39m
gate	Gate	2026-10-02T22:25:05.4466336Z      ^[[33m^[[2m✓^[[22m^[[39m 'verticalLift = sin(x)' ^[[33m 846^[[2mms^[[22m^[[39m
gate	Gate	2026-10-02T22:25:05.4467419Z      ^[[33m^[[2m✓^[[22m^[[39m 'horizontalThrust = sin(x)' ^[[33m 896^[[2mms^[[22m^[[39m
gate	Gate	2026-10-02T22:25:05.4468571Z      ^[[33m^[[2m✓^[[22m^[[39m 'verticalThrust = cos(x)' ^[[33m 833^[[2mms^[[22m^[[39m
gate	Gate	2026-10-02T22:25:05.4470206Z      ^[[33m^[[2m✓^[[22m^[[39m records the measured maxima, so unblocking M1.9 starts from numbers ^[[33m 461^[[2mms^[[22m^[[39m
gate	Gate	2026-10-02T22:25:06.3885866Z ^[[90mstdout^[[2m | tests/audio/vacuum.test.ts^[[2m > ^[[22m^[[2mthe two fades differ, and that IS the milestone^[[2m > ^[[22m^[[2mreaches the floor by 50 km, over the real atmosphere model
gate	Gate	2026-10-02T22:25:06.3888091Z ^[[22m^[[39mabove 50 km · at 70 km: aero 2.21e-3, engine air 0.2490
gate	Gate	2026-10-02T22:25:06.3888930Z 
gate	Gate	2026-10-02T22:25:06.6784537Z ^[[90mstdout^[[2m | tests/audio/vacuum.test.ts^[[2m > ^[[22m^[[2mthe two fades differ, and that IS the milestone^[[2m > ^[[22m^[[2mthe airflow is loud where the flight is fast and low
gate	Gate	2026-10-02T22:25:06.6789173Z ^[[22m^[[39mlaunch: peak airflow 0.689 at 5.5 km
gate	Gate	2026-10-02T22:25:06.6789981Z 
gate	Gate	2026-10-02T22:25:07.0784900Z ^[[90mstdout^[[2m | tests/audio/vacuum.test.ts^[[2m > ^[[22m^[[2mthe re-entry golden, rendered as it climbs out^[[2m > ^[[22m^[[2mthe level falls as the air does
gate	Gate	2026-10-02T22:25:07.0794102Z ^[[22m^[[39m70 km -> RMS 0.00023 · 109 km -> RMS 0.02862 · 134 km -> RMS 0.02841
gate	Gate	2026-10-02T22:25:07.0794975Z 
gate	Gate	2026-10-02T22:25:07.1088131Z ^[[90mstdout^[[2m | tests/audio/vacuum.test.ts^[[2m > ^[[22m^[[2mthe re-entry golden, rendered as it climbs out^[[2m > ^[[22m^[[2mthe same vehicle is measurably louder in air than in vacuum
gate	Gate	2026-10-02T22:25:07.1090211Z ^[[22m^[[39msame vehicle · in air RMS 0.13151 · in vacuum RMS 0.02820
gate	Gate	2026-10-02T22:25:07.1091163Z 
gate	Gate	2026-10-02T22:25:07.1280573Z  ^[[32m✓^[[39m ^[[30m^[[42m unit ^[[49m^[[39m tests/audio/vacuum.test.ts ^[[2m(^[[22m^[[2m11 tests^[[22m^[[2m)^[[22m^[[33m 2119^[[2mms^[[22m^[[39m
gate	Gate	2026-10-02T22:25:07.1282616Z      ^[[33m^[[2m✓^[[22m^[[39m reaches the floor by 50 km, over the real atmosphere model ^[[33m 1389^[[2mms^[[22m^[[39m
gate	Gate	2026-10-02T22:25:07.1284195Z      ^[[33m^[[2m✓^[[22m^[[39m the level falls as the air does ^[[33m 400^[[2mms^[[22m^[[39m
gate	Gate	2026-10-02T22:25:08.1855533Z  ^[[32m✓^[[39m ^[[30m^[[42m unit ^[[49m^[[39m tests/core/domain-edges.test.ts ^[[2m(^[[22m^[[2m28 tests^[[22m^[[2m)^[[22m^[[33m 845^[[2mms^[[22m^[[39m
gate	Gate	2026-10-02T22:25:08.1858016Z      ^[[33m^[[2m✓^[[22m^[[39m and getAttackAngles really does wrap into [-pi, pi] ^[[33m 455^[[2mms^[[22m^[[39m
gate	Gate	2026-10-02T22:25:08.9912797Z  ^[[32m✓^[[39m ^[[30m^[[42m unit ^[[49m^[[39m tests/view/clouds.test.ts ^[[2m(^[[22m^[[2m18 tests^[[22m^[[2m)^[[22m^[[33m 3770^[[2mms^[[22m^[[39m
gate	Gate	2026-10-02T22:25:08.9916664Z      ^[[33m^[[2m✓^[[22m^[[39m is continuous and monotonic through the crossing ^[[33m 1004^[[2mms^[[22m^[[39m
gate	Gate	2026-10-02T22:25:08.9918643Z      ^[[33m^[[2m✓^[[22m^[[39m builds its puffs once and transforms them thereafter ^[[33m 446^[[2mms^[[22m^[[39m
gate	Gate	2026-10-02T22:25:08.9920230Z      ^[[33m^[[2m✓^[[22m^[[39m keeps its scroll offset bounded over a long flight ^[[33m 2173^[[2mms^[[22m^[[39m
gate	Gate	2026-10-02T22:25:10.0753408Z  ^[[32m✓^[[39m ^[[30m^[[42m unit ^[[49m^[[39m tests/core/scenarios.test.ts ^[[2m(^[[22m^[[2m51 tests^[[22m^[[2m)^[[22m^[[33m 1684^[[2mms^[[22m^[[39m
gate	Gate	2026-10-02T22:25:10.4269138Z  ^[[32m✓^[[39m ^[[30m^[[42m unit ^[[49m^[[39m tests/core/rng.test.ts ^[[2m(^[[22m^[[2m15 tests^[[22m^[[2m)^[[22m^[[33m 1177^[[2mms^[[22m^[[39m
gate	Gate	2026-10-02T22:25:10.4297993Z      ^[[33m^[[2m✓^[[22m^[[39m stays in [0, 1) ^[[33m 989^[[2mms^[[22m^[[39m
gate	Gate	2026-10-02T22:25:11.0197689Z  ^[[32m✓^[[39m ^[[30m^[[42m unit ^[[49m^[[39m tests/core/autopilot.test.ts ^[[2m(^[[22m^[[2m13 tests^[[22m^[[2m)^[[22m^[[33m 5251^[[2mms^[[22m^[[39m
gate	Gate	2026-10-02T22:25:11.0237012Z      ^[[33m^[[2m✓^[[22m^[[39m computes a belly-flop trigger altitude and ends the aero descent below it ^[[33m 4261^[[2mms^[[22m^[[39m
gate	Gate	2026-10-02T22:25:12.7453785Z Not implemented: HTMLCanvasElement's getContext() method: without installing the canvas npm package
gate	Gate	2026-10-02T22:25:12.8177572Z  ^[[32m✓^[[39m ^[[30m^[[42m unit ^[[49m^[[39m tests/hud/binder.test.ts ^[[2m(^[[22m^[[2m9 tests^[[22m^[[2m)^[[22m^[[33m 2430^[[2mms^[[22m^[[39m
gate	Gate	2026-10-02T22:25:12.8179073Z      ^[[33m^[[2m✓^[[22m^[[39m a real flight writes a small fraction of what an undiffed binder would ^[[33m 2344^[[2mms^[[22m^[[39m
gate	Gate	2026-10-02T22:25:14.6300696Z  ^[[32m✓^[[39m ^[[30m^[[42m unit ^[[49m^[[39m tests/ui/shell/Controls.test.tsx ^[[2m(^[[22m^[[2m17 tests^[[22m^[[2m)^[[22m^[[33m 1585^[[2mms^[[22m^[[39m
gate	Gate	2026-10-02T22:25:14.6303509Z      ^[[33m^[[2m✓^[[22m^[[39m renders every control this surface owns ^[[33m 474^[[2mms^[[22m^[[39m
gate	Gate	2026-10-02T22:25:14.6395746Z Not implemented: HTMLCanvasElement's getContext() method: without installing the canvas npm package
gate	Gate	2026-10-02T22:25:14.9479658Z  ^[[32m✓^[[39m ^[[30m^[[42m unit ^[[49m^[[39m tests/core/guidance-physics.test.ts ^[[2m(^[[22m^[[2m26 tests^[[22m^[[2m)^[[22m^[[33m 4181^[[2mms^[[22m^[[39m
gate	Gate	2026-10-02T22:25:14.9482294Z      ^[[33m^[[2m✓^[[22m^[[39m rises with descent speed and with mass on one engine, the ladder's usual plan (property) ^[[33m 1153^[[2mms^[[22m^[[39m
gate	Gate	2026-10-02T22:25:14.9484213Z      ^[[33m^[[2m✓^[[22m^[[39m a vertical drop from 40 km ^[[33m 453^[[2mms^[[22m^[[39m
gate	Gate	2026-10-02T22:25:14.9485530Z      ^[[33m^[[2m✓^[[22m^[[39m upright from 40 km, moving downrange ^[[33m 350^[[2mms^[[22m^[[39m
gate	Gate	2026-10-02T22:25:14.9487026Z      ^[[33m^[[2m✓^[[22m^[[39m belly-down from 10 km ^[[33m 344^[[2mms^[[22m^[[39m
gate	Gate	2026-10-02T22:25:14.9488058Z      ^[[33m^[[2m✓^[[22m^[[39m re-entering from 70 km ^[[33m 995^[[2mms^[[22m^[[39m
gate	Gate	2026-10-02T22:25:16.3724344Z  ^[[32m✓^[[39m ^[[30m^[[42m unit ^[[49m^[[39m tests/ui/shell/Hud.test.tsx ^[[2m(^[[22m^[[2m9 tests^[[22m^[[2m)^[[22m^[[33m 1256^[[2mms^[[22m^[[39m
gate	Gate	2026-10-02T22:25:16.3728143Z      ^[[33m^[[2m✓^[[22m^[[39m gives its zone to the debrief once the flight has ended, and takes it back ^[[33m 383^[[2mms^[[22m^[[39m
gate	Gate	2026-10-02T22:25:17.3683089Z  ^[[32m✓^[[39m ^[[30m^[[42m unit ^[[49m^[[39m tests/ui/shell/BlackBoxPlots.test.ts ^[[2m(^[[22m^[[2m4 tests^[[22m^[[2m)^[[22m^[[33m 1075^[[2mms^[[22m^[[39m
gate	Gate	2026-10-02T22:25:17.3697344Z      ^[[33m^[[2m✓^[[22m^[[39m draws one cell per plot, keyed by the recorder ids ^[[33m 577^[[2mms^[[22m^[[39m
gate	Gate	2026-10-02T22:25:18.4086996Z Not implemented: HTMLCanvasElement's getContext() method: without installing the canvas npm package
gate	Gate	2026-10-02T22:25:18.9135090Z  ^[[32m✓^[[39m ^[[30m^[[42m unit ^[[49m^[[39m tests/core/engine-out-landings.test.ts ^[[2m(^[[22m^[[2m4 tests^[[22m^[[2m)^[[22m^[[33m 3657^[[2mms^[[22m^[[39m
gate	Gate	2026-10-02T22:25:18.9180468Z      ^[[33m^[[2m✓^[[22m^[[39m before-flip-autoland/one-out: landed ^[[33m 1723^[[2mms^[[22m^[[39m
gate	Gate	2026-10-02T22:25:18.9189112Z      ^[[33m^[[2m✓^[[22m^[[39m before-flip-autoland/two-out: landed ^[[33m 1730^[[2mms^[[22m^[[39m
gate	Gate	2026-10-02T22:25:19.6810400Z  ^[[32m✓^[[39m ^[[30m^[[42m unit ^[[49m^[[39m tests/core/loop.test.ts ^[[2m(^[[22m^[[2m24 tests^[[22m^[[2m)^[[22m^[[33m 2004^[[2mms^[[22m^[[39m
gate	Gate	2026-10-02T22:25:19.6812363Z      ^[[33m^[[2m✓^[[22m^[[39m 60 fps and 30 fps reach the identical state after the same simulated time ^[[33m 1346^[[2mms^[[22m^[[39m
gate	Gate	2026-10-02T22:25:19.7211639Z  ^[[32m✓^[[39m ^[[30m^[[42m unit ^[[49m^[[39m tests/ui/shell/BlackBox.test.tsx ^[[2m(^[[22m^[[2m12 tests^[[22m^[[2m)^[[22m^[[33m 993^[[2mms^[[22m^[[39m
gate	Gate	2026-10-02T22:25:20.4288498Z  ^[[32m✓^[[39m ^[[30m^[[42m unit ^[[49m^[[39m tests/ui/blackbox.test.ts ^[[2m(^[[22m^[[2m22 tests^[[22m^[[2m)^[[22m^[[33m 635^[[2mms^[[22m^[[39m
gate	Gate	2026-10-02T22:25:20.4316936Z      ^[[33m^[[2m✓^[[22m^[[39m round-trips every sample of a real flight, bit for bit ^[[33m 591^[[2mms^[[22m^[[39m
gate	Gate	2026-10-02T22:25:21.3821818Z  ^[[32m✓^[[39m ^[[30m^[[42m unit ^[[49m^[[39m tests/hud/timeline-binder.test.ts ^[[2m(^[[22m^[[2m8 tests^[[22m^[[2m)^[[22m^[[33m 715^[[2mms^[[22m^[[39m
gate	Gate	2026-10-02T22:25:21.6947264Z Not implemented: HTMLCanvasElement's getContext() method: without installing the canvas npm package
gate	Gate	2026-10-02T22:25:21.8427724Z  ^[[32m✓^[[39m ^[[30m^[[42m unit ^[[49m^[[39m tests/core/wind-profile.test.ts ^[[2m(^[[22m^[[2m20 tests^[[22m^[[2m)^[[22m^[[33m 927^[[2mms^[[22m^[[39m
gate	Gate	2026-10-02T22:25:22.5740984Z  ^[[32m✓^[[39m ^[[30m^[[42m unit ^[[49m^[[39m tests/ui/shell/StatusBar.test.tsx ^[[2m(^[[22m^[[2m9 tests^[[22m^[[2m)^[[22m^[[33m 677^[[2mms^[[22m^[[39m
gate	Gate	2026-10-02T22:25:22.5767943Z      ^[[33m^[[2m✓^[[22m^[[39m renders the wordmark, the scenario, the clock readout and every chrome control once ^[[33m 313^[[2mms^[[22m^[[39m
gate	Gate	2026-10-02T22:25:23.1557544Z  ^[[32m✓^[[39m ^[[30m^[[42m unit ^[[49m^[[39m tests/core/step.test.ts ^[[2m(^[[22m^[[2m15 tests^[[22m^[[2m)^[[22m^[[33m 1019^[[2mms^[[22m^[[39m
gate	Gate	2026-10-02T22:25:23.3348880Z Not implemented: HTMLCanvasElement's getContext() method: without installing the canvas npm package
gate	Gate	2026-10-02T22:25:23.9959297Z  ^[[32m✓^[[39m ^[[30m^[[42m unit ^[[49m^[[39m tests/hud/metrics.test.ts ^[[2m(^[[22m^[[2m22 tests^[[22m^[[2m)^[[22m^[[33m 547^[[2mms^[[22m^[[39m
gate	Gate	2026-10-02T22:25:24.0418052Z  ^[[32m✓^[[39m ^[[30m^[[42m unit ^[[49m^[[39m tests/ui/shell/Debrief.test.tsx ^[[2m(^[[22m^[[2m10 tests^[[22m^[[2m)^[[22m^[[33m 479^[[2mms^[[22m^[[39m
gate	Gate	2026-10-02T22:25:24.4637457Z Not implemented: HTMLCanvasElement's getContext() method: without installing the canvas npm package
gate	Gate	2026-10-02T22:25:25.0427919Z  ^[[32m✓^[[39m ^[[30m^[[42m unit ^[[49m^[[39m tests/audio/engine.test.ts ^[[2m(^[[22m^[[2m31 tests^[[22m^[[2m)^[[22m^[[33m 683^[[2mms^[[22m^[[39m
gate	Gate	2026-10-02T22:25:25.0463415Z      ^[[33m^[[2m✓^[[22m^[[39m fires on a real flight, and a reset re-arms it ^[[33m 328^[[2mms^[[22m^[[39m
gate	Gate	2026-10-02T22:25:25.0747704Z  ^[[32m✓^[[39m ^[[30m^[[42m unit ^[[49m^[[39m tests/view/emissive-bell.test.ts ^[[2m(^[[22m^[[2m8 tests^[[22m^[[2m)^[[22m^[[33m 335^[[2mms^[[22m^[[39m
gate	Gate	2026-10-02T22:25:25.3803562Z  ^[[32m✓^[[39m ^[[30m^[[42m unit ^[[49m^[[39m tests/ui/shell/TrajectoryCard.test.tsx ^[[2m(^[[22m^[[2m9 tests^[[22m^[[2m)^[[22m^[[33m 459^[[2mms^[[22m^[[39m
gate	Gate	2026-10-02T22:25:25.5343699Z  ^[[32m✓^[[39m ^[[30m^[[42m unit ^[[49m^[[39m tests/proofs/dt-substitution.test.ts ^[[2m(^[[22m^[[2m4 tests^[[22m^[[2m)^[[22m^[[32m 283^[[2mms^[[22m^[[39m
gate	Gate	2026-10-02T22:25:25.9394683Z  ^[[32m✓^[[39m ^[[30m^[[42m unit ^[[49m^[[39m tests/core/control-contracts.test.ts ^[[2m(^[[22m^[[2m38 tests^[[22m^[[2m)^[[22m^[[32m 252^[[2mms^[[22m^[[39m
gate	Gate	2026-10-02T22:25:26.1038832Z  ^[[32m✓^[[39m ^[[30m^[[42m unit ^[[49m^[[39m tests/app/recorder.test.ts ^[[2m(^[[22m^[[2m12 tests^[[22m^[[2m)^[[22m^[[32m 280^[[2mms^[[22m^[[39m
gate	Gate	2026-10-02T22:25:26.3887810Z  ^[[32m✓^[[39m ^[[30m^[[42m unit ^[[49m^[[39m tests/view/terrain.test.ts ^[[2m(^[[22m^[[2m11 tests^[[22m^[[2m)^[[22m^[[33m 662^[[2mms^[[22m^[[39m
gate	Gate	2026-10-02T22:25:26.3889654Z      ^[[33m^[[2m✓^[[22m^[[39m is deterministic, and scales without changing character ^[[33m 461^[[2mms^[[22m^[[39m
gate	Gate	2026-10-02T22:25:26.6901918Z  ^[[32m✓^[[39m ^[[30m^[[42m unit ^[[49m^[[39m tests/hud/indicators.test.ts ^[[2m(^[[22m^[[2m8 tests^[[22m^[[2m)^[[22m^[[33m 349^[[2mms^[[22m^[[39m
gate	Gate	2026-10-02T22:25:26.9638250Z  ^[[32m✓^[[39m ^[[30m^[[42m unit ^[[49m^[[39m tests/view/particle-textures.test.ts ^[[2m(^[[22m^[[2m11 tests^[[22m^[[2m)^[[22m^[[33m 375^[[2mms^[[22m^[[39m
gate	Gate	2026-10-02T22:25:26.9824297Z  ^[[32m✓^[[39m ^[[30m^[[42m unit ^[[49m^[[39m tests/golden/compare.test.ts ^[[2m(^[[22m^[[2m5 tests^[[22m^[[2m)^[[22m^[[32m 259^[[2mms^[[22m^[[39m
gate	Gate	2026-10-02T22:25:27.1704523Z  ^[[32m✓^[[39m ^[[30m^[[42m unit ^[[49m^[[39m tests/budget.test.ts ^[[2m(^[[22m^[[2m11 tests^[[22m^[[2m)^[[22m^[[32m 222^[[2mms^[[22m^[[39m
gate	Gate	2026-10-02T22:25:27.3819038Z  ^[[32m✓^[[39m ^[[30m^[[42m unit ^[[49m^[[39m tests/core/mass.test.ts ^[[2m(^[[22m^[[2m20 tests^[[22m^[[2m)^[[22m^[[32m 176^[[2mms^[[22m^[[39m
gate	Gate	2026-10-02T22:25:27.4774153Z  ^[[32m✓^[[39m ^[[30m^[[42m unit ^[[49m^[[39m tests/ui/menu.test.ts ^[[2m(^[[22m^[[2m25 tests^[[22m^[[2m)^[[22m^[[32m 229^[[2mms^[[22m^[[39m
gate	Gate	2026-10-02T22:25:27.5411390Z  ^[[32m✓^[[39m ^[[30m^[[42m unit ^[[49m^[[39m tests/core/random-failure.test.ts ^[[2m(^[[22m^[[2m8 tests^[[22m^[[2m)^[[22m^[[32m 158^[[2mms^[[22m^[[39m
gate	Gate	2026-10-02T22:25:27.7656279Z  ^[[32m✓^[[39m ^[[30m^[[42m unit ^[[49m^[[39m tests/core/isa.test.ts ^[[2m(^[[22m^[[2m30 tests^[[22m^[[2m)^[[22m^[[32m 132^[[2mms^[[22m^[[39m
gate	Gate	2026-10-02T22:25:27.9407477Z  ^[[32m✓^[[39m ^[[30m^[[42m unit ^[[49m^[[39m tests/core/collapsed-trig.test.ts ^[[2m(^[[22m^[[2m11 tests^[[22m^[[2m)^[[22m^[[32m 194^[[2mms^[[22m^[[39m
gate	Gate	2026-10-02T22:25:27.9910467Z  ^[[32m✓^[[39m ^[[30m^[[42m unit ^[[49m^[[39m tests/core/rotating-frame.test.ts ^[[2m(^[[22m^[[2m13 tests^[[22m^[[2m)^[[22m^[[32m 167^[[2mms^[[22m^[[39m
gate	Gate	2026-10-02T22:25:28.2977992Z  ^[[32m✓^[[39m ^[[30m^[[42m unit ^[[49m^[[39m tests/core/pitch-rate.test.ts ^[[2m(^[[22m^[[2m11 tests^[[22m^[[2m)^[[22m^[[32m 258^[[2mms^[[22m^[[39m
gate	Gate	2026-10-02T22:25:28.3417845Z  ^[[32m✓^[[39m ^[[30m^[[42m unit ^[[49m^[[39m tests/core/guidance-truth.test.ts ^[[2m(^[[22m^[[2m4 tests^[[22m^[[2m)^[[22m^[[32m 183^[[2mms^[[22m^[[39m
gate	Gate	2026-10-02T22:25:28.6991310Z  ^[[32m✓^[[39m ^[[30m^[[42m unit ^[[49m^[[39m tests/core/fin-fraction.test.ts ^[[2m(^[[22m^[[2m11 tests^[[22m^[[2m)^[[22m^[[32m 100^[[2mms^[[22m^[[39m
gate	Gate	2026-10-02T22:25:28.7656723Z  ^[[32m✓^[[39m ^[[30m^[[42m unit ^[[49m^[[39m tests/core/speed-of-sound.test.ts ^[[2m(^[[22m^[[2m13 tests^[[22m^[[2m)^[[22m^[[32m 130^[[2mms^[[22m^[[39m
gate	Gate	2026-10-02T22:25:29.0718292Z ^[[90mstdout^[[2m | tests/audio/render.test.ts^[[2m > ^[[22m^[[2mthe engine is louder at 100% than at 40% — measured, not asserted^[[2m > ^[[22m^[[2mrises with throttle
gate	Gate	2026-10-02T22:25:29.0720308Z ^[[22m^[[39mthree engines: 40% RMS 0.09131 · 100% RMS 0.13051
gate	Gate	2026-10-02T22:25:29.0746184Z 
gate	Gate	2026-10-02T22:25:29.0807722Z ^[[90mstdout^[[2m | tests/audio/render.test.ts^[[2m > ^[[22m^[[2mthe engine is louder at 100% than at 40% — measured, not asserted^[[2m > ^[[22m^[[2mrises with engine count
gate	Gate	2026-10-02T22:25:29.0809699Z ^[[22m^[[39mat 100%: one engine RMS 0.07535 · three RMS 0.13051
gate	Gate	2026-10-02T22:25:29.0836181Z 
gate	Gate	2026-10-02T22:25:29.0911405Z ^[[90mstdout^[[2m | tests/audio/render.test.ts^[[2m > ^[[22m^[[2mthe engine is louder at 100% than at 40% — measured, not asserted^[[2m > ^[[22m^[[2mdistinguishes three engines at 40% from two at 100%
gate	Gate	2026-10-02T22:25:29.0926738Z ^[[22m^[[39mthree at 40% RMS 0.09131 · two at 100% RMS 0.10656
gate	Gate	2026-10-02T22:25:29.0956103Z 
gate	Gate	2026-10-02T22:25:29.1002993Z ^[[90mstdout^[[2m | tests/audio/render.test.ts^[[2m > ^[[22m^[[2mthe air fade, rendered^[[2m > ^[[22m^[[2mfalls toward its floor in vacuum without reaching silence
gate	Gate	2026-10-02T22:25:29.1016941Z ^[[22m^[[39msea level RMS 0.13051 · vacuum RMS 0.02871 · ratio 0.2200 against a floor of 0.22
gate	Gate	2026-10-02T22:25:29.1036893Z 
gate	Gate	2026-10-02T22:25:29.1038066Z  ^[[32m✓^[[39m ^[[30m^[[42m unit ^[[49m^[[39m tests/offline.test.ts ^[[2m(^[[22m^[[2m14 tests^[[22m^[[2m)^[[22m^[[32m 100^[[2mms^[[22m^[[39m
gate	Gate	2026-10-02T22:25:29.2111806Z  ^[[32m✓^[[39m ^[[30m^[[42m unit ^[[49m^[[39m tests/audio/render.test.ts ^[[2m(^[[22m^[[2m7 tests^[[22m^[[2m)^[[22m^[[32m 138^[[2mms^[[22m^[[39m
gate	Gate	2026-10-02T22:25:29.5548025Z  ^[[32m✓^[[39m ^[[30m^[[42m unit ^[[49m^[[39m tests/ui/controls.test.ts ^[[2m(^[[22m^[[2m20 tests^[[22m^[[2m)^[[22m^[[32m 78^[[2mms^[[22m^[[39m
gate	Gate	2026-10-02T22:25:29.8359000Z Not implemented: HTMLCanvasElement's getContext() method: without installing the canvas npm package
gate	Gate	2026-10-02T22:25:29.9087553Z  ^[[32m✓^[[39m ^[[30m^[[42m unit ^[[49m^[[39m tests/core/ignition.test.ts ^[[2m(^[[22m^[[2m14 tests^[[22m^[[2m)^[[22m^[[32m 106^[[2mms^[[22m^[[39m
gate	Gate	2026-10-02T22:25:30.2491909Z  ^[[32m✓^[[39m ^[[30m^[[42m unit ^[[49m^[[39m tests/ui/shell/FirstFlight.test.tsx ^[[2m(^[[22m^[[2m8 tests^[[22m^[[2m)^[[22m^[[32m 114^[[2mms^[[22m^[[39m
gate	Gate	2026-10-02T22:25:30.2527920Z  ^[[32m✓^[[39m ^[[30m^[[42m unit ^[[49m^[[39m tests/core/atmosphere-strato.test.ts ^[[2m(^[[22m^[[2m12 tests^[[22m^[[2m)^[[22m^[[32m 94^[[2mms^[[22m^[[39m
gate	Gate	2026-10-02T22:25:30.5549654Z  ^[[32m✓^[[39m ^[[30m^[[42m unit ^[[49m^[[39m tests/core/autopilot-stages.test.ts ^[[2m(^[[22m^[[2m40 tests^[[22m^[[2m)^[[22m^[[32m 64^[[2mms^[[22m^[[39m
gate	Gate	2026-10-02T22:25:30.8407826Z  ^[[32m✓^[[39m ^[[30m^[[42m unit ^[[49m^[[39m tests/proofs/isa-into.test.ts ^[[2m(^[[22m^[[2m1 test^[[22m^[[2m)^[[22m^[[32m 55^[[2mms^[[22m^[[39m
gate	Gate	2026-10-02T22:25:30.9960212Z  ^[[32m✓^[[39m ^[[30m^[[42m unit ^[[49m^[[39m tests/view/sky.test.ts ^[[2m(^[[22m^[[2m17 tests^[[22m^[[2m)^[[22m^[[32m 29^[[2mms^[[22m^[[39m
gate	Gate	2026-10-02T22:25:31.2008708Z  ^[[32m✓^[[39m ^[[30m^[[42m unit ^[[49m^[[39m tests/core/named-branches.test.ts ^[[2m(^[[22m^[[2m17 tests^[[22m^[[2m)^[[22m^[[32m 55^[[2mms^[[22m^[[39m
gate	Gate	2026-10-02T22:25:31.3083276Z  ^[[32m✓^[[39m ^[[30m^[[42m unit ^[[49m^[[39m tests/view/sun.test.ts ^[[2m(^[[22m^[[2m33 tests^[[22m^[[2m)^[[22m^[[32m 33^[[2mms^[[22m^[[39m
gate	Gate	2026-10-02T22:25:31.5147987Z  ^[[32m✓^[[39m ^[[30m^[[42m unit ^[[49m^[[39m tests/view/stars.test.ts ^[[2m(^[[22m^[[2m24 tests^[[22m^[[2m)^[[22m^[[32m 35^[[2mms^[[22m^[[39m
gate	Gate	2026-10-02T22:25:31.5492025Z  ^[[32m✓^[[39m ^[[30m^[[42m unit ^[[49m^[[39m tests/ui/no-neumorphism.test.ts ^[[2m(^[[22m^[[2m5 tests^[[22m^[[2m)^[[22m^[[32m 45^[[2mms^[[22m^[[39m
gate	Gate	2026-10-02T22:25:31.7306077Z  ^[[32m✓^[[39m ^[[30m^[[42m unit ^[[49m^[[39m tests/ui/preferences.test.ts ^[[2m(^[[22m^[[2m6 tests^[[22m^[[2m)^[[22m^[[32m 19^[[2mms^[[22m^[[39m
gate	Gate	2026-10-02T22:25:32.0137776Z  ^[[32m✓^[[39m ^[[30m^[[42m unit ^[[49m^[[39m tests/golden/unification.test.ts ^[[2m(^[[22m^[[2m10 tests^[[22m^[[2m)^[[22m^[[32m 19^[[2mms^[[22m^[[39m
gate	Gate	2026-10-02T22:25:32.2783283Z  ^[[32m✓^[[39m ^[[30m^[[42m unit ^[[49m^[[39m tests/view/horizon.test.ts ^[[2m(^[[22m^[[2m12 tests^[[22m^[[2m)^[[22m^[[32m 26^[[2mms^[[22m^[[39m
gate	Gate	2026-10-02T22:25:32.3126116Z  ^[[32m✓^[[39m ^[[30m^[[42m unit ^[[49m^[[39m tests/app/input.test.ts ^[[2m(^[[22m^[[2m32 tests^[[22m^[[2m)^[[22m^[[32m 19^[[2mms^[[22m^[[39m
gate	Gate	2026-10-02T22:25:32.6034903Z  ^[[32m✓^[[39m ^[[30m^[[42m unit ^[[49m^[[39m tests/app/debug.test.ts ^[[2m(^[[22m^[[2m9 tests^[[22m^[[2m)^[[22m^[[32m 21^[[2mms^[[22m^[[39m
gate	Gate	2026-10-02T22:25:32.9257763Z  ^[[32m✓^[[39m ^[[30m^[[42m unit ^[[49m^[[39m tests/core/thrust-altitude.test.ts ^[[2m(^[[22m^[[2m15 tests^[[22m^[[2m)^[[22m^[[32m 23^[[2mms^[[22m^[[39m
gate	Gate	2026-10-02T22:25:32.9846747Z  ^[[32m✓^[[39m ^[[30m^[[42m unit ^[[49m^[[39m tests/view/lighting.test.ts ^[[2m(^[[22m^[[2m9 tests^[[22m^[[2m)^[[22m^[[32m 12^[[2mms^[[22m^[[39m
gate	Gate	2026-10-02T22:25:33.1884214Z  ^[[32m✓^[[39m ^[[30m^[[42m unit ^[[49m^[[39m tests/core/physical-scale.test.ts ^[[2m(^[[22m^[[2m20 tests^[[22m^[[2m)^[[22m^[[32m 21^[[2mms^[[22m^[[39m
gate	Gate	2026-10-02T22:25:33.2648694Z  ^[[32m✓^[[39m ^[[30m^[[42m unit ^[[49m^[[39m tests/core/spawn-mach.test.ts ^[[2m(^[[22m^[[2m19 tests^[[22m^[[2m)^[[22m^[[32m 18^[[2mms^[[22m^[[39m
gate	Gate	2026-10-02T22:25:33.4291615Z  ^[[32m✓^[[39m ^[[30m^[[42m unit ^[[49m^[[39m tests/core/rvac.test.ts ^[[2m(^[[22m^[[2m13 tests^[[22m^[[2m)^[[22m^[[32m 19^[[2mms^[[22m^[[39m
gate	Gate	2026-10-02T22:25:33.5612805Z  ^[[32m✓^[[39m ^[[30m^[[42m unit ^[[49m^[[39m tests/core/wind.test.ts ^[[2m(^[[22m^[[2m10 tests^[[22m^[[2m)^[[22m^[[32m 23^[[2mms^[[22m^[[39m
gate	Gate	2026-10-02T22:25:33.6387772Z  ^[[32m✓^[[39m ^[[30m^[[42m unit ^[[49m^[[39m tests/ui/testids.test.ts ^[[2m(^[[22m^[[2m6 tests^[[22m^[[2m)^[[22m^[[32m 10^[[2mms^[[22m^[[39m
gate	Gate	2026-10-02T22:25:33.8254529Z  ^[[32m✓^[[39m ^[[30m^[[42m unit ^[[49m^[[39m tests/core/tank-empty.test.ts ^[[2m(^[[22m^[[2m4 tests^[[22m^[[2m)^[[22m^[[32m 14^[[2mms^[[22m^[[39m
gate	Gate	2026-10-02T22:25:33.8344718Z  ^[[32m✓^[[39m ^[[30m^[[42m unit ^[[49m^[[39m tests/hud/readouts.test.ts ^[[2m(^[[22m^[[2m9 tests^[[22m^[[2m)^[[22m^[[32m 10^[[2mms^[[22m^[[39m
gate	Gate	2026-10-02T22:25:34.0967558Z  ^[[32m✓^[[39m ^[[30m^[[42m unit ^[[49m^[[39m tests/core/felt-g.test.ts ^[[2m(^[[22m^[[2m4 tests^[[22m^[[2m)^[[22m^[[32m 15^[[2mms^[[22m^[[39m
gate	Gate	2026-10-02T22:25:34.1081869Z  ^[[32m✓^[[39m ^[[30m^[[42m unit ^[[49m^[[39m tests/core/heat-argument.test.ts ^[[2m(^[[22m^[[2m9 tests^[[22m^[[2m)^[[22m^[[32m 15^[[2mms^[[22m^[[39m
gate	Gate	2026-10-02T22:25:34.3237841Z  ^[[32m✓^[[39m ^[[30m^[[42m unit ^[[49m^[[39m tests/offline-classic.test.ts ^[[2m(^[[22m^[[2m3 tests^[[22m^[[2m)^[[22m^[[32m 12^[[2mms^[[22m^[[39m
gate	Gate	2026-10-02T22:25:34.5220438Z  ^[[32m✓^[[39m ^[[30m^[[42m unit ^[[49m^[[39m tests/hud/haptics.test.ts ^[[2m(^[[22m^[[2m8 tests^[[22m^[[2m)^[[22m^[[32m 9^[[2mms^[[22m^[[39m
gate	Gate	2026-10-02T22:25:35.2144825Z  ^[[32m✓^[[39m ^[[30m^[[42m unit ^[[49m^[[39m tests/ui/contrast.test.ts ^[[2m(^[[22m^[[2m12 tests^[[22m^[[2m)^[[22m^[[32m 11^[[2mms^[[22m^[[39m
gate	Gate	2026-10-02T22:25:35.4587439Z  ^[[32m✓^[[39m ^[[30m^[[42m unit ^[[49m^[[39m tests/core/analytic-laws.test.ts ^[[2m(^[[22m^[[2m14 tests^[[22m^[[2m)^[[22m^[[32m 8^[[2mms^[[22m^[[39m
gate	Gate	2026-10-02T22:25:35.6290986Z Not implemented: HTMLCanvasElement's getContext() method: without installing the canvas npm package
gate	Gate	2026-10-02T22:25:35.7057118Z  ^[[32m✓^[[39m ^[[30m^[[42m unit ^[[49m^[[39m tests/ui/tabular-digits.test.ts ^[[2m(^[[22m^[[2m22 tests^[[22m^[[2m)^[[22m^[[32m 12^[[2mms^[[22m^[[39m
gate	Gate	2026-10-02T22:25:35.7792668Z  ^[[32m✓^[[39m ^[[30m^[[42m unit ^[[49m^[[39m tests/ui/session.test.ts ^[[2m(^[[22m^[[2m7 tests^[[22m^[[2m)^[[22m^[[32m 18^[[2mms^[[22m^[[39m
gate	Gate	2026-10-02T22:25:35.9238323Z  ^[[32m✓^[[39m ^[[30m^[[42m unit ^[[49m^[[39m tests/reference/bands.test.ts ^[[2m(^[[22m^[[2m6 tests^[[22m^[[2m)^[[22m^[[32m 9^[[2mms^[[22m^[[39m
gate	Gate	2026-10-02T22:25:36.0635538Z  ^[[32m✓^[[39m ^[[30m^[[42m unit ^[[49m^[[39m tests/ui/guide.test.ts ^[[2m(^[[22m^[[2m5 tests^[[22m^[[2m)^[[22m^[[32m 14^[[2mms^[[22m^[[39m
gate	Gate	2026-10-02T22:25:36.1734280Z  ^[[32m✓^[[39m ^[[30m^[[42m unit ^[[49m^[[39m tests/core/failure-freshness.test.ts ^[[2m(^[[22m^[[2m7 tests^[[22m^[[2m)^[[22m^[[32m 21^[[2mms^[[22m^[[39m
gate	Gate	2026-10-02T22:25:36.2857432Z  ^[[32m✓^[[39m ^[[30m^[[42m unit ^[[49m^[[39m tests/core/landing-burn.test.ts ^[[2m(^[[22m^[[2m6 tests^[[22m^[[2m)^[[22m^[[32m 15^[[2mms^[[22m^[[39m
gate	Gate	2026-10-02T22:25:36.4208158Z  ^[[32m✓^[[39m ^[[30m^[[42m unit ^[[49m^[[39m tests/reference/ratchet.test.ts ^[[2m(^[[22m^[[2m3 tests^[[22m^[[2m)^[[22m^[[32m 10^[[2mms^[[22m^[[39m
gate	Gate	2026-10-02T22:25:36.7094907Z  ^[[32m✓^[[39m ^[[30m^[[42m unit ^[[49m^[[39m tests/ui/shell/fields-presets.test.ts ^[[2m(^[[22m^[[2m9 tests^[[22m^[[2m)^[[22m^[[32m 10^[[2mms^[[22m^[[39m
gate	Gate	2026-10-02T22:25:36.9027704Z  ^[[32m✓^[[39m ^[[30m^[[42m unit ^[[49m^[[39m tests/view/reentry.test.ts ^[[2m(^[[22m^[[2m8 tests^[[22m^[[2m)^[[22m^[[32m 10^[[2mms^[[22m^[[39m
gate	Gate	2026-10-02T22:25:37.0147859Z  ^[[32m✓^[[39m ^[[30m^[[42m unit ^[[49m^[[39m tests/proofs/rcs-reserve.test.ts ^[[2m(^[[22m^[[2m5 tests^[[22m^[[2m)^[[22m^[[32m 5^[[2mms^[[22m^[[39m
gate	Gate	2026-10-02T22:25:37.1571780Z  ^[[32m✓^[[39m ^[[30m^[[42m unit ^[[49m^[[39m tests/core/propellant.test.ts ^[[2m(^[[22m^[[2m3 tests^[[22m^[[2m)^[[22m^[[32m 9^[[2mms^[[22m^[[39m
gate	Gate	2026-10-02T22:25:37.3843109Z  ^[[32m✓^[[39m ^[[30m^[[42m unit ^[[49m^[[39m tests/ui/kit-boundary.test.ts ^[[2m(^[[22m^[[2m3 tests^[[22m^[[2m)^[[22m^[[32m 8^[[2mms^[[22m^[[39m
gate	Gate	2026-10-02T22:25:37.6206223Z  ^[[32m✓^[[39m ^[[30m^[[42m unit ^[[49m^[[39m tests/view/post.test.ts ^[[2m(^[[22m^[[2m12 tests^[[22m^[[2m)^[[22m^[[32m 7^[[2mms^[[22m^[[39m
gate	Gate	2026-10-02T22:25:37.6228624Z  ^[[32m✓^[[39m ^[[30m^[[42m unit ^[[49m^[[39m tests/view/zoom.test.ts ^[[2m(^[[22m^[[2m7 tests^[[22m^[[2m)^[[22m^[[32m 9^[[2mms^[[22m^[[39m
gate	Gate	2026-10-02T22:25:37.8587710Z  ^[[32m✓^[[39m ^[[30m^[[42m unit ^[[49m^[[39m tests/core/thermosphere.test.ts ^[[2m(^[[22m^[[2m10 tests^[[22m^[[2m)^[[22m^[[32m 7^[[2mms^[[22m^[[39m
gate	Gate	2026-10-02T22:25:38.1267908Z  ^[[32m✓^[[39m ^[[30m^[[42m unit ^[[49m^[[39m tests/core/final-descent-profile.test.ts ^[[2m(^[[22m^[[2m3 tests^[[22m^[[2m)^[[22m^[[32m 12^[[2mms^[[22m^[[39m
gate	Gate	2026-10-02T22:25:38.2308551Z  ^[[32m✓^[[39m ^[[30m^[[42m unit ^[[49m^[[39m tests/view/emission-blending.test.ts ^[[2m(^[[22m^[[2m3 tests^[[22m^[[2m)^[[22m^[[32m 7^[[2mms^[[22m^[[39m
gate	Gate	2026-10-02T22:25:39.7258996Z  ^[[32m✓^[[39m ^[[30m^[[42m unit ^[[49m^[[39m tests/view/dynamic-pressure.test.ts ^[[2m(^[[22m^[[2m20 tests^[[22m^[[2m)^[[22m^[[32m 68^[[2mms^[[22m^[[39m
gate	Gate	2026-10-02T22:25:40.4754973Z 
gate	Gate	2026-10-02T22:25:40.4771018Z ^[[2m Test Files ^[[22m ^[[1m^[[32m151 passed^[[39m^[[22m^[[90m (151)^[[39m
gate	Gate	2026-10-02T22:25:40.4785043Z ^[[2m      Tests ^[[22m ^[[1m^[[32m1993 passed^[[39m^[[22m^[[90m (1993)^[[39m
gate	Gate	2026-10-02T22:25:40.4785981Z ^[[2m   Start at ^[[22m 22:19:30
gate	Gate	2026-10-02T22:25:40.4788897Z ^[[2m   Duration ^[[22m 370.13s^[[2m (transform 5.08s, setup 3.99s, import 98.24s, tests 928.25s, environment 39.86s)^[[22m
gate	Gate	2026-10-02T22:25:40.4790715Z 
gate	Gate	2026-10-02T22:25:40.4860890Z ^[[34m % ^[[39m^[[2mCoverage report from ^[[22m^[[33mv8^[[39m
gate	Gate	2026-10-02T22:25:40.4926771Z -------------------|---------|----------|---------|---------|-------------------
gate	Gate	2026-10-02T22:25:40.4927892Z File               | % Stmts | % Branch | % Funcs | % Lines | Uncovered Line #s 
gate	Gate	2026-10-02T22:25:40.4928971Z -------------------|---------|----------|---------|---------|-------------------
gate	Gate	2026-10-02T22:25:40.4934635Z All files          |   99.46 |     99.1 |      99 |   99.63 |                   
gate	Gate	2026-10-02T22:25:40.4935953Z  core              |     100 |      100 |     100 |     100 |                   
gate	Gate	2026-10-02T22:25:40.4936898Z   constants.ts     |     100 |      100 |     100 |     100 |                   
gate	Gate	2026-10-02T22:25:40.4937749Z   rng.ts           |     100 |      100 |     100 |     100 |                   
gate	Gate	2026-10-02T22:25:40.4938605Z   scenarios.ts     |     100 |      100 |     100 |     100 |                   
gate	Gate	2026-10-02T22:25:40.4939462Z   state.ts         |     100 |      100 |     100 |     100 |                   
gate	Gate	2026-10-02T22:25:40.4940288Z   step.ts          |     100 |      100 |     100 |     100 |                   
gate	Gate	2026-10-02T22:25:40.4941082Z   units.ts         |     100 |      100 |     100 |     100 |                   
gate	Gate	2026-10-02T22:25:40.4941899Z  core/autopilot    |   99.68 |     99.2 |     100 |     100 |                   
gate	Gate	2026-10-02T22:25:40.4943321Z   index.ts         |   99.66 |    99.18 |     100 |     100 | 100,442           
gate	Gate	2026-10-02T22:25:40.4944220Z   landing-burn.ts  |     100 |      100 |     100 |     100 |                   
gate	Gate	2026-10-02T22:25:40.4945099Z  core/control      |   98.11 |    97.91 |   96.36 |   98.53 |                   
gate	Gate	2026-10-02T22:25:40.4946163Z   actuation.ts     |   97.61 |      100 |   88.88 |   97.43 | 188               
gate	Gate	2026-10-02T22:25:40.4947016Z   commands.ts      |   95.23 |       95 |   94.73 |   94.28 | 131-132           
gate	Gate	2026-10-02T22:25:40.4947824Z   ...ce-physics.ts |   97.81 |    95.45 |     100 |   99.18 | 284               
gate	Gate	2026-10-02T22:25:40.4948731Z   primitives.ts    |   99.33 |       99 |     100 |   99.31 | 244               
gate	Gate	2026-10-02T22:25:40.4949616Z  core/physics      |     100 |      100 |     100 |     100 |                   
gate	Gate	2026-10-02T22:25:40.4950438Z   aero.ts          |     100 |      100 |     100 |     100 |                   
gate	Gate	2026-10-02T22:25:40.4951270Z   atmosphere.ts    |     100 |      100 |     100 |     100 |                   
gate	Gate	2026-10-02T22:25:40.4952165Z   components.ts    |     100 |      100 |     100 |     100 |                   
gate	Gate	2026-10-02T22:25:40.4953051Z   engines.ts       |     100 |      100 |     100 |     100 |                   
gate	Gate	2026-10-02T22:25:40.4953904Z   gravity.ts       |     100 |      100 |     100 |     100 |                   
gate	Gate	2026-10-02T22:25:40.4954708Z   isa.ts           |     100 |      100 |     100 |     100 |                   
gate	Gate	2026-10-02T22:25:40.4955509Z   mass.ts          |     100 |      100 |     100 |     100 |                   
gate	Gate	2026-10-02T22:25:40.4956594Z   thermal.ts       |     100 |      100 |     100 |     100 |                   
gate	Gate	2026-10-02T22:25:40.4957413Z   wind.ts          |     100 |      100 |     100 |     100 |                   
gate	Gate	2026-10-02T22:25:40.4958344Z -------------------|---------|----------|---------|---------|-------------------
gate	Gate	2026-10-02T22:25:40.6579983Z 
gate	Gate	2026-10-02T22:25:40.6580682Z > starship-simulator-v2@0.1.0 test:e2e
gate	Gate	2026-10-02T22:25:40.6581556Z > playwright test --project=chromium --grep @smoke
gate	Gate	2026-10-02T22:25:40.6582375Z 
gate	Gate	2026-10-02T22:25:43.4779675Z 
gate	Gate	2026-10-02T22:25:43.4780329Z Running 13 tests using 1 worker
gate	Gate	2026-10-02T22:25:43.4780592Z 
gate	Gate	2026-10-02T22:25:55.0117301Z   ✓   1 [chromium] › tests/e2e/blackbox.spec.ts:55:1 › it draws the nine plots of the flight @smoke (10.2s)
gate	Gate	2026-10-02T22:26:41.6556003Z   ✓   2 [chromium] › tests/e2e/controls.spec.ts:68:1 › lighting the Raptors changes the flight @mobile @smoke (46.6s)
gate	Gate	2026-10-02T22:27:16.7697544Z   ✓   3 [chromium] › tests/e2e/intro.spec.ts:14:1 › the intro plays end to end and lands @smoke (35.1s)
gate	Gate	2026-10-02T22:27:38.0777152Z   ✘   4 [chromium] › tests/e2e/menu.spec.ts:17:1 › the menu opens, offers every preset, and closes @smoke (15.8s)
gate	Gate	2026-10-02T22:27:46.5356606Z 
gate	Gate	2026-10-02T22:27:46.5458777Z ##[error]  1) [chromium] › tests/e2e/menu.spec.ts:17:1 › the menu opens, offers every preset, and closes @smoke 
gate	Gate	    Error: expect(locator).toBeVisible() failed
gate	Gate	
gate	Gate	    Locator: locator('[data-testid="menu"]')
gate	Gate	    Expected: visible
gate	Gate	    Timeout: 5000ms
gate	Gate	    Error: element(s) not found
gate	Gate	
gate	Gate	    Call log:
gate	Gate	      - Expect "toBeVisible" with timeout 5000ms
gate	Gate	      - waiting for locator('[data-testid="menu"]')
gate	Gate	
gate	Gate	
gate	Gate	      12 |     .toBe(true);
gate	Gate	      13 |   await page.locator('[data-testid="open-menu"]').click();
gate	Gate	    > 14 |   await expect(page.locator('[data-testid="menu"]')).toBeVisible();
gate	Gate	         |                                                      ^
gate	Gate	      15 | }
gate	Gate	      16 |
gate	Gate	      17 | test('the menu opens, offers every preset, and closes @smoke', async ({ page }) => {
gate	Gate	        at openMenu (/home/runner/work/StarShipSimulator/StarShipSimulator/tests/e2e/menu.spec.ts:14:54)
gate	Gate	        at /home/runner/work/StarShipSimulator/StarShipSimulator/tests/e2e/menu.spec.ts:19:3
gate	Gate	2026-10-02T22:27:46.5504489Z   ✓   5 [chromium] › tests/e2e/menu.spec.ts:17:1 › the menu opens, offers every preset, and closes @smoke (retry #1) (7.7s)
gate	Gate	2026-10-02T22:28:11.4185398Z   ✘   6 [chromium] › tests/e2e/menu.spec.ts:58:1 › Configure starts the new flight and closes the menu @smoke (16.9s)
gate	Gate	2026-10-02T22:28:21.7791667Z 
gate	Gate	2026-10-02T22:28:21.7808833Z ##[error]  2) [chromium] › tests/e2e/menu.spec.ts:58:1 › Configure starts the new flight and closes the menu @smoke 
gate	Gate	    Error: expect(locator).toBeVisible() failed
gate	Gate	
gate	Gate	    Locator: locator('[data-testid="menu"]')
gate	Gate	    Expected: visible
gate	Gate	    Timeout: 5000ms
gate	Gate	    Error: element(s) not found
gate	Gate	
gate	Gate	    Call log:
gate	Gate	      - Expect "toBeVisible" with timeout 5000ms
gate	Gate	      - waiting for locator('[data-testid="menu"]')
gate	Gate	
gate	Gate	
gate	Gate	      12 |     .toBe(true);
gate	Gate	      13 |   await page.locator('[data-testid="open-menu"]').click();
gate	Gate	    > 14 |   await expect(page.locator('[data-testid="menu"]')).toBeVisible();
gate	Gate	         |                                                      ^
gate	Gate	      15 | }
gate	Gate	      16 |
gate	Gate	      17 | test('the menu opens, offers every preset, and closes @smoke', async ({ page }) => {
gate	Gate	        at openMenu (/home/runner/work/StarShipSimulator/StarShipSimulator/tests/e2e/menu.spec.ts:14:54)
gate	Gate	        at /home/runner/work/StarShipSimulator/StarShipSimulator/tests/e2e/menu.spec.ts:60:3
gate	Gate	2026-10-02T22:28:21.7836423Z   ✓   7 [chromium] › tests/e2e/menu.spec.ts:58:1 › Configure starts the new flight and closes the menu @smoke (retry #1) (9.5s)
gate	Gate	2026-10-02T22:28:28.9976543Z   ✓   8 [chromium] › tests/e2e/offline.spec.ts:45:1 › the whole app loads with the network off @mobile @smoke (7.2s)
gate	Gate	2026-10-02T22:28:35.6137667Z   ✓   9 [chromium] › tests/e2e/parity.spec.ts:18:1 › every 2021 flight control is present @smoke (6.6s)
gate	Gate	2026-10-02T22:28:45.6147440Z   ✓  10 [chromium] › tests/e2e/render.spec.ts:11:1 › every art asset loads @smoke (9.9s)
gate	Gate	2026-10-02T22:28:51.1890890Z   ✓  11 [chromium] › tests/e2e/smoke.spec.ts:13:1 › page loads with no console errors and no failed requests @mobile @smoke (5.5s)
gate	Gate	2026-10-02T22:28:51.6947644Z   ✓  12 [chromium] › tests/e2e/smoke.spec.ts:45:1 › loads no third-party origins @mobile @smoke (488ms)
gate	Gate	2026-10-02T22:28:52.4047399Z   ✓  13 [chromium] › tests/e2e/smoke.spec.ts:61:1 › canvas mounts @mobile @smoke (692ms)
gate	Gate	2026-10-02T22:28:58.3667399Z   ✓  14 [chromium] › tests/e2e/smoke.spec.ts:85:1 › the simulation runs behind the canvas @mobile @smoke (5.9s)
gate	Gate	2026-10-02T22:29:57.9513905Z [witness-plume] fire pixels below the ship: engines off 0, engines lit 569
gate	Gate	2026-10-02T22:29:59.2455143Z   ✓  15 [chromium] › tests/e2e/witness-plume.spec.ts:85:1 › engines lit draw fire below the ship, and engines off do not @smoke (1.0m)
gate	Gate	2026-10-02T22:30:05.8272722Z ##[notice]  2 flaky
gate	Gate	    [chromium] › tests/e2e/menu.spec.ts:17:1 › the menu opens, offers every preset, and closes @smoke 
gate	Gate	    [chromium] › tests/e2e/menu.spec.ts:58:1 › Configure starts the new flight and closes the menu @smoke 
gate	Gate	  11 passed (4.4m)
gate	Gate	2026-10-02T22:30:05.8275468Z 
gate	Gate	2026-10-02T22:30:05.8275497Z 
gate	Gate	2026-10-02T22:30:05.8276694Z   1) [chromium] › tests/e2e/menu.spec.ts:17:1 › the menu opens, offers every preset, and closes @smoke 
gate	Gate	2026-10-02T22:30:05.8277430Z 
gate	Gate	2026-10-02T22:30:05.8277744Z     Error: expect(locator).toBeVisible() failed
gate	Gate	2026-10-02T22:30:05.8278208Z 
gate	Gate	2026-10-02T22:30:05.8278490Z     Locator: locator('[data-testid="menu"]')
gate	Gate	2026-10-02T22:30:05.8279077Z     Expected: visible
gate	Gate	2026-10-02T22:30:05.8279490Z     Timeout: 5000ms
gate	Gate	2026-10-02T22:30:05.8279936Z     Error: element(s) not found
gate	Gate	2026-10-02T22:30:05.8280120Z 
gate	Gate	2026-10-02T22:30:05.8280218Z     Call log:
gate	Gate	2026-10-02T22:30:05.8280520Z       - Expect "toBeVisible" with timeout 5000ms
gate	Gate	2026-10-02T22:30:05.8280925Z       - waiting for locator('[data-testid="menu"]')
gate	Gate	2026-10-02T22:30:05.8281154Z 
gate	Gate	2026-10-02T22:30:05.8281161Z 
gate	Gate	2026-10-02T22:30:05.8281264Z       12 |     .toBe(true);
gate	Gate	2026-10-02T22:30:05.8281636Z       13 |   await page.locator('[data-testid="open-menu"]').click();
gate	Gate	2026-10-02T22:30:05.8282452Z     > 14 |   await expect(page.locator('[data-testid="menu"]')).toBeVisible();
gate	Gate	2026-10-02T22:30:05.8283010Z          |                                                      ^
gate	Gate	2026-10-02T22:30:05.8283317Z       15 | }
gate	Gate	2026-10-02T22:30:05.8283521Z       16 |
gate	Gate	2026-10-02T22:30:05.8284275Z       17 | test('the menu opens, offers every preset, and closes @smoke', async ({ page }) => {
gate	Gate	2026-10-02T22:30:05.8285042Z         at openMenu (/home/runner/work/StarShipSimulator/StarShipSimulator/tests/e2e/menu.spec.ts:14:54)
gate	Gate	2026-10-02T22:30:05.8287257Z         at /home/runner/work/StarShipSimulator/StarShipSimulator/tests/e2e/menu.spec.ts:19:3
gate	Gate	2026-10-02T22:30:05.8287656Z 
gate	Gate	2026-10-02T22:30:05.8288139Z     Error Context: test-results/menu-the-menu-opens-offers-every-preset-and-closes-smoke-chromium/error-context.md
gate	Gate	2026-10-02T22:30:05.8288637Z 
gate	Gate	2026-10-02T22:30:05.8289172Z   2) [chromium] › tests/e2e/menu.spec.ts:58:1 › Configure starts the new flight and closes the menu @smoke 
gate	Gate	2026-10-02T22:30:05.8289586Z 
gate	Gate	2026-10-02T22:30:05.8289748Z     Error: expect(locator).toBeVisible() failed
gate	Gate	2026-10-02T22:30:05.8289967Z 
gate	Gate	2026-10-02T22:30:05.8290105Z     Locator: locator('[data-testid="menu"]')
gate	Gate	2026-10-02T22:30:05.8290403Z     Expected: visible
gate	Gate	2026-10-02T22:30:05.8290626Z     Timeout: 5000ms
gate	Gate	2026-10-02T22:30:05.8290881Z     Error: element(s) not found
gate	Gate	2026-10-02T22:30:05.8291048Z 
gate	Gate	2026-10-02T22:30:05.8291195Z     Call log:
gate	Gate	2026-10-02T22:30:05.8291685Z       - Expect "toBeVisible" with timeout 5000ms
gate	Gate	2026-10-02T22:30:05.8292410Z       - waiting for locator('[data-testid="menu"]')
gate	Gate	2026-10-02T22:30:05.8292792Z 
gate	Gate	2026-10-02T22:30:05.8292802Z 
gate	Gate	2026-10-02T22:30:05.8292964Z       12 |     .toBe(true);
gate	Gate	2026-10-02T22:30:05.8293527Z       13 |   await page.locator('[data-testid="open-menu"]').click();
gate	Gate	2026-10-02T22:30:05.8294249Z     > 14 |   await expect(page.locator('[data-testid="menu"]')).toBeVisible();
gate	Gate	2026-10-02T22:30:05.8295196Z          |                                                      ^
gate	Gate	2026-10-02T22:30:05.8295906Z       15 | }
gate	Gate	2026-10-02T22:30:05.8296294Z       16 |
gate	Gate	2026-10-02T22:30:05.8297131Z       17 | test('the menu opens, offers every preset, and closes @smoke', async ({ page }) => {
gate	Gate	2026-10-02T22:30:05.8298334Z         at openMenu (/home/runner/work/StarShipSimulator/StarShipSimulator/tests/e2e/menu.spec.ts:14:54)
gate	Gate	2026-10-02T22:30:05.8299536Z         at /home/runner/work/StarShipSimulator/StarShipSimulator/tests/e2e/menu.spec.ts:60:3
gate	Gate	2026-10-02T22:30:05.8300427Z 
gate	Gate	2026-10-02T22:30:05.8301236Z     Error Context: test-results/menu-Configure-starts-the--ba5d4-t-and-closes-the-menu-smoke-chromium/error-context.md
gate	Gate	2026-10-02T22:30:05.8302111Z 
gate	Gate	2026-10-02T22:30:05.8302243Z   2 flaky
gate	Gate	2026-10-02T22:30:05.8303153Z     [chromium] › tests/e2e/menu.spec.ts:17:1 › the menu opens, offers every preset, and closes @smoke 
gate	Gate	2026-10-02T22:30:05.8304479Z     [chromium] › tests/e2e/menu.spec.ts:58:1 › Configure starts the new flight and closes the menu @smoke 
gate	Gate	2026-10-02T22:30:05.8305274Z   11 passed (4.4m)
gate	Gate	2026-10-02T22:30:05.9433277Z 
gate	Gate	2026-10-02T22:30:05.9434025Z > starship-simulator-v2@0.1.0 test:deploy
gate	Gate	2026-10-02T22:30:05.9434942Z > playwright test --config playwright.subpath.config.ts
gate	Gate	2026-10-02T22:30:05.9435431Z 
gate	Gate	2026-10-02T22:30:07.0566359Z 
gate	Gate	2026-10-02T22:30:07.0566953Z Running 5 tests using 1 worker
gate	Gate	2026-10-02T22:30:07.0567365Z 
gate	Gate	2026-10-02T22:30:09.8578072Z   ✓  1 tests/deploy/subpath.spec.ts:11:1 › the app loads and flies from a subdirectory (2.3s)
gate	Gate	2026-10-02T22:30:11.1756965Z   ✓  2 tests/deploy/subpath.spec.ts:36:1 › every asset is requested under the subpath (1.3s)
gate	Gate	2026-10-02T22:30:11.7470380Z   ✓  3 tests/deploy/subpath.spec.ts:59:1 › the service worker registers at the subpath scope and precaches it (543ms)
gate	Gate	2026-10-02T22:30:12.0828964Z   ✓  4 tests/deploy/subpath.spec.ts:82:1 › the install manifest stays under the subpath, and its icon is served (321ms)
gate	Gate	2026-10-02T22:30:13.4562069Z   ✓  5 tests/deploy/subpath.spec.ts:100:1 › it still works offline from a subdirectory (1.4s)
gate	Gate	2026-10-02T22:30:13.5209780Z 
gate	Gate	2026-10-02T22:30:13.5214818Z   5 passed (6.9s)
gate	Post Run actions/setup-node@v6	﻿2026-10-02T22:30:13.5626392Z Post job cleanup.
gate	Post Run actions/setup-node@v6	2026-10-02T22:30:13.6880330Z Cache hit occurred on the primary key node-cache-Linux-x64-npm-1edac62bc7bf12112173a9f527a930d37489418009792304d1d1887f25a12d90, not saving cache.
gate	Post Run actions/checkout@v7	﻿2026-10-02T22:30:13.7040536Z Post job cleanup.
gate	Post Run actions/checkout@v7	2026-10-02T22:30:13.7923631Z [command]/usr/bin/git version
gate	Post Run actions/checkout@v7	2026-10-02T22:30:13.7984178Z git version 2.55.0
gate	Post Run actions/checkout@v7	2026-10-02T22:30:13.8026428Z Temporarily overriding HOME='/home/runner/work/_temp/ad9b46bf-c143-418f-8ddd-94e9464fad72' before making global git config changes
gate	Post Run actions/checkout@v7	2026-10-02T22:30:13.8028051Z Adding repository directory to the temporary git global config as a safe directory
gate	Post Run actions/checkout@v7	2026-10-02T22:30:13.8033183Z [command]/usr/bin/git config --global --add safe.directory /home/runner/work/StarShipSimulator/StarShipSimulator
gate	Post Run actions/checkout@v7	2026-10-02T22:30:13.8072037Z Removing SSH command configuration
gate	Post Run actions/checkout@v7	2026-10-02T22:30:13.8079677Z [command]/usr/bin/git config --local --name-only --get-regexp core\.sshCommand
gate	Post Run actions/checkout@v7	2026-10-02T22:30:13.8124929Z [command]/usr/bin/git submodule foreach --recursive sh -c "git config --local --name-only --get-regexp 'core\.sshCommand' && git config --local --unset-all 'core.sshCommand' || :"
gate	Post Run actions/checkout@v7	2026-10-02T22:30:13.8387585Z Removing HTTP extra header
gate	Post Run actions/checkout@v7	2026-10-02T22:30:13.8393827Z [command]/usr/bin/git config --local --name-only --get-regexp http\.https\:\/\/github\.com\/\.extraheader
gate	Post Run actions/checkout@v7	2026-10-02T22:30:13.8433814Z [command]/usr/bin/git submodule foreach --recursive sh -c "git config --local --name-only --get-regexp 'http\.https\:\/\/github\.com\/\.extraheader' && git config --local --unset-all 'http.https://github.com/.extraheader' || :"
gate	Post Run actions/checkout@v7	2026-10-02T22:30:13.8742522Z Removing includeIf entries pointing to credentials config files
gate	Post Run actions/checkout@v7	2026-10-02T22:30:13.8752644Z [command]/usr/bin/git config --local --name-only --get-regexp ^includeIf\.gitdir:
gate	Post Run actions/checkout@v7	2026-10-02T22:30:13.8798857Z includeif.gitdir:/home/runner/work/StarShipSimulator/StarShipSimulator/.git.path
gate	Post Run actions/checkout@v7	2026-10-02T22:30:13.8802516Z includeif.gitdir:/home/runner/work/StarShipSimulator/StarShipSimulator/.git/worktrees/*.path
gate	Post Run actions/checkout@v7	2026-10-02T22:30:13.8803896Z includeif.gitdir:/github/workspace/.git.path
gate	Post Run actions/checkout@v7	2026-10-02T22:30:13.8804963Z includeif.gitdir:/github/workspace/.git/worktrees/*.path
gate	Post Run actions/checkout@v7	2026-10-02T22:30:13.8812917Z [command]/usr/bin/git config --local --get-all includeif.gitdir:/home/runner/work/StarShipSimulator/StarShipSimulator/.git.path
gate	Post Run actions/checkout@v7	2026-10-02T22:30:13.8850543Z /home/runner/work/_temp/git-credentials-c4cfeb86-df9d-471e-bb61-649045d1c3c4.config
gate	Post Run actions/checkout@v7	2026-10-02T22:30:13.8880517Z [command]/usr/bin/git config --local --unset includeif.gitdir:/home/runner/work/StarShipSimulator/StarShipSimulator/.git.path \/home\/runner\/work\/_temp\/git\-credentials\-c4cfeb86\-df9d\-471e\-bb61\-649045d1c3c4\.config
gate	Post Run actions/checkout@v7	2026-10-02T22:30:13.8960402Z [command]/usr/bin/git config --local --get-all includeif.gitdir:/home/runner/work/StarShipSimulator/StarShipSimulator/.git/worktrees/*.path
gate	Post Run actions/checkout@v7	2026-10-02T22:30:13.9006719Z /home/runner/work/_temp/git-credentials-c4cfeb86-df9d-471e-bb61-649045d1c3c4.config
gate	Post Run actions/checkout@v7	2026-10-02T22:30:13.9014854Z [command]/usr/bin/git config --local --unset includeif.gitdir:/home/runner/work/StarShipSimulator/StarShipSimulator/.git/worktrees/*.path \/home\/runner\/work\/_temp\/git\-credentials\-c4cfeb86\-df9d\-471e\-bb61\-649045d1c3c4\.config
gate	Post Run actions/checkout@v7	2026-10-02T22:30:13.9064577Z [command]/usr/bin/git config --local --get-all includeif.gitdir:/github/workspace/.git.path
gate	Post Run actions/checkout@v7	2026-10-02T22:30:13.9096603Z /github/runner_temp/git-credentials-c4cfeb86-df9d-471e-bb61-649045d1c3c4.config
gate	Post Run actions/checkout@v7	2026-10-02T22:30:13.9103902Z [command]/usr/bin/git config --local --unset includeif.gitdir:/github/workspace/.git.path \/github\/runner_temp\/git\-credentials\-c4cfeb86\-df9d\-471e\-bb61\-649045d1c3c4\.config
gate	Post Run actions/checkout@v7	2026-10-02T22:30:13.9142705Z [command]/usr/bin/git config --local --get-all includeif.gitdir:/github/workspace/.git/worktrees/*.path
gate	Post Run actions/checkout@v7	2026-10-02T22:30:13.9170023Z /github/runner_temp/git-credentials-c4cfeb86-df9d-471e-bb61-649045d1c3c4.config
gate	Post Run actions/checkout@v7	2026-10-02T22:30:13.9180297Z [command]/usr/bin/git config --local --unset includeif.gitdir:/github/workspace/.git/worktrees/*.path \/github\/runner_temp\/git\-credentials\-c4cfeb86\-df9d\-471e\-bb61\-649045d1c3c4\.config
gate	Post Run actions/checkout@v7	2026-10-02T22:30:13.9220769Z [command]/usr/bin/git submodule foreach --recursive git config --local --show-origin --name-only --get-regexp remote.origin.url
gate	Post Run actions/checkout@v7	2026-10-02T22:30:13.9456165Z Removing credentials config '/home/runner/work/_temp/git-credentials-c4cfeb86-df9d-471e-bb61-649045d1c3c4.config'
gate	Complete job	﻿2026-10-02T22:30:13.9608198Z Cleaning up orphan processes
repo hygiene	Set up job	﻿2026-10-02T22:15:17.3895272Z Current runner version: '2.337.0'
repo hygiene	Set up job	2026-10-02T22:15:17.3913296Z ##[group]Runner Image Provisioner
repo hygiene	Set up job	2026-10-02T22:15:17.3913985Z Hosted Compute Agent
repo hygiene	Set up job	2026-10-02T22:15:17.3914357Z Version: 20260901.588
repo hygiene	Set up job	2026-10-02T22:15:17.3914760Z Commit: f88ec8081b781fac6c440065ac7ff9e710ce3d0b
repo hygiene	Set up job	2026-10-02T22:15:17.3915194Z Build Date: 2026-09-01T19:56:44Z
repo hygiene	Set up job	2026-10-02T22:15:17.3915587Z Worker ID: {1b33f275-1863-473c-b182-9f05891abad6}
repo hygiene	Set up job	2026-10-02T22:15:17.3916204Z Azure Region: centralus
repo hygiene	Set up job	2026-10-02T22:15:17.3916548Z ##[endgroup]
repo hygiene	Set up job	2026-10-02T22:15:17.3917284Z ##[group]Operating System
repo hygiene	Set up job	2026-10-02T22:15:17.3917696Z Ubuntu
repo hygiene	Set up job	2026-10-02T22:15:17.3918008Z 24.04.5
repo hygiene	Set up job	2026-10-02T22:15:17.3918406Z LTS
repo hygiene	Set up job	2026-10-02T22:15:17.3918714Z ##[endgroup]
repo hygiene	Set up job	2026-10-02T22:15:17.3919029Z ##[group]Runner Image
repo hygiene	Set up job	2026-10-02T22:15:17.3919430Z Image: ubuntu-24.04
repo hygiene	Set up job	2026-10-02T22:15:17.3919764Z Version: 20260927.320.1
repo hygiene	Set up job	2026-10-02T22:15:17.3920407Z Included Software: https://github.com/actions/runner-images/blob/ubuntu24/20260927.320/images/ubuntu/Ubuntu2404-Readme.md
repo hygiene	Set up job	2026-10-02T22:15:17.3921387Z Image Release: https://github.com/actions/runner-images/releases/tag/ubuntu24%2F20260927.320
repo hygiene	Set up job	2026-10-02T22:15:17.3921967Z ##[endgroup]
repo hygiene	Set up job	2026-10-02T22:15:17.3923659Z ##[group]GITHUB_TOKEN Permissions
repo hygiene	Set up job	2026-10-02T22:15:17.3924977Z Actions: write
repo hygiene	Set up job	2026-10-02T22:15:17.3925328Z ArtifactMetadata: write
repo hygiene	Set up job	2026-10-02T22:15:17.3925744Z Attestations: write
repo hygiene	Set up job	2026-10-02T22:15:17.3926186Z Checks: write
repo hygiene	Set up job	2026-10-02T22:15:17.3926540Z CodeQuality: write
repo hygiene	Set up job	2026-10-02T22:15:17.3926920Z Contents: write
repo hygiene	Set up job	2026-10-02T22:15:17.3927255Z CopilotRequests: write
repo hygiene	Set up job	2026-10-02T22:15:17.3927621Z Deployments: write
repo hygiene	Set up job	2026-10-02T22:15:17.3927960Z Discussions: write
repo hygiene	Set up job	2026-10-02T22:15:17.3928320Z Drives: write
repo hygiene	Set up job	2026-10-02T22:15:17.3928690Z Issues: write
repo hygiene	Set up job	2026-10-02T22:15:17.3929009Z Metadata: read
repo hygiene	Set up job	2026-10-02T22:15:17.3929402Z Models: read
repo hygiene	Set up job	2026-10-02T22:15:17.3929739Z Packages: write
repo hygiene	Set up job	2026-10-02T22:15:17.3930090Z Pages: write
repo hygiene	Set up job	2026-10-02T22:15:17.3930449Z PullRequests: write
repo hygiene	Set up job	2026-10-02T22:15:17.3930791Z RepositoryProjects: write
repo hygiene	Set up job	2026-10-02T22:15:17.3931161Z SecurityEvents: write
repo hygiene	Set up job	2026-10-02T22:15:17.3931549Z Statuses: write
repo hygiene	Set up job	2026-10-02T22:15:17.3931936Z VulnerabilityAlerts: read
repo hygiene	Set up job	2026-10-02T22:15:17.3932320Z ##[endgroup]
repo hygiene	Set up job	2026-10-02T22:15:17.3933613Z Secret source: Actions
repo hygiene	Set up job	2026-10-02T22:15:17.3934165Z Cache mode: write
repo hygiene	Set up job	2026-10-02T22:15:17.3934616Z Prepare workflow directory
repo hygiene	Set up job	2026-10-02T22:15:17.4169234Z Prepare all required actions
repo hygiene	Set up job	2026-10-02T22:15:17.4200032Z Getting action download info
repo hygiene	Set up job	2026-10-02T22:15:17.6325608Z Download action repository 'actions/checkout@v7' (SHA:3d3c42e5aac5ba805825da76410c181273ba90b1)
repo hygiene	Set up job	2026-10-02T22:15:17.7829401Z Complete job name: repo hygiene
repo hygiene	Run actions/checkout@v7	﻿2026-10-02T22:15:17.8274428Z ##[group]Run actions/checkout@v7
repo hygiene	Run actions/checkout@v7	2026-10-02T22:15:17.8274939Z with:
repo hygiene	Run actions/checkout@v7	2026-10-02T22:15:17.8275206Z   repository: SteveIsnthere/StarShipSimulator
repo hygiene	Run actions/checkout@v7	2026-10-02T22:15:17.8277375Z   token: ***
repo hygiene	Run actions/checkout@v7	2026-10-02T22:15:17.8277617Z   ssh-strict: true
repo hygiene	Run actions/checkout@v7	2026-10-02T22:15:17.8277864Z   ssh-user: git
repo hygiene	Run actions/checkout@v7	2026-10-02T22:15:17.8278116Z   persist-credentials: true
repo hygiene	Run actions/checkout@v7	2026-10-02T22:15:17.8278411Z   clean: true
repo hygiene	Run actions/checkout@v7	2026-10-02T22:15:17.8278659Z   sparse-checkout-cone-mode: true
repo hygiene	Run actions/checkout@v7	2026-10-02T22:15:17.8278948Z   fetch-depth: 1
repo hygiene	Run actions/checkout@v7	2026-10-02T22:15:17.8279190Z   fetch-tags: false
repo hygiene	Run actions/checkout@v7	2026-10-02T22:15:17.8279441Z   show-progress: true
repo hygiene	Run actions/checkout@v7	2026-10-02T22:15:17.8279688Z   lfs: false
repo hygiene	Run actions/checkout@v7	2026-10-02T22:15:17.8279918Z   submodules: false
repo hygiene	Run actions/checkout@v7	2026-10-02T22:15:17.8280169Z   set-safe-directory: true
repo hygiene	Run actions/checkout@v7	2026-10-02T22:15:17.8280490Z   allow-unsafe-pr-checkout: false
repo hygiene	Run actions/checkout@v7	2026-10-02T22:15:17.8280850Z ##[endgroup]
repo hygiene	Run actions/checkout@v7	2026-10-02T22:15:17.8926149Z Syncing repository: SteveIsnthere/StarShipSimulator
repo hygiene	Run actions/checkout@v7	2026-10-02T22:15:17.8927652Z ##[group]Getting Git version info
repo hygiene	Run actions/checkout@v7	2026-10-02T22:15:17.8928326Z Working directory is '/home/runner/work/StarShipSimulator/StarShipSimulator'
repo hygiene	Run actions/checkout@v7	2026-10-02T22:15:17.8929357Z [command]/usr/bin/git version
repo hygiene	Run actions/checkout@v7	2026-10-02T22:15:17.9000665Z git version 2.55.0
repo hygiene	Run actions/checkout@v7	2026-10-02T22:15:17.9014185Z ##[endgroup]
repo hygiene	Run actions/checkout@v7	2026-10-02T22:15:17.9023117Z Temporarily overriding HOME='/home/runner/work/_temp/4e111227-3a02-466f-960f-e3bf072cf355' before making global git config changes
repo hygiene	Run actions/checkout@v7	2026-10-02T22:15:17.9024629Z Adding repository directory to the temporary git global config as a safe directory
repo hygiene	Run actions/checkout@v7	2026-10-02T22:15:17.9027532Z [command]/usr/bin/git config --global --add safe.directory /home/runner/work/StarShipSimulator/StarShipSimulator
repo hygiene	Run actions/checkout@v7	2026-10-02T22:15:17.9072442Z Deleting the contents of '/home/runner/work/StarShipSimulator/StarShipSimulator'
repo hygiene	Run actions/checkout@v7	2026-10-02T22:15:17.9074430Z ##[group]Determining repository object format
repo hygiene	Run actions/checkout@v7	2026-10-02T22:15:17.9075351Z ##[endgroup]
repo hygiene	Run actions/checkout@v7	2026-10-02T22:15:17.9076054Z ##[group]Initializing the repository
repo hygiene	Run actions/checkout@v7	2026-10-02T22:15:17.9078123Z [command]/usr/bin/git init /home/runner/work/StarShipSimulator/StarShipSimulator
repo hygiene	Run actions/checkout@v7	2026-10-02T22:15:17.9155104Z hint: Using 'master' as the name for the initial branch. This default branch name
repo hygiene	Run actions/checkout@v7	2026-10-02T22:15:17.9156067Z hint: will change to "main" in Git 3.0. To configure the initial branch name
repo hygiene	Run actions/checkout@v7	2026-10-02T22:15:17.9156880Z hint: to use in all of your new repositories, which will suppress this warning,
repo hygiene	Run actions/checkout@v7	2026-10-02T22:15:17.9157540Z hint: call:
repo hygiene	Run actions/checkout@v7	2026-10-02T22:15:17.9157876Z hint:
repo hygiene	Run actions/checkout@v7	2026-10-02T22:15:17.9158302Z hint: 	git config --global init.defaultBranch <name>
repo hygiene	Run actions/checkout@v7	2026-10-02T22:15:17.9158824Z hint:
repo hygiene	Run actions/checkout@v7	2026-10-02T22:15:17.9159313Z hint: Names commonly chosen instead of 'master' are 'main', 'trunk' and
repo hygiene	Run actions/checkout@v7	2026-10-02T22:15:17.9160139Z hint: 'development'. The just-created branch can be renamed via this command:
repo hygiene	Run actions/checkout@v7	2026-10-02T22:15:17.9160783Z hint:
repo hygiene	Run actions/checkout@v7	2026-10-02T22:15:17.9161130Z hint: 	git branch -m <name>
repo hygiene	Run actions/checkout@v7	2026-10-02T22:15:17.9161525Z hint:
repo hygiene	Run actions/checkout@v7	2026-10-02T22:15:17.9162047Z hint: Disable this message with "git config set advice.defaultBranchName false"
repo hygiene	Run actions/checkout@v7	2026-10-02T22:15:17.9163082Z Initialized empty Git repository in /home/runner/work/StarShipSimulator/StarShipSimulator/.git/
repo hygiene	Run actions/checkout@v7	2026-10-02T22:15:17.9171044Z [command]/usr/bin/git remote add origin https://github.com/SteveIsnthere/StarShipSimulator
repo hygiene	Run actions/checkout@v7	2026-10-02T22:15:17.9299023Z ##[endgroup]
repo hygiene	Run actions/checkout@v7	2026-10-02T22:15:17.9299676Z ##[group]Disabling automatic garbage collection
repo hygiene	Run actions/checkout@v7	2026-10-02T22:15:17.9302133Z [command]/usr/bin/git config --local gc.auto 0
repo hygiene	Run actions/checkout@v7	2026-10-02T22:15:17.9341943Z ##[endgroup]
repo hygiene	Run actions/checkout@v7	2026-10-02T22:15:17.9342671Z ##[group]Setting up auth
repo hygiene	Run actions/checkout@v7	2026-10-02T22:15:17.9343220Z Removing SSH command configuration
repo hygiene	Run actions/checkout@v7	2026-10-02T22:15:17.9346864Z [command]/usr/bin/git config --local --name-only --get-regexp core\.sshCommand
repo hygiene	Run actions/checkout@v7	2026-10-02T22:15:17.9380806Z [command]/usr/bin/git submodule foreach --recursive sh -c "git config --local --name-only --get-regexp 'core\.sshCommand' && git config --local --unset-all 'core.sshCommand' || :"
repo hygiene	Run actions/checkout@v7	2026-10-02T22:15:17.9667069Z Removing HTTP extra header
repo hygiene	Run actions/checkout@v7	2026-10-02T22:15:17.9671548Z [command]/usr/bin/git config --local --name-only --get-regexp http\.https\:\/\/github\.com\/\.extraheader
repo hygiene	Run actions/checkout@v7	2026-10-02T22:15:17.9699772Z [command]/usr/bin/git submodule foreach --recursive sh -c "git config --local --name-only --get-regexp 'http\.https\:\/\/github\.com\/\.extraheader' && git config --local --unset-all 'http.https://github.com/.extraheader' || :"
repo hygiene	Run actions/checkout@v7	2026-10-02T22:15:17.9868280Z Removing includeIf entries pointing to credentials config files
repo hygiene	Run actions/checkout@v7	2026-10-02T22:15:17.9872568Z [command]/usr/bin/git config --local --name-only --get-regexp ^includeIf\.gitdir:
repo hygiene	Run actions/checkout@v7	2026-10-02T22:15:17.9900324Z [command]/usr/bin/git submodule foreach --recursive git config --local --show-origin --name-only --get-regexp remote.origin.url
repo hygiene	Run actions/checkout@v7	2026-10-02T22:15:18.0071157Z [command]/usr/bin/git config --file /home/runner/work/_temp/git-credentials-c0ca2ac2-0d6c-46d8-ae5c-187137ca1d03.config http.https://github.com/.extraheader AUTHORIZATION: basic ***
repo hygiene	Run actions/checkout@v7	2026-10-02T22:15:18.0102768Z [command]/usr/bin/git config --local includeIf.gitdir:/home/runner/work/StarShipSimulator/StarShipSimulator/.git.path /home/runner/work/_temp/git-credentials-c0ca2ac2-0d6c-46d8-ae5c-187137ca1d03.config
repo hygiene	Run actions/checkout@v7	2026-10-02T22:15:18.0131117Z [command]/usr/bin/git config --local includeIf.gitdir:/home/runner/work/StarShipSimulator/StarShipSimulator/.git/worktrees/*.path /home/runner/work/_temp/git-credentials-c0ca2ac2-0d6c-46d8-ae5c-187137ca1d03.config
repo hygiene	Run actions/checkout@v7	2026-10-02T22:15:18.0161921Z [command]/usr/bin/git config --local includeIf.gitdir:/github/workspace/.git.path /github/runner_temp/git-credentials-c0ca2ac2-0d6c-46d8-ae5c-187137ca1d03.config
repo hygiene	Run actions/checkout@v7	2026-10-02T22:15:18.0189687Z [command]/usr/bin/git config --local includeIf.gitdir:/github/workspace/.git/worktrees/*.path /github/runner_temp/git-credentials-c0ca2ac2-0d6c-46d8-ae5c-187137ca1d03.config
repo hygiene	Run actions/checkout@v7	2026-10-02T22:15:18.0214538Z ##[endgroup]
repo hygiene	Run actions/checkout@v7	2026-10-02T22:15:18.0214979Z ##[group]Fetching the repository
repo hygiene	Run actions/checkout@v7	2026-10-02T22:15:18.0218931Z [command]/usr/bin/git -c protocol.version=2 fetch --no-tags --prune --no-recurse-submodules --depth=1 origin +c2ae5e46a25db0bdd63504a8f93d37056176b069:refs/remotes/origin/main
repo hygiene	Run actions/checkout@v7	2026-10-02T22:15:31.4548692Z From https://github.com/SteveIsnthere/StarShipSimulator
repo hygiene	Run actions/checkout@v7	2026-10-02T22:15:31.4549527Z  * [new ref]         c2ae5e46a25db0bdd63504a8f93d37056176b069 -> origin/main
repo hygiene	Run actions/checkout@v7	2026-10-02T22:15:31.4556011Z [command]/usr/bin/git branch --list --remote origin/main
repo hygiene	Run actions/checkout@v7	2026-10-02T22:15:31.4580182Z   origin/main
repo hygiene	Run actions/checkout@v7	2026-10-02T22:15:31.4585520Z [command]/usr/bin/git rev-parse refs/remotes/origin/main
repo hygiene	Run actions/checkout@v7	2026-10-02T22:15:31.4607336Z c2ae5e46a25db0bdd63504a8f93d37056176b069
repo hygiene	Run actions/checkout@v7	2026-10-02T22:15:31.4610260Z ##[endgroup]
repo hygiene	Run actions/checkout@v7	2026-10-02T22:15:31.4610699Z ##[group]Determining the checkout info
repo hygiene	Run actions/checkout@v7	2026-10-02T22:15:31.4614978Z ##[endgroup]
repo hygiene	Run actions/checkout@v7	2026-10-02T22:15:31.4621083Z [command]/usr/bin/git sparse-checkout disable
repo hygiene	Run actions/checkout@v7	2026-10-02T22:15:31.4660282Z [command]/usr/bin/git config --local --unset-all extensions.worktreeConfig
repo hygiene	Run actions/checkout@v7	2026-10-02T22:15:31.4687453Z ##[group]Checking out the ref
repo hygiene	Run actions/checkout@v7	2026-10-02T22:15:31.4689622Z [command]/usr/bin/git checkout --progress --force -B main refs/remotes/origin/main
repo hygiene	Run actions/checkout@v7	2026-10-02T22:15:32.1215868Z Switched to a new branch 'main'
repo hygiene	Run actions/checkout@v7	2026-10-02T22:15:32.1219171Z branch 'main' set up to track 'origin/main'.
repo hygiene	Run actions/checkout@v7	2026-10-02T22:15:32.1282054Z ##[endgroup]
repo hygiene	Run actions/checkout@v7	2026-10-02T22:15:32.1322958Z [command]/usr/bin/git log -1 --format=%H
repo hygiene	Run actions/checkout@v7	2026-10-02T22:15:32.1346103Z c2ae5e46a25db0bdd63504a8f93d37056176b069
repo hygiene	No .DS_Store tracked	﻿2026-10-02T22:15:32.1509364Z ##[group]Run if git ls-files | grep -F '.DS_Store'; then
repo hygiene	No .DS_Store tracked	2026-10-02T22:15:32.1509706Z ^[[36;1mif git ls-files | grep -F '.DS_Store'; then^[[0m
repo hygiene	No .DS_Store tracked	2026-10-02T22:15:32.1510006Z ^[[36;1m  echo "::error::.DS_Store files are tracked. Add to .gitignore and git rm --cached them."^[[0m
repo hygiene	No .DS_Store tracked	2026-10-02T22:15:32.1510274Z ^[[36;1m  exit 1^[[0m
repo hygiene	No .DS_Store tracked	2026-10-02T22:15:32.1510418Z ^[[36;1mfi^[[0m
repo hygiene	No .DS_Store tracked	2026-10-02T22:15:32.1723261Z shell: /usr/bin/bash -e {0}
repo hygiene	No .DS_Store tracked	2026-10-02T22:15:32.1723469Z ##[endgroup]
repo hygiene	No dependencies or build output tracked	﻿2026-10-02T22:15:32.1841706Z ##[group]Run if git ls-files | grep -E '(^|/)(node_modules|dist)/'; then
repo hygiene	No dependencies or build output tracked	2026-10-02T22:15:32.1842015Z ^[[36;1mif git ls-files | grep -E '(^|/)(node_modules|dist)/'; then^[[0m
repo hygiene	No dependencies or build output tracked	2026-10-02T22:15:32.1842260Z ^[[36;1m  echo "::error::node_modules or dist is tracked."^[[0m
repo hygiene	No dependencies or build output tracked	2026-10-02T22:15:32.1842458Z ^[[36;1m  exit 1^[[0m
repo hygiene	No dependencies or build output tracked	2026-10-02T22:15:32.1842606Z ^[[36;1mfi^[[0m
repo hygiene	No dependencies or build output tracked	2026-10-02T22:15:32.1888468Z shell: /usr/bin/bash -e {0}
repo hygiene	No dependencies or build output tracked	2026-10-02T22:15:32.1888641Z ##[endgroup]
repo hygiene	Post Run actions/checkout@v7	﻿2026-10-02T22:15:32.2092722Z Post job cleanup.
repo hygiene	Post Run actions/checkout@v7	2026-10-02T22:15:32.2617118Z [command]/usr/bin/git version
repo hygiene	Post Run actions/checkout@v7	2026-10-02T22:15:32.2646869Z git version 2.55.0
repo hygiene	Post Run actions/checkout@v7	2026-10-02T22:15:32.2666006Z Temporarily overriding HOME='/home/runner/work/_temp/3bc3836d-7341-4509-ad4b-fb41892cf1c2' before making global git config changes
repo hygiene	Post Run actions/checkout@v7	2026-10-02T22:15:32.2666784Z Adding repository directory to the temporary git global config as a safe directory
repo hygiene	Post Run actions/checkout@v7	2026-10-02T22:15:32.2668644Z [command]/usr/bin/git config --global --add safe.directory /home/runner/work/StarShipSimulator/StarShipSimulator
repo hygiene	Post Run actions/checkout@v7	2026-10-02T22:15:32.2693392Z Removing SSH command configuration
repo hygiene	Post Run actions/checkout@v7	2026-10-02T22:15:32.2697509Z [command]/usr/bin/git config --local --name-only --get-regexp core\.sshCommand
repo hygiene	Post Run actions/checkout@v7	2026-10-02T22:15:32.2723107Z [command]/usr/bin/git submodule foreach --recursive sh -c "git config --local --name-only --get-regexp 'core\.sshCommand' && git config --local --unset-all 'core.sshCommand' || :"
repo hygiene	Post Run actions/checkout@v7	2026-10-02T22:15:32.2908914Z Removing HTTP extra header
repo hygiene	Post Run actions/checkout@v7	2026-10-02T22:15:32.2914461Z [command]/usr/bin/git config --local --name-only --get-regexp http\.https\:\/\/github\.com\/\.extraheader
repo hygiene	Post Run actions/checkout@v7	2026-10-02T22:15:32.2943184Z [command]/usr/bin/git submodule foreach --recursive sh -c "git config --local --name-only --get-regexp 'http\.https\:\/\/github\.com\/\.extraheader' && git config --local --unset-all 'http.https://github.com/.extraheader' || :"
repo hygiene	Post Run actions/checkout@v7	2026-10-02T22:15:32.3153747Z Removing includeIf entries pointing to credentials config files
repo hygiene	Post Run actions/checkout@v7	2026-10-02T22:15:32.3158703Z [command]/usr/bin/git config --local --name-only --get-regexp ^includeIf\.gitdir:
repo hygiene	Post Run actions/checkout@v7	2026-10-02T22:15:32.3185334Z includeif.gitdir:/home/runner/work/StarShipSimulator/StarShipSimulator/.git.path
repo hygiene	Post Run actions/checkout@v7	2026-10-02T22:15:32.3186023Z includeif.gitdir:/home/runner/work/StarShipSimulator/StarShipSimulator/.git/worktrees/*.path
repo hygiene	Post Run actions/checkout@v7	2026-10-02T22:15:32.3186354Z includeif.gitdir:/github/workspace/.git.path
repo hygiene	Post Run actions/checkout@v7	2026-10-02T22:15:32.3186601Z includeif.gitdir:/github/workspace/.git/worktrees/*.path
repo hygiene	Post Run actions/checkout@v7	2026-10-02T22:15:32.3192281Z [command]/usr/bin/git config --local --get-all includeif.gitdir:/home/runner/work/StarShipSimulator/StarShipSimulator/.git.path
repo hygiene	Post Run actions/checkout@v7	2026-10-02T22:15:32.3213173Z /home/runner/work/_temp/git-credentials-c0ca2ac2-0d6c-46d8-ae5c-187137ca1d03.config
repo hygiene	Post Run actions/checkout@v7	2026-10-02T22:15:32.3220994Z [command]/usr/bin/git config --local --unset includeif.gitdir:/home/runner/work/StarShipSimulator/StarShipSimulator/.git.path \/home\/runner\/work\/_temp\/git\-credentials\-c0ca2ac2\-0d6c\-46d8\-ae5c\-187137ca1d03\.config
repo hygiene	Post Run actions/checkout@v7	2026-10-02T22:15:32.3256934Z [command]/usr/bin/git config --local --get-all includeif.gitdir:/home/runner/work/StarShipSimulator/StarShipSimulator/.git/worktrees/*.path
repo hygiene	Post Run actions/checkout@v7	2026-10-02T22:15:32.3286307Z /home/runner/work/_temp/git-credentials-c0ca2ac2-0d6c-46d8-ae5c-187137ca1d03.config
repo hygiene	Post Run actions/checkout@v7	2026-10-02T22:15:32.3293121Z [command]/usr/bin/git config --local --unset includeif.gitdir:/home/runner/work/StarShipSimulator/StarShipSimulator/.git/worktrees/*.path \/home\/runner\/work\/_temp\/git\-credentials\-c0ca2ac2\-0d6c\-46d8\-ae5c\-187137ca1d03\.config
repo hygiene	Post Run actions/checkout@v7	2026-10-02T22:15:32.3325440Z [command]/usr/bin/git config --local --get-all includeif.gitdir:/github/workspace/.git.path
repo hygiene	Post Run actions/checkout@v7	2026-10-02T22:15:32.3347384Z /github/runner_temp/git-credentials-c0ca2ac2-0d6c-46d8-ae5c-187137ca1d03.config
repo hygiene	Post Run actions/checkout@v7	2026-10-02T22:15:32.3353078Z [command]/usr/bin/git config --local --unset includeif.gitdir:/github/workspace/.git.path \/github\/runner_temp\/git\-credentials\-c0ca2ac2\-0d6c\-46d8\-ae5c\-187137ca1d03\.config
repo hygiene	Post Run actions/checkout@v7	2026-10-02T22:15:32.3383959Z [command]/usr/bin/git config --local --get-all includeif.gitdir:/github/workspace/.git/worktrees/*.path
repo hygiene	Post Run actions/checkout@v7	2026-10-02T22:15:32.3405653Z /github/runner_temp/git-credentials-c0ca2ac2-0d6c-46d8-ae5c-187137ca1d03.config
repo hygiene	Post Run actions/checkout@v7	2026-10-02T22:15:32.3412431Z [command]/usr/bin/git config --local --unset includeif.gitdir:/github/workspace/.git/worktrees/*.path \/github\/runner_temp\/git\-credentials\-c0ca2ac2\-0d6c\-46d8\-ae5c\-187137ca1d03\.config
repo hygiene	Post Run actions/checkout@v7	2026-10-02T22:15:32.3443601Z [command]/usr/bin/git submodule foreach --recursive git config --local --show-origin --name-only --get-regexp remote.origin.url
repo hygiene	Post Run actions/checkout@v7	2026-10-02T22:15:32.3622773Z Removing credentials config '/home/runner/work/_temp/git-credentials-c0ca2ac2-0d6c-46d8-ae5c-187137ca1d03.config'
repo hygiene	Complete job	﻿2026-10-02T22:15:32.3744014Z Cleaning up orphan processes
